trace_id,step_id,position,role,entity_confidence,evidence_coverage,redundancy,dependency_out_degree,freshness,lexical_cue,target,label
jiis_trace_0000,jiis_trace_0000_s1,1,query_decomposition,0.8129,0.7856,0.4355,3,0.5667,0.2671,clean,0
jiis_trace_0000,jiis_trace_0000_s2,2,entity_binding,0.3207,0.7905,0.2272,1,0.6822,0.5193,entity_binding_error,1
jiis_trace_0000,jiis_trace_0000_s3,3,evidence_retrieval,0.7912,0.7498,0.5776,2,0.6717,0.6934,clean,0
jiis_trace_0000,jiis_trace_0000_s4,4,relation_check,0.7793,0.7007,0.3733,2,0.6126,0.4149,clean,0
jiis_trace_0000,jiis_trace_0000_s5,5,conflict_check,0.7415,0.7651,0.2948,1,0.6036,0.5189,clean,0
jiis_trace_0000,jiis_trace_0000_s6,6,answer_synthesis,0.8805,0.7997,0.5507,0,0.6559,0.2399,clean,0
jiis_trace_0001,jiis_trace_0001_s1,1,query_decomposition,0.805,0.6993,0.245,1,0.7105,0.3483,clean,0
jiis_trace_0001,jiis_trace_0001_s2,2,entity_binding,0.8603,0.8635,0.2635,1,0.777,0.2035,clean,0
jiis_trace_0001,jiis_trace_0001_s3,3,evidence_retrieval,0.8768,0.331,0.0858,0,0.8391,0.3168,missing_evidence,1
jiis_trace_0001,jiis_trace_0001_s4,4,relation_check,0.8313,0.7504,0.4197,1,0.5811,0.7761,clean,0
jiis_trace_0001,jiis_trace_0001_s5,5,conflict_check,0.8971,0.7043,0.2731,1,0.7714,0.3293,clean,0
jiis_trace_0001,jiis_trace_0001_s6,6,answer_synthesis,0.8955,0.833,0.4709,0,0.6091,0.4518,clean,0
jiis_trace_0001,jiis_trace_0001_s7,7,query_decomposition,0.8127,0.89,0.2364,3,0.6319,0.4004,clean,0
jiis_trace_0002,jiis_trace_0002_s1,1,query_decomposition,0.7912,0.8303,0.3961,2,0.6745,0.4527,clean,0
jiis_trace_0002,jiis_trace_0002_s2,2,entity_binding,0.9105,0.8522,0.3544,3,0.6224,0.3091,clean,0
jiis_trace_0002,jiis_trace_0002_s3,3,evidence_retrieval,0.765,0.8768,0.839,1,0.7667,0.8351,duplicate_support,1
jiis_trace_0002,jiis_trace_0002_s4,4,relation_check,0.85,0.887,0.8497,3,0.8309,0.711,duplicate_support,1
jiis_trace_0002,jiis_trace_0002_s5,5,conflict_check,0.836,0.854,0.8276,1,0.7991,0.7084,duplicate_support,1
jiis_trace_0002,jiis_trace_0002_s6,6,answer_synthesis,0.8451,0.6614,0.4537,1,0.7602,0.5801,clean,0
jiis_trace_0002,jiis_trace_0002_s7,7,query_decomposition,0.918,0.843,0.2315,1,0.6823,0.3567,clean,0
jiis_trace_0002,jiis_trace_0002_s8,8,entity_binding,0.9,0.8478,0.1283,3,0.87,0.8481,clean,0
jiis_trace_0003,jiis_trace_0003_s1,1,query_decomposition,0.7595,0.8067,0.4497,1,0.7932,0.4493,clean,0
jiis_trace_0003,jiis_trace_0003_s2,2,entity_binding,0.7598,0.8295,0.5,3,0.6961,0.4619,dependency_bottleneck,1
jiis_trace_0003,jiis_trace_0003_s3,3,evidence_retrieval,0.803,0.8428,0.3338,3,0.839,0.2306,dependency_bottleneck,1
jiis_trace_0003,jiis_trace_0003_s4,4,relation_check,0.8798,0.8813,0.1788,2,0.7588,0.6108,clean,0
jiis_trace_0003,jiis_trace_0003_s5,5,conflict_check,0.8225,0.8048,0.133,3,0.8596,0.6584,clean,0
jiis_trace_0003,jiis_trace_0003_s6,6,answer_synthesis,0.8616,0.7068,0.3529,0,0.8773,0.534,clean,0
jiis_trace_0003,jiis_trace_0003_s7,7,query_decomposition,0.7426,0.8076,0.1891,2,0.6718,0.3028,clean,0
jiis_trace_0003,jiis_trace_0003_s8,8,entity_binding,0.8122,0.7337,0.4523,0,0.6803,0.3338,clean,0
jiis_trace_0003,jiis_trace_0003_s9,9,evidence_retrieval,0.9051,0.8639,0.3678,3,0.6116,0.7565,clean,0
jiis_trace_0004,jiis_trace_0004_s1,1,query_decomposition,0.8849,0.8706,0.386,0,0.8974,0.7067,clean,0
jiis_trace_0004,jiis_trace_0004_s2,2,entity_binding,0.797,0.7075,0.0963,1,0.6213,0.7212,clean,0
jiis_trace_0004,jiis_trace_0004_s3,3,evidence_retrieval,0.7917,0.7655,0.2515,1,0.778,0.6159,clean,0
jiis_trace_0004,jiis_trace_0004_s4,4,relation_check,0.8628,0.8658,0.5059,1,0.8901,0.8846,clean,0
jiis_trace_0004,jiis_trace_0004_s5,5,conflict_check,0.7608,0.6276,0.5679,2,0.2786,0.7183,temporal_conflict,1
jiis_trace_0004,jiis_trace_0004_s6,6,answer_synthesis,0.7983,0.8852,0.4558,1,0.7645,0.2512,clean,0
jiis_trace_0004,jiis_trace_0004_s7,7,query_decomposition,0.8598,0.7576,0.2603,3,0.8795,0.448,clean,0
jiis_trace_0004,jiis_trace_0004_s8,8,entity_binding,0.733,0.8605,0.2255,1,0.7335,0.8711,clean,0
jiis_trace_0004,jiis_trace_0004_s9,9,evidence_retrieval,0.8862,0.7152,0.373,1,0.8247,0.3347,clean,0
jiis_trace_0004,jiis_trace_0004_s10,10,relation_check,0.8505,0.7002,0.4283,0,0.6987,0.5322,clean,0
jiis_trace_0005,jiis_trace_0005_s1,1,query_decomposition,0.9176,0.796,0.3473,2,0.5667,0.6068,clean,0
jiis_trace_0005,jiis_trace_0005_s2,2,entity_binding,0.2918,0.7497,0.6204,3,0.6619,0.5595,entity_binding_error,1
jiis_trace_0005,jiis_trace_0005_s3,3,evidence_retrieval,0.867,0.7711,0.3509,1,0.7454,0.3591,clean,0
jiis_trace_0005,jiis_trace_0005_s4,4,relation_check,0.7613,0.8488,0.2679,3,0.5808,0.6785,clean,0
jiis_trace_0005,jiis_trace_0005_s5,5,conflict_check,0.768,0.6672,0.2434,1,0.8028,0.4202,clean,0
jiis_trace_0005,jiis_trace_0005_s6,6,answer_synthesis,0.8519,0.6608,0.4879,3,0.7636,0.4659,clean,0
jiis_trace_0006,jiis_trace_0006_s1,1,query_decomposition,0.8841,0.6204,0.4112,1,0.8566,0.7619,clean,0
jiis_trace_0006,jiis_trace_0006_s2,2,entity_binding,0.7752,0.8546,0.3594,3,0.7391,0.2271,clean,0
jiis_trace_0006,jiis_trace_0006_s3,3,evidence_retrieval,0.7636,0.3059,0.4533,1,0.7011,0.7524,missing_evidence,1
jiis_trace_0006,jiis_trace_0006_s4,4,relation_check,0.8599,0.6463,0.1364,3,0.6109,0.7432,clean,0
jiis_trace_0006,jiis_trace_0006_s5,5,conflict_check,0.9161,0.8535,0.4009,2,0.6575,0.7658,clean,0
jiis_trace_0006,jiis_trace_0006_s6,6,answer_synthesis,0.7611,0.7512,0.363,1,0.5567,0.7926,clean,0
jiis_trace_0006,jiis_trace_0006_s7,7,query_decomposition,0.7378,0.7826,0.1394,0,0.6114,0.3503,clean,0
jiis_trace_0007,jiis_trace_0007_s1,1,query_decomposition,0.8394,0.8048,0.467,2,0.6736,0.2986,clean,0
jiis_trace_0007,jiis_trace_0007_s2,2,entity_binding,0.9066,0.7799,0.1351,1,0.6388,0.8575,clean,0
jiis_trace_0007,jiis_trace_0007_s3,3,evidence_retrieval,0.8679,0.7812,0.8427,3,0.8074,0.6997,duplicate_support,1
jiis_trace_0007,jiis_trace_0007_s4,4,relation_check,0.8738,0.6422,0.8478,0,0.7794,0.4918,duplicate_support,1
jiis_trace_0007,jiis_trace_0007_s5,5,conflict_check,0.8343,0.7941,0.846,3,0.6815,0.4847,duplicate_support,1
jiis_trace_0007,jiis_trace_0007_s6,6,answer_synthesis,0.7541,0.6634,0.4258,0,0.749,0.7861,clean,0
jiis_trace_0007,jiis_trace_0007_s7,7,query_decomposition,0.8843,0.7255,0.1198,0,0.5754,0.8397,clean,0
jiis_trace_0007,jiis_trace_0007_s8,8,entity_binding,0.7533,0.7294,0.425,1,0.6531,0.344,clean,0
jiis_trace_0008,jiis_trace_0008_s1,1,query_decomposition,0.7371,0.8097,0.5551,2,0.8006,0.6386,clean,0
jiis_trace_0008,jiis_trace_0008_s2,2,entity_binding,0.8996,0.8,0.3479,3,0.863,0.7088,dependency_bottleneck,1
jiis_trace_0008,jiis_trace_0008_s3,3,evidence_retrieval,0.8542,0.8,0.1191,3,0.6274,0.382,dependency_bottleneck,1
jiis_trace_0008,jiis_trace_0008_s4,4,relation_check,0.7839,0.7055,0.3434,1,0.5785,0.7587,clean,0
jiis_trace_0008,jiis_trace_0008_s5,5,conflict_check,0.7258,0.8031,0.2677,2,0.5772,0.4983,clean,0
jiis_trace_0008,jiis_trace_0008_s6,6,answer_synthesis,0.8963,0.7469,0.0812,1,0.7114,0.2534,clean,0
jiis_trace_0008,jiis_trace_0008_s7,7,query_decomposition,0.755,0.8603,0.5675,1,0.8279,0.6711,clean,0
jiis_trace_0008,jiis_trace_0008_s8,8,entity_binding,0.898,0.6268,0.5192,0,0.5803,0.3512,clean,0
jiis_trace_0008,jiis_trace_0008_s9,9,evidence_retrieval,0.7919,0.8582,0.5955,0,0.8757,0.5048,clean,0
jiis_trace_0009,jiis_trace_0009_s1,1,query_decomposition,0.864,0.6248,0.087,1,0.6184,0.3508,clean,0
jiis_trace_0009,jiis_trace_0009_s2,2,entity_binding,0.8587,0.7324,0.4264,0,0.5614,0.5172,clean,0
jiis_trace_0009,jiis_trace_0009_s3,3,evidence_retrieval,0.9095,0.7739,0.2286,0,0.7093,0.3756,clean,0
jiis_trace_0009,jiis_trace_0009_s4,4,relation_check,0.8183,0.7768,0.512,1,0.6907,0.349,clean,0
jiis_trace_0009,jiis_trace_0009_s5,5,conflict_check,0.8261,0.7747,0.5564,2,0.2781,0.4186,temporal_conflict,1
jiis_trace_0009,jiis_trace_0009_s6,6,answer_synthesis,0.8809,0.6668,0.2682,3,0.6657,0.2093,clean,0
jiis_trace_0009,jiis_trace_0009_s7,7,query_decomposition,0.8856,0.8105,0.3169,2,0.6036,0.6278,clean,0
jiis_trace_0009,jiis_trace_0009_s8,8,entity_binding,0.829,0.7565,0.6008,0,0.7479,0.7081,clean,0
jiis_trace_0009,jiis_trace_0009_s9,9,evidence_retrieval,0.798,0.8171,0.3984,0,0.5988,0.7149,clean,0
jiis_trace_0009,jiis_trace_0009_s10,10,relation_check,0.8694,0.6753,0.3715,0,0.56,0.8231,clean,0
jiis_trace_0010,jiis_trace_0010_s1,1,query_decomposition,0.8628,0.65,0.1105,3,0.6818,0.651,clean,0
jiis_trace_0010,jiis_trace_0010_s2,2,entity_binding,0.333,0.7593,0.1657,0,0.8983,0.5732,entity_binding_error,1
jiis_trace_0010,jiis_trace_0010_s3,3,evidence_retrieval,0.7876,0.7561,0.5237,2,0.7733,0.7099,clean,0
jiis_trace_0010,jiis_trace_0010_s4,4,relation_check,0.8325,0.8624,0.5667,2,0.5958,0.3217,clean,0
jiis_trace_0010,jiis_trace_0010_s5,5,conflict_check,0.8866,0.8137,0.141,2,0.7642,0.5254,clean,0
jiis_trace_0010,jiis_trace_0010_s6,6,answer_synthesis,0.869,0.7028,0.2874,0,0.57,0.5085,clean,0
jiis_trace_0011,jiis_trace_0011_s1,1,query_decomposition,0.8154,0.7724,0.2679,2,0.7369,0.4044,clean,0
jiis_trace_0011,jiis_trace_0011_s2,2,entity_binding,0.7325,0.7828,0.5206,1,0.6571,0.7677,clean,0
jiis_trace_0011,jiis_trace_0011_s3,3,evidence_retrieval,0.7624,0.3179,0.1579,0,0.7682,0.8459,missing_evidence,1
jiis_trace_0011,jiis_trace_0011_s4,4,relation_check,0.7434,0.728,0.5546,1,0.8506,0.7892,clean,0
jiis_trace_0011,jiis_trace_0011_s5,5,conflict_check,0.8627,0.6526,0.3169,2,0.5977,0.7142,clean,0
jiis_trace_0011,jiis_trace_0011_s6,6,answer_synthesis,0.8565,0.6747,0.4011,2,0.8483,0.5686,clean,0
jiis_trace_0011,jiis_trace_0011_s7,7,query_decomposition,0.7218,0.8402,0.2786,0,0.7464,0.8218,clean,0
jiis_trace_0012,jiis_trace_0012_s1,1,query_decomposition,0.7656,0.6222,0.6101,1,0.8362,0.8014,clean,0
jiis_trace_0012,jiis_trace_0012_s2,2,entity_binding,0.8674,0.7382,0.0831,2,0.6728,0.4482,clean,0
jiis_trace_0012,jiis_trace_0012_s3,3,evidence_retrieval,0.7823,0.8434,0.8536,1,0.7144,0.4288,duplicate_support,1
jiis_trace_0012,jiis_trace_0012_s4,4,relation_check,0.8218,0.8986,0.8245,2,0.8989,0.4372,duplicate_support,1
jiis_trace_0012,jiis_trace_0012_s5,5,conflict_check,0.7791,0.6983,0.8226,3,0.6738,0.233,duplicate_support,1
jiis_trace_0012,jiis_trace_0012_s6,6,answer_synthesis,0.8032,0.7258,0.2734,3,0.7652,0.78,clean,0
jiis_trace_0012,jiis_trace_0012_s7,7,query_decomposition,0.7495,0.7193,0.104,3,0.6289,0.2621,clean,0
jiis_trace_0012,jiis_trace_0012_s8,8,entity_binding,0.9183,0.8852,0.1988,0,0.5948,0.6178,clean,0
jiis_trace_0013,jiis_trace_0013_s1,1,query_decomposition,0.7894,0.6662,0.121,2,0.5798,0.5783,clean,0
jiis_trace_0013,jiis_trace_0013_s2,2,entity_binding,0.8813,0.8,0.1832,3,0.5701,0.3282,dependency_bottleneck,1
jiis_trace_0013,jiis_trace_0013_s3,3,evidence_retrieval,0.8726,0.8,0.2671,3,0.7813,0.3743,dependency_bottleneck,1
jiis_trace_0013,jiis_trace_0013_s4,4,relation_check,0.8495,0.8336,0.1692,3,0.6644,0.5077,clean,0
jiis_trace_0013,jiis_trace_0013_s5,5,conflict_check,0.8593,0.7923,0.4288,3,0.6742,0.8153,clean,0
jiis_trace_0013,jiis_trace_0013_s6,6,answer_synthesis,0.8807,0.7261,0.1246,0,0.8994,0.6776,clean,0
jiis_trace_0013,jiis_trace_0013_s7,7,query_decomposition,0.7773,0.8563,0.2622,1,0.61,0.4613,clean,0
jiis_trace_0013,jiis_trace_0013_s8,8,entity_binding,0.9195,0.7405,0.1625,3,0.7692,0.5444,clean,0
jiis_trace_0013,jiis_trace_0013_s9,9,evidence_retrieval,0.895,0.6702,0.1456,1,0.7614,0.4427,clean,0
jiis_trace_0014,jiis_trace_0014_s1,1,query_decomposition,0.7812,0.8875,0.2444,1,0.6065,0.3779,clean,0
jiis_trace_0014,jiis_trace_0014_s2,2,entity_binding,0.7233,0.6238,0.3478,0,0.5523,0.3357,clean,0
jiis_trace_0014,jiis_trace_0014_s3,3,evidence_retrieval,0.8549,0.7268,0.414,1,0.6145,0.8644,clean,0
jiis_trace_0014,jiis_trace_0014_s4,4,relation_check,0.7808,0.7113,0.4674,0,0.8364,0.7925,clean,0
jiis_trace_0014,jiis_trace_0014_s5,5,conflict_check,0.86,0.6583,0.3595,1,0.2619,0.3584,temporal_conflict,1
jiis_trace_0014,jiis_trace_0014_s6,6,answer_synthesis,0.8254,0.8077,0.548,0,0.5979,0.569,clean,0
jiis_trace_0014,jiis_trace_0014_s7,7,query_decomposition,0.7995,0.6427,0.2875,2,0.6994,0.3139,clean,0
jiis_trace_0014,jiis_trace_0014_s8,8,entity_binding,0.7757,0.7942,0.5608,1,0.6292,0.8358,clean,0
jiis_trace_0014,jiis_trace_0014_s9,9,evidence_retrieval,0.7401,0.8474,0.4423,3,0.6495,0.3634,clean,0
jiis_trace_0014,jiis_trace_0014_s10,10,relation_check,0.7257,0.6775,0.2519,0,0.7892,0.8272,clean,0
jiis_trace_0015,jiis_trace_0015_s1,1,query_decomposition,0.7658,0.7345,0.1377,2,0.8366,0.8352,clean,0
jiis_trace_0015,jiis_trace_0015_s2,2,entity_binding,0.3175,0.8683,0.1095,2,0.844,0.5639,entity_binding_error,1
jiis_trace_0015,jiis_trace_0015_s3,3,evidence_retrieval,0.8765,0.7651,0.4951,2,0.5673,0.8949,clean,0
jiis_trace_0015,jiis_trace_0015_s4,4,relation_check,0.7361,0.6833,0.6152,1,0.5817,0.824,clean,0
jiis_trace_0015,jiis_trace_0015_s5,5,conflict_check,0.7757,0.8424,0.6061,1,0.5841,0.5668,clean,0
jiis_trace_0015,jiis_trace_0015_s6,6,answer_synthesis,0.8661,0.7369,0.2539,1,0.8672,0.5874,clean,0
jiis_trace_0016,jiis_trace_0016_s1,1,query_decomposition,0.8328,0.8524,0.1521,3,0.7549,0.7169,clean,0
jiis_trace_0016,jiis_trace_0016_s2,2,entity_binding,0.8475,0.6771,0.5995,2,0.5848,0.4814,clean,0
jiis_trace_0016,jiis_trace_0016_s3,3,evidence_retrieval,0.7674,0.3578,0.304,2,0.8363,0.7098,missing_evidence,1
jiis_trace_0016,jiis_trace_0016_s4,4,relation_check,0.7808,0.7509,0.4991,3,0.7401,0.3521,clean,0
jiis_trace_0016,jiis_trace_0016_s5,5,conflict_check,0.7778,0.7626,0.5335,1,0.8312,0.3915,clean,0
jiis_trace_0016,jiis_trace_0016_s6,6,answer_synthesis,0.8977,0.8578,0.4036,3,0.6243,0.3074,clean,0
jiis_trace_0016,jiis_trace_0016_s7,7,query_decomposition,0.8306,0.8311,0.3071,1,0.8268,0.7123,clean,0
jiis_trace_0017,jiis_trace_0017_s1,1,query_decomposition,0.8043,0.7951,0.3657,2,0.5681,0.5468,clean,0
jiis_trace_0017,jiis_trace_0017_s2,2,entity_binding,0.7886,0.8941,0.4935,2,0.7944,0.3547,clean,0
jiis_trace_0017,jiis_trace_0017_s3,3,evidence_retrieval,0.8147,0.8241,0.8456,0,0.7941,0.3924,duplicate_support,1
jiis_trace_0017,jiis_trace_0017_s4,4,relation_check,0.8392,0.7135,0.8249,1,0.6346,0.3669,duplicate_support,1
jiis_trace_0017,jiis_trace_0017_s5,5,conflict_check,0.8269,0.7175,0.8202,2,0.8309,0.2916,duplicate_support,1
jiis_trace_0017,jiis_trace_0017_s6,6,answer_synthesis,0.7684,0.8865,0.3873,1,0.8479,0.732,clean,0
jiis_trace_0017,jiis_trace_0017_s7,7,query_decomposition,0.8264,0.8525,0.3427,1,0.6438,0.273,clean,0
jiis_trace_0017,jiis_trace_0017_s8,8,entity_binding,0.7585,0.8225,0.3348,3,0.698,0.7917,clean,0
jiis_trace_0018,jiis_trace_0018_s1,1,query_decomposition,0.9085,0.7202,0.5204,2,0.811,0.5225,clean,0
jiis_trace_0018,jiis_trace_0018_s2,2,entity_binding,0.751,0.8,0.2276,3,0.7326,0.3022,dependency_bottleneck,1
jiis_trace_0018,jiis_trace_0018_s3,3,evidence_retrieval,0.8553,0.8,0.217,3,0.8058,0.7939,dependency_bottleneck,1
jiis_trace_0018,jiis_trace_0018_s4,4,relation_check,0.863,0.7071,0.4179,3,0.5861,0.6319,clean,0
jiis_trace_0018,jiis_trace_0018_s5,5,conflict_check,0.8923,0.8946,0.6109,0,0.8061,0.6691,clean,0
jiis_trace_0018,jiis_trace_0018_s6,6,answer_synthesis,0.8755,0.7793,0.5895,3,0.572,0.759,clean,0
jiis_trace_0018,jiis_trace_0018_s7,7,query_decomposition,0.752,0.6753,0.3254,1,0.6367,0.3254,clean,0
jiis_trace_0018,jiis_trace_0018_s8,8,entity_binding,0.8273,0.8893,0.5044,0,0.8542,0.4141,clean,0
jiis_trace_0018,jiis_trace_0018_s9,9,evidence_retrieval,0.8831,0.7069,0.2894,0,0.8034,0.5949,clean,0
jiis_trace_0019,jiis_trace_0019_s1,1,query_decomposition,0.7651,0.6438,0.1536,3,0.7047,0.4865,clean,0
jiis_trace_0019,jiis_trace_0019_s2,2,entity_binding,0.9169,0.6281,0.3436,3,0.6521,0.8058,clean,0
jiis_trace_0019,jiis_trace_0019_s3,3,evidence_retrieval,0.7241,0.6822,0.2552,0,0.7153,0.5897,clean,0
jiis_trace_0019,jiis_trace_0019_s4,4,relation_check,0.8311,0.7084,0.436,0,0.7733,0.2507,clean,0
jiis_trace_0019,jiis_trace_0019_s5,5,conflict_check,0.7505,0.6722,0.3751,3,0.2442,0.2586,temporal_conflict,1
jiis_trace_0019,jiis_trace_0019_s6,6,answer_synthesis,0.866,0.6298,0.4196,1,0.5558,0.2469,clean,0
jiis_trace_0019,jiis_trace_0019_s7,7,query_decomposition,0.8531,0.8034,0.1001,2,0.6214,0.8266,clean,0
jiis_trace_0019,jiis_trace_0019_s8,8,entity_binding,0.7869,0.7144,0.531,2,0.621,0.3897,clean,0
jiis_trace_0019,jiis_trace_0019_s9,9,evidence_retrieval,0.8145,0.6562,0.4039,1,0.6258,0.5321,clean,0
jiis_trace_0019,jiis_trace_0019_s10,10,relation_check,0.8448,0.6756,0.2313,2,0.5649,0.7193,clean,0
jiis_trace_0020,jiis_trace_0020_s1,1,query_decomposition,0.7882,0.8398,0.5646,1,0.5837,0.5448,clean,0
jiis_trace_0020,jiis_trace_0020_s2,2,entity_binding,0.2856,0.6433,0.3909,3,0.7607,0.2396,entity_binding_error,1
jiis_trace_0020,jiis_trace_0020_s3,3,evidence_retrieval,0.8359,0.6482,0.2823,3,0.7047,0.8849,clean,0
jiis_trace_0020,jiis_trace_0020_s4,4,relation_check,0.9038,0.6943,0.5598,2,0.5859,0.7596,clean,0
jiis_trace_0020,jiis_trace_0020_s5,5,conflict_check,0.8744,0.8782,0.4401,1,0.6879,0.8513,clean,0
jiis_trace_0020,jiis_trace_0020_s6,6,answer_synthesis,0.7338,0.6459,0.3463,0,0.7644,0.5069,clean,0
jiis_trace_0021,jiis_trace_0021_s1,1,query_decomposition,0.905,0.7397,0.0932,0,0.6027,0.3131,clean,0
jiis_trace_0021,jiis_trace_0021_s2,2,entity_binding,0.8609,0.8588,0.475,2,0.6477,0.7528,clean,0
jiis_trace_0021,jiis_trace_0021_s3,3,evidence_retrieval,0.7579,0.349,0.3925,2,0.8784,0.5712,missing_evidence,1
jiis_trace_0021,jiis_trace_0021_s4,4,relation_check,0.9014,0.867,0.3591,2,0.7436,0.433,clean,0
jiis_trace_0021,jiis_trace_0021_s5,5,conflict_check,0.9069,0.8381,0.5482,2,0.7645,0.851,clean,0
jiis_trace_0021,jiis_trace_0021_s6,6,answer_synthesis,0.7905,0.8387,0.4576,3,0.7917,0.6462,clean,0
jiis_trace_0021,jiis_trace_0021_s7,7,query_decomposition,0.8759,0.8234,0.2695,2,0.8955,0.4012,clean,0
jiis_trace_0022,jiis_trace_0022_s1,1,query_decomposition,0.8991,0.714,0.3097,3,0.5696,0.8682,clean,0
jiis_trace_0022,jiis_trace_0022_s2,2,entity_binding,0.7959,0.8596,0.2751,0,0.5673,0.7388,clean,0
jiis_trace_0022,jiis_trace_0022_s3,3,evidence_retrieval,0.8233,0.8617,0.8232,3,0.7493,0.5284,duplicate_support,1
jiis_trace_0022,jiis_trace_0022_s4,4,relation_check,0.7788,0.834,0.8542,0,0.6578,0.541,duplicate_support,1
jiis_trace_0022,jiis_trace_0022_s5,5,conflict_check,0.7512,0.6776,0.832,3,0.6718,0.609,duplicate_support,1
jiis_trace_0022,jiis_trace_0022_s6,6,answer_synthesis,0.7901,0.8088,0.2564,0,0.6906,0.5537,clean,0
jiis_trace_0022,jiis_trace_0022_s7,7,query_decomposition,0.7953,0.6449,0.4863,2,0.8519,0.4572,clean,0
jiis_trace_0022,jiis_trace_0022_s8,8,entity_binding,0.7336,0.7902,0.2676,3,0.6308,0.2437,clean,0
jiis_trace_0023,jiis_trace_0023_s1,1,query_decomposition,0.7304,0.6898,0.5692,0,0.7281,0.8147,clean,0
jiis_trace_0023,jiis_trace_0023_s2,2,entity_binding,0.8265,0.8195,0.2878,3,0.6173,0.7844,dependency_bottleneck,1
jiis_trace_0023,jiis_trace_0023_s3,3,evidence_retrieval,0.8799,0.8,0.0986,3,0.8361,0.368,dependency_bottleneck,1
jiis_trace_0023,jiis_trace_0023_s4,4,relation_check,0.7215,0.8047,0.6271,2,0.6586,0.6363,clean,0
jiis_trace_0023,jiis_trace_0023_s5,5,conflict_check,0.8104,0.8602,0.1955,3,0.6174,0.771,clean,0
jiis_trace_0023,jiis_trace_0023_s6,6,answer_synthesis,0.7815,0.7696,0.5824,0,0.6179,0.4441,clean,0
jiis_trace_0023,jiis_trace_0023_s7,7,query_decomposition,0.7548,0.8388,0.5022,0,0.6148,0.4409,clean,0
jiis_trace_0023,jiis_trace_0023_s8,8,entity_binding,0.8542,0.8845,0.1319,3,0.6076,0.6584,clean,0
jiis_trace_0023,jiis_trace_0023_s9,9,evidence_retrieval,0.7781,0.8209,0.4508,3,0.6449,0.788,clean,0
jiis_trace_0024,jiis_trace_0024_s1,1,query_decomposition,0.7696,0.8733,0.519,2,0.8048,0.678,clean,0
jiis_trace_0024,jiis_trace_0024_s2,2,entity_binding,0.7919,0.8232,0.3284,0,0.6085,0.2603,clean,0
jiis_trace_0024,jiis_trace_0024_s3,3,evidence_retrieval,0.8238,0.6565,0.4003,2,0.6603,0.4409,clean,0
jiis_trace_0024,jiis_trace_0024_s4,4,relation_check,0.8539,0.6828,0.3037,1,0.771,0.6734,clean,0
jiis_trace_0024,jiis_trace_0024_s5,5,conflict_check,0.8267,0.6583,0.3141,3,0.2469,0.4849,temporal_conflict,1
jiis_trace_0024,jiis_trace_0024_s6,6,answer_synthesis,0.8214,0.7257,0.3438,0,0.6941,0.2342,clean,0
jiis_trace_0024,jiis_trace_0024_s7,7,query_decomposition,0.8869,0.8394,0.3406,1,0.6198,0.4755,clean,0
jiis_trace_0024,jiis_trace_0024_s8,8,entity_binding,0.8605,0.6798,0.5473,1,0.5735,0.4303,clean,0
jiis_trace_0024,jiis_trace_0024_s9,9,evidence_retrieval,0.909,0.6834,0.0999,2,0.8973,0.8745,clean,0
jiis_trace_0024,jiis_trace_0024_s10,10,relation_check,0.7428,0.8177,0.4377,1,0.673,0.3735,clean,0
jiis_trace_0025,jiis_trace_0025_s1,1,query_decomposition,0.7849,0.718,0.5877,0,0.5633,0.8582,clean,0
jiis_trace_0025,jiis_trace_0025_s2,2,entity_binding,0.2966,0.6727,0.621,1,0.6971,0.8647,entity_binding_error,1
jiis_trace_0025,jiis_trace_0025_s3,3,evidence_retrieval,0.7803,0.7605,0.4404,1,0.7253,0.2096,clean,0
jiis_trace_0025,jiis_trace_0025_s4,4,relation_check,0.8811,0.6428,0.5523,1,0.6382,0.5451,clean,0
jiis_trace_0025,jiis_trace_0025_s5,5,conflict_check,0.7489,0.7852,0.1949,0,0.8839,0.6614,clean,0
jiis_trace_0025,jiis_trace_0025_s6,6,answer_synthesis,0.8119,0.7709,0.1204,2,0.7998,0.2927,clean,0
jiis_trace_0026,jiis_trace_0026_s1,1,query_decomposition,0.905,0.7498,0.297,1,0.8105,0.7157,clean,0
jiis_trace_0026,jiis_trace_0026_s2,2,entity_binding,0.8645,0.8402,0.3493,2,0.8274,0.7389,clean,0
jiis_trace_0026,jiis_trace_0026_s3,3,evidence_retrieval,0.8883,0.3112,0.2366,0,0.8027,0.6225,missing_evidence,1
jiis_trace_0026,jiis_trace_0026_s4,4,relation_check,0.9013,0.6668,0.1497,1,0.8533,0.2783,clean,0
jiis_trace_0026,jiis_trace_0026_s5,5,conflict_check,0.8765,0.8953,0.0931,3,0.8551,0.4251,clean,0
jiis_trace_0026,jiis_trace_0026_s6,6,answer_synthesis,0.9065,0.7641,0.5402,1,0.5901,0.8376,clean,0
jiis_trace_0026,jiis_trace_0026_s7,7,query_decomposition,0.9017,0.629,0.0976,0,0.7969,0.5503,clean,0
jiis_trace_0027,jiis_trace_0027_s1,1,query_decomposition,0.8895,0.8562,0.1745,3,0.704,0.3453,clean,0
jiis_trace_0027,jiis_trace_0027_s2,2,entity_binding,0.8793,0.8791,0.4509,2,0.5585,0.5801,clean,0
jiis_trace_0027,jiis_trace_0027_s3,3,evidence_retrieval,0.8064,0.8169,0.8377,0,0.7964,0.5607,duplicate_support,1
jiis_trace_0027,jiis_trace_0027_s4,4,relation_check,0.8062,0.7841,0.8377,3,0.663,0.6052,duplicate_support,1
jiis_trace_0027,jiis_trace_0027_s5,5,conflict_check,0.7754,0.8828,0.8247,0,0.5973,0.2319,duplicate_support,1
jiis_trace_0027,jiis_trace_0027_s6,6,answer_synthesis,0.9159,0.6228,0.1312,0,0.6435,0.5554,clean,0
jiis_trace_0027,jiis_trace_0027_s7,7,query_decomposition,0.7214,0.8582,0.5517,1,0.8868,0.6736,clean,0
jiis_trace_0027,jiis_trace_0027_s8,8,entity_binding,0.7992,0.6784,0.3069,3,0.8312,0.5742,clean,0
jiis_trace_0028,jiis_trace_0028_s1,1,query_decomposition,0.7934,0.6546,0.5249,2,0.6464,0.7166,clean,0
jiis_trace_0028,jiis_trace_0028_s2,2,entity_binding,0.892,0.8,0.5034,3,0.8343,0.6939,dependency_bottleneck,1
jiis_trace_0028,jiis_trace_0028_s3,3,evidence_retrieval,0.7458,0.8,0.2237,3,0.6184,0.3508,dependency_bottleneck,1
jiis_trace_0028,jiis_trace_0028_s4,4,relation_check,0.8448,0.8485,0.0866,3,0.6015,0.4563,clean,0
jiis_trace_0028,jiis_trace_0028_s5,5,conflict_check,0.7968,0.7987,0.5274,2,0.6998,0.6972,clean,0
jiis_trace_0028,jiis_trace_0028_s6,6,answer_synthesis,0.7798,0.7228,0.1992,0,0.8555,0.6364,clean,0
jiis_trace_0028,jiis_trace_0028_s7,7,query_decomposition,0.9131,0.6522,0.5248,3,0.7326,0.5951,clean,0
jiis_trace_0028,jiis_trace_0028_s8,8,entity_binding,0.7458,0.6721,0.5245,2,0.8564,0.5154,clean,0
jiis_trace_0028,jiis_trace_0028_s9,9,evidence_retrieval,0.734,0.825,0.2466,2,0.6683,0.4566,clean,0
jiis_trace_0029,jiis_trace_0029_s1,1,query_decomposition,0.8248,0.8274,0.4966,3,0.7935,0.8731,clean,0
jiis_trace_0029,jiis_trace_0029_s2,2,entity_binding,0.7651,0.8418,0.1375,0,0.8363,0.3529,clean,0
jiis_trace_0029,jiis_trace_0029_s3,3,evidence_retrieval,0.8534,0.6344,0.6218,3,0.738,0.7751,clean,0
jiis_trace_0029,jiis_trace_0029_s4,4,relation_check,0.8882,0.7854,0.1833,1,0.7877,0.5081,clean,0
jiis_trace_0029,jiis_trace_0029_s5,5,conflict_check,0.8347,0.7127,0.4802,1,0.2897,0.2212,temporal_conflict,1
jiis_trace_0029,jiis_trace_0029_s6,6,answer_synthesis,0.8108,0.7743,0.0935,1,0.7392,0.3261,clean,0
jiis_trace_0029,jiis_trace_0029_s7,7,query_decomposition,0.8083,0.7127,0.2691,3,0.7351,0.6345,clean,0
jiis_trace_0029,jiis_trace_0029_s8,8,entity_binding,0.7419,0.8365,0.427,0,0.6337,0.6089,clean,0
jiis_trace_0029,jiis_trace_0029_s9,9,evidence_retrieval,0.8378,0.7225,0.536,1,0.7514,0.8943,clean,0
jiis_trace_0029,jiis_trace_0029_s10,10,relation_check,0.8802,0.6804,0.3941,1,0.6189,0.2144,clean,0
jiis_trace_0030,jiis_trace_0030_s1,1,query_decomposition,0.7392,0.874,0.2353,2,0.5945,0.3446,clean,0
jiis_trace_0030,jiis_trace_0030_s2,2,entity_binding,0.312,0.6759,0.2887,3,0.6104,0.3908,entity_binding_error,1
jiis_trace_0030,jiis_trace_0030_s3,3,evidence_retrieval,0.7617,0.833,0.6298,2,0.5945,0.8187,clean,0
jiis_trace_0030,jiis_trace_0030_s4,4,relation_check,0.8278,0.8036,0.5618,3,0.7008,0.4249,clean,0
jiis_trace_0030,jiis_trace_0030_s5,5,conflict_check,0.9193,0.6447,0.5199,3,0.889,0.2266,clean,0
jiis_trace_0030,jiis_trace_0030_s6,6,answer_synthesis,0.7656,0.7035,0.2383,3,0.7578,0.8246,clean,0
jiis_trace_0031,jiis_trace_0031_s1,1,query_decomposition,0.7873,0.7008,0.4563,0,0.6068,0.8546,clean,0
jiis_trace_0031,jiis_trace_0031_s2,2,entity_binding,0.8921,0.8801,0.4569,2,0.8446,0.3637,clean,0
jiis_trace_0031,jiis_trace_0031_s3,3,evidence_retrieval,0.7462,0.3385,0.6257,0,0.6056,0.6149,missing_evidence,1
jiis_trace_0031,jiis_trace_0031_s4,4,relation_check,0.7202,0.8727,0.3248,3,0.7977,0.463,clean,0
jiis_trace_0031,jiis_trace_0031_s5,5,conflict_check,0.7488,0.8735,0.2939,1,0.5613,0.4608,clean,0
jiis_trace_0031,jiis_trace_0031_s6,6,answer_synthesis,0.8981,0.6725,0.1951,0,0.7177,0.3542,clean,0
jiis_trace_0031,jiis_trace_0031_s7,7,query_decomposition,0.8399,0.8599,0.0899,2,0.6758,0.6635,clean,0
jiis_trace_0032,jiis_trace_0032_s1,1,query_decomposition,0.8485,0.6601,0.4639,1,0.8376,0.7692,clean,0
jiis_trace_0032,jiis_trace_0032_s2,2,entity_binding,0.8158,0.8506,0.3284,3,0.6562,0.5813,clean,0
jiis_trace_0032,jiis_trace_0032_s3,3,evidence_retrieval,0.8786,0.7915,0.8541,0,0.8472,0.2059,duplicate_support,1
jiis_trace_0032,jiis_trace_0032_s4,4,relation_check,0.7874,0.867,0.8212,0,0.6837,0.4429,duplicate_support,1
jiis_trace_0032,jiis_trace_0032_s5,5,conflict_check,0.777,0.7795,0.8304,3,0.862,0.3832,duplicate_support,1
jiis_trace_0032,jiis_trace_0032_s6,6,answer_synthesis,0.8436,0.6428,0.407,2,0.5716,0.845,clean,0
jiis_trace_0032,jiis_trace_0032_s7,7,query_decomposition,0.7429,0.6279,0.3696,3,0.7534,0.71,clean,0
jiis_trace_0032,jiis_trace_0032_s8,8,entity_binding,0.8098,0.8533,0.4115,2,0.8141,0.7446,clean,0
jiis_trace_0033,jiis_trace_0033_s1,1,query_decomposition,0.7229,0.6723,0.384,0,0.7301,0.5183,clean,0
jiis_trace_0033,jiis_trace_0033_s2,2,entity_binding,0.8069,0.8,0.5642,3,0.8504,0.4787,dependency_bottleneck,1
jiis_trace_0033,jiis_trace_0033_s3,3,evidence_retrieval,0.7675,0.8,0.4077,3,0.5557,0.2052,dependency_bottleneck,1
jiis_trace_0033,jiis_trace_0033_s4,4,relation_check,0.9186,0.8706,0.4514,2,0.8508,0.3515,clean,0
jiis_trace_0033,jiis_trace_0033_s5,5,conflict_check,0.7892,0.8841,0.2878,1,0.5952,0.8662,clean,0
jiis_trace_0033,jiis_trace_0033_s6,6,answer_synthesis,0.7886,0.7086,0.4971,0,0.8573,0.7771,clean,0
jiis_trace_0033,jiis_trace_0033_s7,7,query_decomposition,0.7946,0.7391,0.5824,0,0.8485,0.6964,clean,0
jiis_trace_0033,jiis_trace_0033_s8,8,entity_binding,0.8422,0.8496,0.4769,1,0.6901,0.2777,clean,0
jiis_trace_0033,jiis_trace_0033_s9,9,evidence_retrieval,0.8533,0.8633,0.4027,2,0.8841,0.8831,clean,0
jiis_trace_0034,jiis_trace_0034_s1,1,query_decomposition,0.869,0.8327,0.2536,2,0.619,0.7997,clean,0
jiis_trace_0034,jiis_trace_0034_s2,2,entity_binding,0.8362,0.8322,0.1122,3,0.7039,0.4205,clean,0
jiis_trace_0034,jiis_trace_0034_s3,3,evidence_retrieval,0.8089,0.6999,0.3508,1,0.8213,0.7589,clean,0
jiis_trace_0034,jiis_trace_0034_s4,4,relation_check,0.8515,0.731,0.3723,3,0.5818,0.3458,clean,0
jiis_trace_0034,jiis_trace_0034_s5,5,conflict_check,0.8815,0.6761,0.6129,3,0.2405,0.706,temporal_conflict,1
jiis_trace_0034,jiis_trace_0034_s6,6,answer_synthesis,0.9036,0.7178,0.6034,0,0.6793,0.4228,clean,0
jiis_trace_0034,jiis_trace_0034_s7,7,query_decomposition,0.787,0.8493,0.6143,3,0.7014,0.2777,clean,0
jiis_trace_0034,jiis_trace_0034_s8,8,entity_binding,0.7465,0.807,0.4184,1,0.5873,0.5946,clean,0
jiis_trace_0034,jiis_trace_0034_s9,9,evidence_retrieval,0.7871,0.7706,0.2616,3,0.7441,0.4841,clean,0
jiis_trace_0034,jiis_trace_0034_s10,10,relation_check,0.7277,0.7712,0.4592,3,0.7115,0.7996,clean,0
jiis_trace_0035,jiis_trace_0035_s1,1,query_decomposition,0.8459,0.7096,0.2605,0,0.6683,0.6889,clean,0
jiis_trace_0035,jiis_trace_0035_s2,2,entity_binding,0.3063,0.8548,0.5093,2,0.8111,0.2741,entity_binding_error,1
jiis_trace_0035,jiis_trace_0035_s3,3,evidence_retrieval,0.7493,0.8735,0.3172,1,0.8578,0.3548,clean,0
jiis_trace_0035,jiis_trace_0035_s4,4,relation_check,0.8093,0.6269,0.2231,2,0.7013,0.2893,clean,0
jiis_trace_0035,jiis_trace_0035_s5,5,conflict_check,0.7704,0.7063,0.2112,2,0.5943,0.7369,clean,0
jiis_trace_0035,jiis_trace_0035_s6,6,answer_synthesis,0.8335,0.7051,0.083,1,0.6395,0.4004,clean,0
jiis_trace_0036,jiis_trace_0036_s1,1,query_decomposition,0.7731,0.6859,0.2653,1,0.8715,0.6956,clean,0
jiis_trace_0036,jiis_trace_0036_s2,2,entity_binding,0.7726,0.8296,0.5194,0,0.6609,0.6014,clean,0
jiis_trace_0036,jiis_trace_0036_s3,3,evidence_retrieval,0.8166,0.3074,0.2549,3,0.7225,0.827,missing_evidence,1
jiis_trace_0036,jiis_trace_0036_s4,4,relation_check,0.8136,0.8604,0.4304,3,0.6351,0.577,clean,0
jiis_trace_0036,jiis_trace_0036_s5,5,conflict_check,0.7269,0.8033,0.2731,1,0.8147,0.3148,clean,0
jiis_trace_0036,jiis_trace_0036_s6,6,answer_synthesis,0.8621,0.7716,0.1135,0,0.7529,0.5461,clean,0
jiis_trace_0036,jiis_trace_0036_s7,7,query_decomposition,0.8996,0.8362,0.3584,3,0.6435,0.7016,clean,0
jiis_trace_0037,jiis_trace_0037_s1,1,query_decomposition,0.7692,0.7775,0.611,0,0.7763,0.6958,clean,0
jiis_trace_0037,jiis_trace_0037_s2,2,entity_binding,0.8608,0.8571,0.3963,1,0.859,0.222,clean,0
jiis_trace_0037,jiis_trace_0037_s3,3,evidence_retrieval,0.9024,0.7994,0.8552,2,0.7183,0.8197,duplicate_support,1
jiis_trace_0037,jiis_trace_0037_s4,4,relation_check,0.8365,0.7128,0.8589,1,0.7293,0.251,duplicate_support,1
jiis_trace_0037,jiis_trace_0037_s5,5,conflict_check,0.8114,0.7454,0.8286,3,0.6456,0.4533,duplicate_support,1
jiis_trace_0037,jiis_trace_0037_s6,6,answer_synthesis,0.8612,0.634,0.1876,2,0.879,0.7157,clean,0
jiis_trace_0037,jiis_trace_0037_s7,7,query_decomposition,0.8747,0.7142,0.4224,1,0.5802,0.7917,clean,0
jiis_trace_0037,jiis_trace_0037_s8,8,entity_binding,0.8747,0.7367,0.5777,1,0.8206,0.7932,clean,0
jiis_trace_0038,jiis_trace_0038_s1,1,query_decomposition,0.7247,0.8133,0.5807,2,0.5952,0.7167,clean,0
jiis_trace_0038,jiis_trace_0038_s2,2,entity_binding,0.9064,0.8842,0.2244,3,0.7065,0.6446,dependency_bottleneck,1
jiis_trace_0038,jiis_trace_0038_s3,3,evidence_retrieval,0.8142,0.8,0.2626,3,0.5828,0.4991,dependency_bottleneck,1
jiis_trace_0038,jiis_trace_0038_s4,4,relation_check,0.8201,0.7036,0.2188,0,0.7226,0.5244,clean,0
jiis_trace_0038,jiis_trace_0038_s5,5,conflict_check,0.7893,0.7754,0.1425,1,0.7907,0.7381,clean,0
jiis_trace_0038,jiis_trace_0038_s6,6,answer_synthesis,0.7916,0.6923,0.4525,0,0.6839,0.5349,clean,0
jiis_trace_0038,jiis_trace_0038_s7,7,query_decomposition,0.8355,0.7876,0.191,0,0.8202,0.601,clean,0
jiis_trace_0038,jiis_trace_0038_s8,8,entity_binding,0.8696,0.8419,0.5687,2,0.7605,0.509,clean,0
jiis_trace_0038,jiis_trace_0038_s9,9,evidence_retrieval,0.8587,0.8205,0.4378,0,0.7546,0.3387,clean,0
jiis_trace_0039,jiis_trace_0039_s1,1,query_decomposition,0.7298,0.6406,0.5959,1,0.6426,0.3635,clean,0
jiis_trace_0039,jiis_trace_0039_s2,2,entity_binding,0.8148,0.8037,0.348,2,0.5662,0.2876,clean,0
jiis_trace_0039,jiis_trace_0039_s3,3,evidence_retrieval,0.7765,0.8595,0.1807,3,0.7629,0.2944,clean,0
jiis_trace_0039,jiis_trace_0039_s4,4,relation_check,0.826,0.8588,0.6295,3,0.8281,0.6086,clean,0
jiis_trace_0039,jiis_trace_0039_s5,5,conflict_check,0.798,0.7413,0.5631,2,0.2981,0.7489,temporal_conflict,1
jiis_trace_0039,jiis_trace_0039_s6,6,answer_synthesis,0.7295,0.823,0.3686,2,0.7733,0.6276,clean,0
jiis_trace_0039,jiis_trace_0039_s7,7,query_decomposition,0.9196,0.6321,0.6052,3,0.7323,0.8984,clean,0
jiis_trace_0039,jiis_trace_0039_s8,8,entity_binding,0.8544,0.7901,0.5061,1,0.6246,0.5616,clean,0
jiis_trace_0039,jiis_trace_0039_s9,9,evidence_retrieval,0.772,0.8055,0.1989,2,0.6913,0.7735,clean,0
jiis_trace_0039,jiis_trace_0039_s10,10,relation_check,0.7428,0.694,0.2359,0,0.7582,0.6109,clean,0
jiis_trace_0040,jiis_trace_0040_s1,1,query_decomposition,0.8612,0.8233,0.5148,1,0.6443,0.5274,clean,0
jiis_trace_0040,jiis_trace_0040_s2,2,entity_binding,0.2955,0.6952,0.415,3,0.5519,0.4123,entity_binding_error,1
jiis_trace_0040,jiis_trace_0040_s3,3,evidence_retrieval,0.8636,0.7054,0.4912,1,0.6329,0.7668,clean,0
jiis_trace_0040,jiis_trace_0040_s4,4,relation_check,0.7951,0.8635,0.1844,1,0.6254,0.2532,clean,0
jiis_trace_0040,jiis_trace_0040_s5,5,conflict_check,0.8657,0.7271,0.4835,0,0.7764,0.6616,clean,0
jiis_trace_0040,jiis_trace_0040_s6,6,answer_synthesis,0.8108,0.6353,0.536,0,0.5549,0.8615,clean,0
jiis_trace_0041,jiis_trace_0041_s1,1,query_decomposition,0.9193,0.6867,0.5754,1,0.8299,0.5679,clean,0
jiis_trace_0041,jiis_trace_0041_s2,2,entity_binding,0.9176,0.8689,0.1853,0,0.7275,0.8149,clean,0
jiis_trace_0041,jiis_trace_0041_s3,3,evidence_retrieval,0.8701,0.3252,0.4486,0,0.7911,0.7911,missing_evidence,1
jiis_trace_0041,jiis_trace_0041_s4,4,relation_check,0.8729,0.655,0.2776,1,0.7314,0.5269,clean,0
jiis_trace_0041,jiis_trace_0041_s5,5,conflict_check,0.8548,0.6498,0.2153,2,0.8481,0.73,clean,0
jiis_trace_0041,jiis_trace_0041_s6,6,answer_synthesis,0.8782,0.8749,0.5531,2,0.7351,0.3882,clean,0
jiis_trace_0041,jiis_trace_0041_s7,7,query_decomposition,0.8967,0.8309,0.5323,3,0.7128,0.4037,clean,0
jiis_trace_0042,jiis_trace_0042_s1,1,query_decomposition,0.7357,0.8007,0.2524,2,0.6965,0.4163,clean,0
jiis_trace_0042,jiis_trace_0042_s2,2,entity_binding,0.8864,0.8464,0.4771,3,0.5617,0.7679,clean,0
jiis_trace_0042,jiis_trace_0042_s3,3,evidence_retrieval,0.8163,0.7781,0.8283,3,0.8687,0.7788,duplicate_support,1
jiis_trace_0042,jiis_trace_0042_s4,4,relation_check,0.8348,0.8292,0.8426,1,0.8393,0.4136,duplicate_support,1
jiis_trace_0042,jiis_trace_0042_s5,5,conflict_check,0.7568,0.6883,0.8555,2,0.6967,0.6003,duplicate_support,1
jiis_trace_0042,jiis_trace_0042_s6,6,answer_synthesis,0.8523,0.6403,0.1057,1,0.7677,0.7383,clean,0
jiis_trace_0042,jiis_trace_0042_s7,7,query_decomposition,0.7994,0.6769,0.4015,1,0.6968,0.8286,clean,0
jiis_trace_0042,jiis_trace_0042_s8,8,entity_binding,0.7387,0.6762,0.2001,3,0.5647,0.6527,clean,0
jiis_trace_0043,jiis_trace_0043_s1,1,query_decomposition,0.7495,0.6351,0.4835,0,0.8085,0.4592,clean,0
jiis_trace_0043,jiis_trace_0043_s2,2,entity_binding,0.8031,0.8,0.1988,3,0.5977,0.6741,dependency_bottleneck,1
jiis_trace_0043,jiis_trace_0043_s3,3,evidence_retrieval,0.9045,0.8,0.1774,3,0.7696,0.6836,dependency_bottleneck,1
jiis_trace_0043,jiis_trace_0043_s4,4,relation_check,0.8742,0.7507,0.1423,0,0.6376,0.5511,clean,0
jiis_trace_0043,jiis_trace_0043_s5,5,conflict_check,0.8782,0.715,0.4495,0,0.6757,0.7853,clean,0
jiis_trace_0043,jiis_trace_0043_s6,6,answer_synthesis,0.8864,0.7682,0.2791,1,0.7511,0.6939,clean,0
jiis_trace_0043,jiis_trace_0043_s7,7,query_decomposition,0.7507,0.8304,0.3963,2,0.8109,0.412,clean,0
jiis_trace_0043,jiis_trace_0043_s8,8,entity_binding,0.827,0.651,0.3535,3,0.7445,0.4876,clean,0
jiis_trace_0043,jiis_trace_0043_s9,9,evidence_retrieval,0.9021,0.8728,0.084,2,0.6642,0.4882,clean,0
jiis_trace_0044,jiis_trace_0044_s1,1,query_decomposition,0.8667,0.7949,0.4981,0,0.7114,0.5395,clean,0
jiis_trace_0044,jiis_trace_0044_s2,2,entity_binding,0.8914,0.7681,0.2386,3,0.6666,0.3123,clean,0
jiis_trace_0044,jiis_trace_0044_s3,3,evidence_retrieval,0.816,0.8117,0.2542,1,0.683,0.8912,clean,0
jiis_trace_0044,jiis_trace_0044_s4,4,relation_check,0.7648,0.6312,0.3366,1,0.705,0.4693,clean,0
jiis_trace_0044,jiis_trace_0044_s5,5,conflict_check,0.803,0.7421,0.1145,2,0.2514,0.513,temporal_conflict,1
jiis_trace_0044,jiis_trace_0044_s6,6,answer_synthesis,0.8714,0.8008,0.6296,2,0.562,0.3238,clean,0
jiis_trace_0044,jiis_trace_0044_s7,7,query_decomposition,0.7911,0.7093,0.309,1,0.7494,0.8607,clean,0
jiis_trace_0044,jiis_trace_0044_s8,8,entity_binding,0.7236,0.8224,0.6214,2,0.5659,0.6993,clean,0
jiis_trace_0044,jiis_trace_0044_s9,9,evidence_retrieval,0.8058,0.6771,0.3831,1,0.5578,0.5126,clean,0
jiis_trace_0044,jiis_trace_0044_s10,10,relation_check,0.912,0.7423,0.2597,2,0.5959,0.7447,clean,0
jiis_trace_0045,jiis_trace_0045_s1,1,query_decomposition,0.8352,0.798,0.1833,0,0.8588,0.7989,clean,0
jiis_trace_0045,jiis_trace_0045_s2,2,entity_binding,0.3205,0.7402,0.3543,2,0.7644,0.7948,entity_binding_error,1
jiis_trace_0045,jiis_trace_0045_s3,3,evidence_retrieval,0.8129,0.845,0.3742,0,0.7256,0.7088,clean,0
jiis_trace_0045,jiis_trace_0045_s4,4,relation_check,0.7414,0.8645,0.2195,2,0.7648,0.2652,clean,0
jiis_trace_0045,jiis_trace_0045_s5,5,conflict_check,0.7769,0.7841,0.2076,3,0.6725,0.671,clean,0
jiis_trace_0045,jiis_trace_0045_s6,6,answer_synthesis,0.7511,0.741,0.1853,2,0.8964,0.8981,clean,0
jiis_trace_0046,jiis_trace_0046_s1,1,query_decomposition,0.8305,0.8834,0.1867,0,0.6871,0.3089,clean,0
jiis_trace_0046,jiis_trace_0046_s2,2,entity_binding,0.7676,0.6941,0.4993,3,0.6371,0.6004,clean,0
jiis_trace_0046,jiis_trace_0046_s3,3,evidence_retrieval,0.8998,0.3177,0.0817,0,0.8008,0.748,missing_evidence,1
jiis_trace_0046,jiis_trace_0046_s4,4,relation_check,0.9133,0.8003,0.4306,1,0.6185,0.4976,clean,0
jiis_trace_0046,jiis_trace_0046_s5,5,conflict_check,0.8697,0.7299,0.3776,1,0.6683,0.502,clean,0
jiis_trace_0046,jiis_trace_0046_s6,6,answer_synthesis,0.7993,0.7263,0.4434,1,0.6986,0.8402,clean,0
jiis_trace_0046,jiis_trace_0046_s7,7,query_decomposition,0.864,0.8965,0.279,0,0.7708,0.8804,clean,0
jiis_trace_0047,jiis_trace_0047_s1,1,query_decomposition,0.8223,0.8507,0.6014,2,0.6367,0.6178,clean,0
jiis_trace_0047,jiis_trace_0047_s2,2,entity_binding,0.7249,0.7357,0.2869,0,0.5954,0.4014,clean,0
jiis_trace_0047,jiis_trace_0047_s3,3,evidence_retrieval,0.7348,0.7208,0.8463,0,0.7644,0.6336,duplicate_support,1
jiis_trace_0047,jiis_trace_0047_s4,4,relation_check,0.8483,0.8769,0.8322,3,0.7593,0.5551,duplicate_support,1
jiis_trace_0047,jiis_trace_0047_s5,5,conflict_check,0.8903,0.6343,0.8403,3,0.6367,0.2236,duplicate_support,1
jiis_trace_0047,jiis_trace_0047_s6,6,answer_synthesis,0.7504,0.6301,0.421,0,0.6464,0.6174,clean,0
jiis_trace_0047,jiis_trace_0047_s7,7,query_decomposition,0.7222,0.6651,0.5857,3,0.6327,0.4452,clean,0
jiis_trace_0047,jiis_trace_0047_s8,8,entity_binding,0.8103,0.8696,0.3775,3,0.5527,0.3264,clean,0
jiis_trace_0048,jiis_trace_0048_s1,1,query_decomposition,0.9163,0.6923,0.2314,0,0.6509,0.4208,clean,0
jiis_trace_0048,jiis_trace_0048_s2,2,entity_binding,0.8448,0.8,0.2572,3,0.5797,0.8609,dependency_bottleneck,1
jiis_trace_0048,jiis_trace_0048_s3,3,evidence_retrieval,0.7299,0.8658,0.2852,3,0.5802,0.851,dependency_bottleneck,1
jiis_trace_0048,jiis_trace_0048_s4,4,relation_check,0.8896,0.8572,0.4686,1,0.5657,0.3965,clean,0
jiis_trace_0048,jiis_trace_0048_s5,5,conflict_check,0.7312,0.8824,0.2262,1,0.5854,0.2331,clean,0
jiis_trace_0048,jiis_trace_0048_s6,6,answer_synthesis,0.7932,0.6623,0.4493,1,0.8615,0.5752,clean,0
jiis_trace_0048,jiis_trace_0048_s7,7,query_decomposition,0.8598,0.6278,0.5089,0,0.8177,0.2401,clean,0
jiis_trace_0048,jiis_trace_0048_s8,8,entity_binding,0.806,0.7782,0.5066,3,0.5805,0.2081,clean,0
jiis_trace_0048,jiis_trace_0048_s9,9,evidence_retrieval,0.7615,0.82,0.1632,1,0.7079,0.5582,clean,0
jiis_trace_0049,jiis_trace_0049_s1,1,query_decomposition,0.7445,0.8491,0.422,3,0.8919,0.3927,clean,0
jiis_trace_0049,jiis_trace_0049_s2,2,entity_binding,0.8099,0.6334,0.3165,0,0.5551,0.7068,clean,0
jiis_trace_0049,jiis_trace_0049_s3,3,evidence_retrieval,0.8449,0.6306,0.0954,3,0.6631,0.7869,clean,0
jiis_trace_0049,jiis_trace_0049_s4,4,relation_check,0.8338,0.8501,0.1064,1,0.5776,0.6096,clean,0
jiis_trace_0049,jiis_trace_0049_s5,5,conflict_check,0.8446,0.6464,0.5312,0,0.2219,0.3244,temporal_conflict,1
jiis_trace_0049,jiis_trace_0049_s6,6,answer_synthesis,0.8118,0.8335,0.4896,1,0.5987,0.597,clean,0
jiis_trace_0049,jiis_trace_0049_s7,7,query_decomposition,0.8567,0.6276,0.3947,3,0.8005,0.5354,clean,0
jiis_trace_0049,jiis_trace_0049_s8,8,entity_binding,0.8201,0.748,0.3337,3,0.8479,0.6163,clean,0
jiis_trace_0049,jiis_trace_0049_s9,9,evidence_retrieval,0.8744,0.7779,0.5026,3,0.5613,0.7348,clean,0
jiis_trace_0049,jiis_trace_0049_s10,10,relation_check,0.7956,0.6997,0.1148,3,0.7183,0.5373,clean,0
jiis_trace_0050,jiis_trace_0050_s1,1,query_decomposition,0.8336,0.79,0.1821,3,0.6239,0.2141,clean,0
jiis_trace_0050,jiis_trace_0050_s2,2,entity_binding,0.3037,0.8935,0.4448,2,0.8951,0.7457,entity_binding_error,1
jiis_trace_0050,jiis_trace_0050_s3,3,evidence_retrieval,0.8484,0.6861,0.1619,0,0.7054,0.8498,clean,0
jiis_trace_0050,jiis_trace_0050_s4,4,relation_check,0.7369,0.6719,0.1624,2,0.7119,0.3663,clean,0
jiis_trace_0050,jiis_trace_0050_s5,5,conflict_check,0.8627,0.6629,0.6205,2,0.8063,0.7229,clean,0
jiis_trace_0050,jiis_trace_0050_s6,6,answer_synthesis,0.8575,0.7224,0.463,1,0.8374,0.5876,clean,0
jiis_trace_0051,jiis_trace_0051_s1,1,query_decomposition,0.8454,0.7376,0.085,2,0.6251,0.621,clean,0
jiis_trace_0051,jiis_trace_0051_s2,2,entity_binding,0.8905,0.7391,0.2637,3,0.5749,0.8422,clean,0
jiis_trace_0051,jiis_trace_0051_s3,3,evidence_retrieval,0.798,0.3323,0.3033,0,0.5588,0.2511,missing_evidence,1
jiis_trace_0051,jiis_trace_0051_s4,4,relation_check,0.9084,0.661,0.627,1,0.8995,0.2658,clean,0
jiis_trace_0051,jiis_trace_0051_s5,5,conflict_check,0.7425,0.7648,0.5743,2,0.6659,0.7123,clean,0
jiis_trace_0051,jiis_trace_0051_s6,6,answer_synthesis,0.8397,0.757,0.5746,2,0.6069,0.4842,clean,0
jiis_trace_0051,jiis_trace_0051_s7,7,query_decomposition,0.8522,0.8791,0.2575,2,0.7535,0.6114,clean,0
jiis_trace_0052,jiis_trace_0052_s1,1,query_decomposition,0.7653,0.7127,0.6189,3,0.7216,0.5282,clean,0
jiis_trace_0052,jiis_trace_0052_s2,2,entity_binding,0.7714,0.7134,0.1728,1,0.6586,0.8853,clean,0
jiis_trace_0052,jiis_trace_0052_s3,3,evidence_retrieval,0.806,0.7994,0.83,0,0.8291,0.323,duplicate_support,1
jiis_trace_0052,jiis_trace_0052_s4,4,relation_check,0.8925,0.8678,0.8346,3,0.6501,0.4097,duplicate_support,1
jiis_trace_0052,jiis_trace_0052_s5,5,conflict_check,0.724,0.7569,0.8258,1,0.5685,0.6458,duplicate_support,1
jiis_trace_0052,jiis_trace_0052_s6,6,answer_synthesis,0.8618,0.7205,0.2489,1,0.8708,0.4955,clean,0
jiis_trace_0052,jiis_trace_0052_s7,7,query_decomposition,0.825,0.8566,0.5499,1,0.5559,0.8797,clean,0
jiis_trace_0052,jiis_trace_0052_s8,8,entity_binding,0.7814,0.634,0.2213,0,0.6271,0.6923,clean,0
jiis_trace_0053,jiis_trace_0053_s1,1,query_decomposition,0.8619,0.8472,0.5716,0,0.82,0.3051,clean,0
jiis_trace_0053,jiis_trace_0053_s2,2,entity_binding,0.768,0.8,0.571,3,0.7151,0.5765,dependency_bottleneck,1
jiis_trace_0053,jiis_trace_0053_s3,3,evidence_retrieval,0.8942,0.8,0.5877,3,0.8455,0.8761,dependency_bottleneck,1
jiis_trace_0053,jiis_trace_0053_s4,4,relation_check,0.8412,0.6304,0.1291,1,0.6968,0.2538,clean,0
jiis_trace_0053,jiis_trace_0053_s5,5,conflict_check,0.7782,0.7937,0.2941,1,0.6942,0.5184,clean,0
jiis_trace_0053,jiis_trace_0053_s6,6,answer_synthesis,0.7902,0.7201,0.1993,0,0.8066,0.7524,clean,0
jiis_trace_0053,jiis_trace_0053_s7,7,query_decomposition,0.7441,0.8109,0.0873,1,0.6949,0.3595,clean,0
jiis_trace_0053,jiis_trace_0053_s8,8,entity_binding,0.8835,0.6204,0.5492,0,0.6117,0.5563,clean,0
jiis_trace_0053,jiis_trace_0053_s9,9,evidence_retrieval,0.7328,0.7598,0.1013,2,0.7308,0.4637,clean,0
jiis_trace_0054,jiis_trace_0054_s1,1,query_decomposition,0.8779,0.6242,0.3001,0,0.8556,0.6729,clean,0
jiis_trace_0054,jiis_trace_0054_s2,2,entity_binding,0.7605,0.8444,0.2798,0,0.6951,0.2124,clean,0
jiis_trace_0054,jiis_trace_0054_s3,3,evidence_retrieval,0.7578,0.6736,0.3765,0,0.5712,0.7028,clean,0
jiis_trace_0054,jiis_trace_0054_s4,4,relation_check,0.7249,0.6977,0.2349,3,0.835,0.314,clean,0
jiis_trace_0054,jiis_trace_0054_s5,5,conflict_check,0.801,0.6562,0.5145,0,0.2619,0.5016,temporal_conflict,1
jiis_trace_0054,jiis_trace_0054_s6,6,answer_synthesis,0.8446,0.6902,0.6294,1,0.6923,0.2415,clean,0
jiis_trace_0054,jiis_trace_0054_s7,7,query_decomposition,0.7759,0.7719,0.2334,2,0.7478,0.8675,clean,0
jiis_trace_0054,jiis_trace_0054_s8,8,entity_binding,0.8266,0.7601,0.2043,0,0.8212,0.5231,clean,0
jiis_trace_0054,jiis_trace_0054_s9,9,evidence_retrieval,0.7545,0.853,0.3446,0,0.6909,0.7981,clean,0
jiis_trace_0054,jiis_trace_0054_s10,10,relation_check,0.8002,0.7281,0.6269,3,0.6935,0.8904,clean,0
jiis_trace_0055,jiis_trace_0055_s1,1,query_decomposition,0.7942,0.8346,0.527,0,0.793,0.6367,clean,0
jiis_trace_0055,jiis_trace_0055_s2,2,entity_binding,0.3291,0.6365,0.4395,2,0.7804,0.3461,entity_binding_error,1
jiis_trace_0055,jiis_trace_0055_s3,3,evidence_retrieval,0.8872,0.6412,0.5393,3,0.657,0.3862,clean,0
jiis_trace_0055,jiis_trace_0055_s4,4,relation_check,0.7626,0.7667,0.3552,1,0.5804,0.671,clean,0
jiis_trace_0055,jiis_trace_0055_s5,5,conflict_check,0.8093,0.8792,0.4463,1,0.8796,0.4896,clean,0
jiis_trace_0055,jiis_trace_0055_s6,6,answer_synthesis,0.7269,0.738,0.4457,1,0.7911,0.8909,clean,0
jiis_trace_0056,jiis_trace_0056_s1,1,query_decomposition,0.8702,0.8799,0.2606,2,0.7743,0.5275,clean,0
jiis_trace_0056,jiis_trace_0056_s2,2,entity_binding,0.7266,0.6393,0.2636,3,0.7461,0.2223,clean,0
jiis_trace_0056,jiis_trace_0056_s3,3,evidence_retrieval,0.8098,0.332,0.4702,1,0.658,0.4152,missing_evidence,1
jiis_trace_0056,jiis_trace_0056_s4,4,relation_check,0.9069,0.7636,0.1181,3,0.6626,0.7558,clean,0
jiis_trace_0056,jiis_trace_0056_s5,5,conflict_check,0.7285,0.6767,0.2882,0,0.7142,0.3322,clean,0
jiis_trace_0056,jiis_trace_0056_s6,6,answer_synthesis,0.7854,0.7994,0.1764,3,0.6412,0.4708,clean,0
jiis_trace_0056,jiis_trace_0056_s7,7,query_decomposition,0.7589,0.8233,0.3799,3,0.6019,0.3687,clean,0
jiis_trace_0057,jiis_trace_0057_s1,1,query_decomposition,0.8987,0.8888,0.4312,2,0.6902,0.5879,clean,0
jiis_trace_0057,jiis_trace_0057_s2,2,entity_binding,0.7226,0.8012,0.1862,1,0.7412,0.7713,clean,0
jiis_trace_0057,jiis_trace_0057_s3,3,evidence_retrieval,0.7348,0.8333,0.8547,3,0.6973,0.3596,duplicate_support,1
jiis_trace_0057,jiis_trace_0057_s4,4,relation_check,0.8763,0.8235,0.8275,3,0.6995,0.2318,duplicate_support,1
jiis_trace_0057,jiis_trace_0057_s5,5,conflict_check,0.7425,0.6888,0.8412,0,0.7284,0.6363,duplicate_support,1
jiis_trace_0057,jiis_trace_0057_s6,6,answer_synthesis,0.7512,0.8253,0.5104,1,0.7504,0.4003,clean,0
jiis_trace_0057,jiis_trace_0057_s7,7,query_decomposition,0.771,0.7664,0.4556,3,0.6964,0.5765,clean,0
jiis_trace_0057,jiis_trace_0057_s8,8,entity_binding,0.8168,0.7902,0.2909,3,0.833,0.4568,clean,0
jiis_trace_0058,jiis_trace_0058_s1,1,query_decomposition,0.9072,0.6564,0.1232,0,0.6993,0.649,clean,0
jiis_trace_0058,jiis_trace_0058_s2,2,entity_binding,0.8258,0.8,0.4798,3,0.8062,0.8007,dependency_bottleneck,1
jiis_trace_0058,jiis_trace_0058_s3,3,evidence_retrieval,0.8777,0.8,0.1228,3,0.6314,0.8239,dependency_bottleneck,1
jiis_trace_0058,jiis_trace_0058_s4,4,relation_check,0.8222,0.8577,0.4057,3,0.6651,0.2378,clean,0
jiis_trace_0058,jiis_trace_0058_s5,5,conflict_check,0.8276,0.663,0.2101,2,0.7091,0.4984,clean,0
jiis_trace_0058,jiis_trace_0058_s6,6,answer_synthesis,0.7628,0.7656,0.1732,3,0.7054,0.2411,clean,0
jiis_trace_0058,jiis_trace_0058_s7,7,query_decomposition,0.8903,0.7691,0.4108,3,0.7035,0.6929,clean,0
jiis_trace_0058,jiis_trace_0058_s8,8,entity_binding,0.7712,0.7019,0.364,1,0.6008,0.5493,clean,0
jiis_trace_0058,jiis_trace_0058_s9,9,evidence_retrieval,0.8179,0.8446,0.4347,1,0.5867,0.327,clean,0
jiis_trace_0059,jiis_trace_0059_s1,1,query_decomposition,0.7925,0.865,0.5174,0,0.8139,0.8073,clean,0
jiis_trace_0059,jiis_trace_0059_s2,2,entity_binding,0.7878,0.6964,0.2892,1,0.6663,0.5892,clean,0
jiis_trace_0059,jiis_trace_0059_s3,3,evidence_retrieval,0.7415,0.645,0.4465,0,0.6772,0.4524,clean,0
jiis_trace_0059,jiis_trace_0059_s4,4,relation_check,0.7613,0.6467,0.4548,0,0.8667,0.2427,clean,0
jiis_trace_0059,jiis_trace_0059_s5,5,conflict_check,0.8435,0.6379,0.1122,0,0.2634,0.8866,temporal_conflict,1
jiis_trace_0059,jiis_trace_0059_s6,6,answer_synthesis,0.765,0.8789,0.2321,3,0.7412,0.4667,clean,0
jiis_trace_0059,jiis_trace_0059_s7,7,query_decomposition,0.866,0.849,0.3213,1,0.8407,0.8878,clean,0
jiis_trace_0059,jiis_trace_0059_s8,8,entity_binding,0.7926,0.7091,0.13,2,0.816,0.7741,clean,0
jiis_trace_0059,jiis_trace_0059_s9,9,evidence_retrieval,0.779,0.7434,0.4696,3,0.7045,0.5823,clean,0
jiis_trace_0059,jiis_trace_0059_s10,10,relation_check,0.8407,0.6443,0.4721,3,0.566,0.8247,clean,0
jiis_trace_0060,jiis_trace_0060_s1,1,query_decomposition,0.7238,0.6824,0.3981,3,0.5747,0.6662,clean,0
jiis_trace_0060,jiis_trace_0060_s2,2,entity_binding,0.3119,0.8665,0.5583,3,0.6323,0.3776,entity_binding_error,1
jiis_trace_0060,jiis_trace_0060_s3,3,evidence_retrieval,0.7992,0.8573,0.4446,2,0.6846,0.2321,clean,0
jiis_trace_0060,jiis_trace_0060_s4,4,relation_check,0.9106,0.8379,0.147,3,0.6196,0.2979,clean,0
jiis_trace_0060,jiis_trace_0060_s5,5,conflict_check,0.8747,0.6992,0.5018,2,0.8307,0.7317,clean,0
jiis_trace_0060,jiis_trace_0060_s6,6,answer_synthesis,0.8463,0.7545,0.5013,1,0.8211,0.3995,clean,0
jiis_trace_0061,jiis_trace_0061_s1,1,query_decomposition,0.7568,0.7128,0.1076,3,0.5576,0.8336,clean,0
jiis_trace_0061,jiis_trace_0061_s2,2,entity_binding,0.9009,0.7589,0.5625,2,0.8658,0.5946,clean,0
jiis_trace_0061,jiis_trace_0061_s3,3,evidence_retrieval,0.9199,0.3141,0.5939,0,0.8275,0.5873,missing_evidence,1
jiis_trace_0061,jiis_trace_0061_s4,4,relation_check,0.8256,0.6655,0.2867,1,0.8653,0.4915,clean,0
jiis_trace_0061,jiis_trace_0061_s5,5,conflict_check,0.9117,0.6611,0.13,2,0.6487,0.3887,clean,0
jiis_trace_0061,jiis_trace_0061_s6,6,answer_synthesis,0.7598,0.8698,0.1004,3,0.7435,0.5444,clean,0
jiis_trace_0061,jiis_trace_0061_s7,7,query_decomposition,0.8749,0.7791,0.5037,1,0.6576,0.6848,clean,0
jiis_trace_0062,jiis_trace_0062_s1,1,query_decomposition,0.8651,0.6898,0.2819,3,0.7898,0.2218,clean,0
jiis_trace_0062,jiis_trace_0062_s2,2,entity_binding,0.8674,0.6947,0.5346,3,0.8537,0.3998,clean,0
jiis_trace_0062,jiis_trace_0062_s3,3,evidence_retrieval,0.7425,0.6615,0.8458,1,0.8117,0.8484,duplicate_support,1
jiis_trace_0062,jiis_trace_0062_s4,4,relation_check,0.7923,0.8067,0.8575,3,0.7917,0.4548,duplicate_support,1
jiis_trace_0062,jiis_trace_0062_s5,5,conflict_check,0.8498,0.6633,0.8434,0,0.7106,0.2028,duplicate_support,1
jiis_trace_0062,jiis_trace_0062_s6,6,answer_synthesis,0.7231,0.8608,0.4049,2,0.6766,0.7307,clean,0
jiis_trace_0062,jiis_trace_0062_s7,7,query_decomposition,0.8381,0.6262,0.4556,3,0.8831,0.3661,clean,0
jiis_trace_0062,jiis_trace_0062_s8,8,entity_binding,0.7735,0.6433,0.187,2,0.8432,0.2558,clean,0
jiis_trace_0063,jiis_trace_0063_s1,1,query_decomposition,0.8388,0.6873,0.1943,3,0.8863,0.6277,clean,0
jiis_trace_0063,jiis_trace_0063_s2,2,entity_binding,0.7425,0.8,0.5942,3,0.6431,0.6299,dependency_bottleneck,1
jiis_trace_0063,jiis_trace_0063_s3,3,evidence_retrieval,0.8179,0.8,0.2462,3,0.6574,0.866,dependency_bottleneck,1
jiis_trace_0063,jiis_trace_0063_s4,4,relation_check,0.7828,0.7583,0.2356,3,0.702,0.339,clean,0
jiis_trace_0063,jiis_trace_0063_s5,5,conflict_check,0.8766,0.8452,0.252,2,0.8606,0.2459,clean,0
jiis_trace_0063,jiis_trace_0063_s6,6,answer_synthesis,0.8086,0.8482,0.5517,3,0.802,0.4795,clean,0
jiis_trace_0063,jiis_trace_0063_s7,7,query_decomposition,0.8411,0.727,0.5113,0,0.8273,0.8706,clean,0
jiis_trace_0063,jiis_trace_0063_s8,8,entity_binding,0.8502,0.7724,0.2305,0,0.7802,0.7254,clean,0
jiis_trace_0063,jiis_trace_0063_s9,9,evidence_retrieval,0.7898,0.7953,0.426,1,0.8175,0.7099,clean,0
jiis_trace_0064,jiis_trace_0064_s1,1,query_decomposition,0.8807,0.7964,0.4358,3,0.5962,0.3228,clean,0
jiis_trace_0064,jiis_trace_0064_s2,2,entity_binding,0.7853,0.8152,0.1004,3,0.8709,0.8532,clean,0
jiis_trace_0064,jiis_trace_0064_s3,3,evidence_retrieval,0.8537,0.6975,0.5407,0,0.892,0.5023,clean,0
jiis_trace_0064,jiis_trace_0064_s4,4,relation_check,0.8486,0.7761,0.2507,1,0.7867,0.556,clean,0
jiis_trace_0064,jiis_trace_0064_s5,5,conflict_check,0.8058,0.8818,0.431,1,0.29,0.3428,temporal_conflict,1
jiis_trace_0064,jiis_trace_0064_s6,6,answer_synthesis,0.8759,0.8049,0.1957,2,0.6744,0.3165,clean,0
jiis_trace_0064,jiis_trace_0064_s7,7,query_decomposition,0.8569,0.7139,0.1,3,0.7671,0.6512,clean,0
jiis_trace_0064,jiis_trace_0064_s8,8,entity_binding,0.8051,0.8249,0.4747,1,0.7748,0.5309,clean,0
jiis_trace_0064,jiis_trace_0064_s9,9,evidence_retrieval,0.8284,0.7786,0.599,0,0.8833,0.4997,clean,0
jiis_trace_0064,jiis_trace_0064_s10,10,relation_check,0.8626,0.6448,0.487,2,0.7309,0.6102,clean,0
jiis_trace_0065,jiis_trace_0065_s1,1,query_decomposition,0.8056,0.8757,0.5055,1,0.6021,0.6661,clean,0
jiis_trace_0065,jiis_trace_0065_s2,2,entity_binding,0.2958,0.6776,0.5738,2,0.765,0.5162,entity_binding_error,1
jiis_trace_0065,jiis_trace_0065_s3,3,evidence_retrieval,0.9183,0.8831,0.1211,0,0.7532,0.6246,clean,0
jiis_trace_0065,jiis_trace_0065_s4,4,relation_check,0.7489,0.8512,0.2739,3,0.8805,0.4279,clean,0
jiis_trace_0065,jiis_trace_0065_s5,5,conflict_check,0.8203,0.8032,0.2061,0,0.5557,0.8093,clean,0
jiis_trace_0065,jiis_trace_0065_s6,6,answer_synthesis,0.7929,0.665,0.2366,0,0.5614,0.8168,clean,0
jiis_trace_0066,jiis_trace_0066_s1,1,query_decomposition,0.8136,0.7917,0.406,1,0.6443,0.6974,clean,0
jiis_trace_0066,jiis_trace_0066_s2,2,entity_binding,0.7335,0.8726,0.1804,3,0.6576,0.8795,clean,0
jiis_trace_0066,jiis_trace_0066_s3,3,evidence_retrieval,0.759,0.3136,0.4925,1,0.646,0.3894,missing_evidence,1
jiis_trace_0066,jiis_trace_0066_s4,4,relation_check,0.8122,0.6234,0.3086,0,0.6442,0.684,clean,0
jiis_trace_0066,jiis_trace_0066_s5,5,conflict_check,0.7356,0.8095,0.4653,1,0.6532,0.21,clean,0
jiis_trace_0066,jiis_trace_0066_s6,6,answer_synthesis,0.9096,0.8336,0.5342,3,0.6666,0.4197,clean,0
jiis_trace_0066,jiis_trace_0066_s7,7,query_decomposition,0.9108,0.8175,0.1949,0,0.7484,0.2904,clean,0
jiis_trace_0067,jiis_trace_0067_s1,1,query_decomposition,0.8357,0.651,0.2102,1,0.571,0.6791,clean,0
jiis_trace_0067,jiis_trace_0067_s2,2,entity_binding,0.7448,0.836,0.1814,2,0.6183,0.3598,clean,0
jiis_trace_0067,jiis_trace_0067_s3,3,evidence_retrieval,0.8198,0.7218,0.8334,3,0.7455,0.4687,duplicate_support,1
jiis_trace_0067,jiis_trace_0067_s4,4,relation_check,0.8313,0.8815,0.8316,0,0.7092,0.8248,duplicate_support,1
jiis_trace_0067,jiis_trace_0067_s5,5,conflict_check,0.7418,0.7867,0.8222,3,0.8789,0.3468,duplicate_support,1
jiis_trace_0067,jiis_trace_0067_s6,6,answer_synthesis,0.7735,0.6728,0.3746,3,0.6318,0.6187,clean,0
jiis_trace_0067,jiis_trace_0067_s7,7,query_decomposition,0.7515,0.8699,0.3754,0,0.5709,0.5949,clean,0
jiis_trace_0067,jiis_trace_0067_s8,8,entity_binding,0.864,0.7318,0.6097,1,0.8866,0.746,clean,0
jiis_trace_0068,jiis_trace_0068_s1,1,query_decomposition,0.7221,0.8683,0.136,0,0.5755,0.2555,clean,0
jiis_trace_0068,jiis_trace_0068_s2,2,entity_binding,0.7388,0.8,0.3509,3,0.7157,0.3099,dependency_bottleneck,1
jiis_trace_0068,jiis_trace_0068_s3,3,evidence_retrieval,0.8988,0.8,0.3949,3,0.8072,0.685,dependency_bottleneck,1
jiis_trace_0068,jiis_trace_0068_s4,4,relation_check,0.7625,0.6522,0.4718,0,0.8614,0.3626,clean,0
jiis_trace_0068,jiis_trace_0068_s5,5,conflict_check,0.8823,0.8944,0.3372,2,0.888,0.3937,clean,0
jiis_trace_0068,jiis_trace_0068_s6,6,answer_synthesis,0.8086,0.6858,0.2421,1,0.7446,0.4927,clean,0
jiis_trace_0068,jiis_trace_0068_s7,7,query_decomposition,0.7258,0.6587,0.1208,1,0.5809,0.6189,clean,0
jiis_trace_0068,jiis_trace_0068_s8,8,entity_binding,0.8282,0.8547,0.5513,0,0.607,0.8153,clean,0
jiis_trace_0068,jiis_trace_0068_s9,9,evidence_retrieval,0.7441,0.716,0.6184,2,0.8253,0.2509,clean,0
jiis_trace_0069,jiis_trace_0069_s1,1,query_decomposition,0.8133,0.7275,0.2278,0,0.7242,0.5933,clean,0
jiis_trace_0069,jiis_trace_0069_s2,2,entity_binding,0.7233,0.6393,0.572,0,0.6759,0.8566,clean,0
jiis_trace_0069,jiis_trace_0069_s3,3,evidence_retrieval,0.8736,0.7575,0.6136,2,0.8015,0.5011,clean,0
jiis_trace_0069,jiis_trace_0069_s4,4,relation_check,0.8976,0.7083,0.5604,1,0.8846,0.8227,clean,0
jiis_trace_0069,jiis_trace_0069_s5,5,conflict_check,0.8929,0.815,0.3784,0,0.2488,0.69,temporal_conflict,1
jiis_trace_0069,jiis_trace_0069_s6,6,answer_synthesis,0.8473,0.7289,0.3835,0,0.7428,0.3421,clean,0
jiis_trace_0069,jiis_trace_0069_s7,7,query_decomposition,0.7531,0.6467,0.4598,0,0.7594,0.8162,clean,0
jiis_trace_0069,jiis_trace_0069_s8,8,entity_binding,0.7782,0.724,0.2706,3,0.8465,0.5279,clean,0
jiis_trace_0069,jiis_trace_0069_s9,9,evidence_retrieval,0.783,0.7376,0.2301,1,0.7797,0.4262,clean,0
jiis_trace_0069,jiis_trace_0069_s10,10,relation_check,0.8777,0.742,0.3326,0,0.6346,0.6991,clean,0
jiis_trace_0070,jiis_trace_0070_s1,1,query_decomposition,0.8922,0.8588,0.205,1,0.8391,0.5902,clean,0
jiis_trace_0070,jiis_trace_0070_s2,2,entity_binding,0.283,0.8787,0.1383,0,0.8478,0.6797,entity_binding_error,1
jiis_trace_0070,jiis_trace_0070_s3,3,evidence_retrieval,0.7555,0.7826,0.431,3,0.7558,0.3023,clean,0
jiis_trace_0070,jiis_trace_0070_s4,4,relation_check,0.7827,0.8291,0.3346,2,0.5907,0.8902,clean,0
jiis_trace_0070,jiis_trace_0070_s5,5,conflict_check,0.7855,0.7796,0.3493,2,0.8649,0.4335,clean,0
jiis_trace_0070,jiis_trace_0070_s6,6,answer_synthesis,0.9063,0.7458,0.5799,1,0.89,0.5179,clean,0
jiis_trace_0071,jiis_trace_0071_s1,1,query_decomposition,0.8294,0.8575,0.2092,1,0.8942,0.5974,clean,0
jiis_trace_0071,jiis_trace_0071_s2,2,entity_binding,0.865,0.6571,0.3639,2,0.633,0.4845,clean,0
jiis_trace_0071,jiis_trace_0071_s3,3,evidence_retrieval,0.8498,0.3551,0.5768,3,0.8095,0.3099,missing_evidence,1
jiis_trace_0071,jiis_trace_0071_s4,4,relation_check,0.7394,0.7223,0.4794,0,0.7988,0.7987,clean,0
jiis_trace_0071,jiis_trace_0071_s5,5,conflict_check,0.733,0.6704,0.1292,2,0.6208,0.5132,clean,0
jiis_trace_0071,jiis_trace_0071_s6,6,answer_synthesis,0.8039,0.6589,0.3496,2,0.7523,0.3152,clean,0
jiis_trace_0071,jiis_trace_0071_s7,7,query_decomposition,0.885,0.8268,0.5482,1,0.6943,0.7143,clean,0
jiis_trace_0072,jiis_trace_0072_s1,1,query_decomposition,0.8215,0.6656,0.4178,3,0.5797,0.583,clean,0
jiis_trace_0072,jiis_trace_0072_s2,2,entity_binding,0.7876,0.7432,0.2168,2,0.77,0.8204,clean,0
jiis_trace_0072,jiis_trace_0072_s3,3,evidence_retrieval,0.8274,0.8399,0.8598,1,0.6491,0.7576,duplicate_support,1
jiis_trace_0072,jiis_trace_0072_s4,4,relation_check,0.8699,0.73,0.8592,1,0.8595,0.3479,duplicate_support,1
jiis_trace_0072,jiis_trace_0072_s5,5,conflict_check,0.8107,0.7838,0.8546,1,0.725,0.8894,duplicate_support,1
jiis_trace_0072,jiis_trace_0072_s6,6,answer_synthesis,0.8456,0.6309,0.3323,2,0.571,0.3695,clean,0
jiis_trace_0072,jiis_trace_0072_s7,7,query_decomposition,0.8949,0.6785,0.4161,0,0.8167,0.4079,clean,0
jiis_trace_0072,jiis_trace_0072_s8,8,entity_binding,0.8646,0.7686,0.6282,0,0.8096,0.3752,clean,0
jiis_trace_0073,jiis_trace_0073_s1,1,query_decomposition,0.8647,0.8546,0.3944,2,0.7867,0.5987,clean,0
jiis_trace_0073,jiis_trace_0073_s2,2,entity_binding,0.8578,0.8,0.5919,3,0.8339,0.553,dependency_bottleneck,1
jiis_trace_0073,jiis_trace_0073_s3,3,evidence_retrieval,0.8881,0.8,0.6017,3,0.599,0.6813,dependency_bottleneck,1
jiis_trace_0073,jiis_trace_0073_s4,4,relation_check,0.8063,0.7243,0.111,2,0.715,0.5954,clean,0
jiis_trace_0073,jiis_trace_0073_s5,5,conflict_check,0.7472,0.6352,0.1029,1,0.8195,0.6644,clean,0
jiis_trace_0073,jiis_trace_0073_s6,6,answer_synthesis,0.736,0.7417,0.3801,1,0.8106,0.3108,clean,0
jiis_trace_0073,jiis_trace_0073_s7,7,query_decomposition,0.7885,0.861,0.125,0,0.8106,0.259,clean,0
jiis_trace_0073,jiis_trace_0073_s8,8,entity_binding,0.8884,0.7893,0.216,0,0.6179,0.8218,clean,0
jiis_trace_0073,jiis_trace_0073_s9,9,evidence_retrieval,0.7347,0.6414,0.2865,1,0.7142,0.2443,clean,0
jiis_trace_0074,jiis_trace_0074_s1,1,query_decomposition,0.8252,0.7134,0.3125,2,0.6969,0.2392,clean,0
jiis_trace_0074,jiis_trace_0074_s2,2,entity_binding,0.8523,0.7505,0.403,0,0.6536,0.2779,clean,0
jiis_trace_0074,jiis_trace_0074_s3,3,evidence_retrieval,0.7654,0.725,0.3474,0,0.8318,0.3148,clean,0
jiis_trace_0074,jiis_trace_0074_s4,4,relation_check,0.8809,0.6595,0.0924,0,0.8183,0.8524,clean,0
jiis_trace_0074,jiis_trace_0074_s5,5,conflict_check,0.758,0.6564,0.5758,3,0.2468,0.755,temporal_conflict,1
jiis_trace_0074,jiis_trace_0074_s6,6,answer_synthesis,0.7745,0.8875,0.2589,0,0.7961,0.6961,clean,0
jiis_trace_0074,jiis_trace_0074_s7,7,query_decomposition,0.8994,0.6618,0.4858,1,0.5735,0.6653,clean,0
jiis_trace_0074,jiis_trace_0074_s8,8,entity_binding,0.8588,0.715,0.2255,1,0.5644,0.6434,clean,0
jiis_trace_0074,jiis_trace_0074_s9,9,evidence_retrieval,0.863,0.7578,0.1771,1,0.5563,0.5408,clean,0
jiis_trace_0074,jiis_trace_0074_s10,10,relation_check,0.8799,0.6767,0.3782,1,0.8405,0.5105,clean,0
jiis_trace_0075,jiis_trace_0075_s1,1,query_decomposition,0.7559,0.6914,0.3488,1,0.8184,0.4462,clean,0
jiis_trace_0075,jiis_trace_0075_s2,2,entity_binding,0.3173,0.8102,0.5538,0,0.8273,0.7312,entity_binding_error,1
jiis_trace_0075,jiis_trace_0075_s3,3,evidence_retrieval,0.766,0.8758,0.1357,3,0.5748,0.2363,clean,0
jiis_trace_0075,jiis_trace_0075_s4,4,relation_check,0.8585,0.805,0.3196,0,0.6578,0.7875,clean,0
jiis_trace_0075,jiis_trace_0075_s5,5,conflict_check,0.8227,0.7998,0.6168,2,0.6901,0.7915,clean,0
jiis_trace_0075,jiis_trace_0075_s6,6,answer_synthesis,0.8399,0.8447,0.1865,2,0.6137,0.6852,clean,0
jiis_trace_0076,jiis_trace_0076_s1,1,query_decomposition,0.8467,0.8817,0.2124,1,0.7032,0.4916,clean,0
jiis_trace_0076,jiis_trace_0076_s2,2,entity_binding,0.7209,0.6608,0.129,1,0.8102,0.366,clean,0
jiis_trace_0076,jiis_trace_0076_s3,3,evidence_retrieval,0.773,0.3221,0.4178,2,0.7343,0.7998,missing_evidence,1
jiis_trace_0076,jiis_trace_0076_s4,4,relation_check,0.8031,0.8983,0.1726,0,0.6856,0.3477,clean,0
jiis_trace_0076,jiis_trace_0076_s5,5,conflict_check,0.8599,0.6489,0.5412,2,0.5779,0.4273,clean,0
jiis_trace_0076,jiis_trace_0076_s6,6,answer_synthesis,0.8592,0.8714,0.0821,2,0.8498,0.8424,clean,0
jiis_trace_0076,jiis_trace_0076_s7,7,query_decomposition,0.8952,0.7799,0.3392,1,0.7808,0.7003,clean,0
jiis_trace_0077,jiis_trace_0077_s1,1,query_decomposition,0.8411,0.7686,0.579,0,0.7776,0.2574,clean,0
jiis_trace_0077,jiis_trace_0077_s2,2,entity_binding,0.7495,0.7728,0.0955,2,0.6528,0.8734,clean,0
jiis_trace_0077,jiis_trace_0077_s3,3,evidence_retrieval,0.8763,0.8752,0.8526,1,0.8783,0.4675,duplicate_support,1
jiis_trace_0077,jiis_trace_0077_s4,4,relation_check,0.8434,0.6687,0.834,0,0.7353,0.4556,duplicate_support,1
jiis_trace_0077,jiis_trace_0077_s5,5,conflict_check,0.7698,0.8864,0.8533,3,0.8094,0.3083,duplicate_support,1
jiis_trace_0077,jiis_trace_0077_s6,6,answer_synthesis,0.762,0.7388,0.2039,0,0.7856,0.4604,clean,0
jiis_trace_0077,jiis_trace_0077_s7,7,query_decomposition,0.7611,0.8637,0.1001,2,0.5682,0.6153,clean,0
jiis_trace_0077,jiis_trace_0077_s8,8,entity_binding,0.8164,0.8336,0.194,0,0.7154,0.3763,clean,0
jiis_trace_0078,jiis_trace_0078_s1,1,query_decomposition,0.7587,0.7362,0.1559,3,0.7903,0.469,clean,0
jiis_trace_0078,jiis_trace_0078_s2,2,entity_binding,0.8508,0.8,0.2427,3,0.5837,0.2823,dependency_bottleneck,1
jiis_trace_0078,jiis_trace_0078_s3,3,evidence_retrieval,0.8588,0.8132,0.1345,3,0.6025,0.3258,dependency_bottleneck,1
jiis_trace_0078,jiis_trace_0078_s4,4,relation_check,0.7332,0.7979,0.119,3,0.7403,0.2731,clean,0
jiis_trace_0078,jiis_trace_0078_s5,5,conflict_check,0.8989,0.8739,0.459,2,0.8448,0.4837,clean,0
jiis_trace_0078,jiis_trace_0078_s6,6,answer_synthesis,0.7749,0.6874,0.5544,0,0.7802,0.2515,clean,0
jiis_trace_0078,jiis_trace_0078_s7,7,query_decomposition,0.8826,0.6283,0.395,3,0.7578,0.6066,clean,0
jiis_trace_0078,jiis_trace_0078_s8,8,entity_binding,0.7979,0.7628,0.1664,2,0.8301,0.8082,clean,0
jiis_trace_0078,jiis_trace_0078_s9,9,evidence_retrieval,0.7587,0.7865,0.6021,2,0.5732,0.2111,clean,0
jiis_trace_0079,jiis_trace_0079_s1,1,query_decomposition,0.8555,0.7006,0.1495,2,0.6756,0.4061,clean,0
jiis_trace_0079,jiis_trace_0079_s2,2,entity_binding,0.7686,0.6508,0.5723,3,0.8205,0.4159,clean,0
jiis_trace_0079,jiis_trace_0079_s3,3,evidence_retrieval,0.8362,0.7556,0.5192,1,0.8851,0.8176,clean,0
jiis_trace_0079,jiis_trace_0079_s4,4,relation_check,0.7602,0.6776,0.3389,1,0.8067,0.6071,clean,0
jiis_trace_0079,jiis_trace_0079_s5,5,conflict_check,0.8596,0.6529,0.1978,2,0.2951,0.8382,temporal_conflict,1
jiis_trace_0079,jiis_trace_0079_s6,6,answer_synthesis,0.7968,0.7304,0.6198,1,0.7709,0.6421,clean,0
jiis_trace_0079,jiis_trace_0079_s7,7,query_decomposition,0.7812,0.6597,0.0847,3,0.5753,0.7197,clean,0
jiis_trace_0079,jiis_trace_0079_s8,8,entity_binding,0.9098,0.8651,0.4076,0,0.7716,0.8065,clean,0
jiis_trace_0079,jiis_trace_0079_s9,9,evidence_retrieval,0.8932,0.8422,0.3818,3,0.8355,0.7962,clean,0
jiis_trace_0079,jiis_trace_0079_s10,10,relation_check,0.7364,0.8197,0.3263,0,0.847,0.3975,clean,0
jiis_trace_0080,jiis_trace_0080_s1,1,query_decomposition,0.827,0.7596,0.1166,0,0.6793,0.5786,clean,0
jiis_trace_0080,jiis_trace_0080_s2,2,entity_binding,0.3342,0.8888,0.2888,2,0.7044,0.6874,entity_binding_error,1
jiis_trace_0080,jiis_trace_0080_s3,3,evidence_retrieval,0.8368,0.7749,0.4503,2,0.8421,0.7927,clean,0
jiis_trace_0080,jiis_trace_0080_s4,4,relation_check,0.8259,0.7441,0.1628,1,0.6032,0.8801,clean,0
jiis_trace_0080,jiis_trace_0080_s5,5,conflict_check,0.8204,0.7904,0.4003,2,0.6446,0.4577,clean,0
jiis_trace_0080,jiis_trace_0080_s6,6,answer_synthesis,0.8721,0.7509,0.3981,3,0.6942,0.5645,clean,0
jiis_trace_0081,jiis_trace_0081_s1,1,query_decomposition,0.8943,0.7784,0.6231,3,0.6715,0.5257,clean,0
jiis_trace_0081,jiis_trace_0081_s2,2,entity_binding,0.8177,0.8696,0.3318,1,0.7507,0.7185,clean,0
jiis_trace_0081,jiis_trace_0081_s3,3,evidence_retrieval,0.7506,0.3314,0.4701,0,0.5809,0.2008,missing_evidence,1
jiis_trace_0081,jiis_trace_0081_s4,4,relation_check,0.8633,0.7542,0.3829,0,0.7222,0.2699,clean,0
jiis_trace_0081,jiis_trace_0081_s5,5,conflict_check,0.8043,0.7889,0.3057,2,0.5605,0.8183,clean,0
jiis_trace_0081,jiis_trace_0081_s6,6,answer_synthesis,0.733,0.7539,0.1911,2,0.8522,0.2899,clean,0
jiis_trace_0081,jiis_trace_0081_s7,7,query_decomposition,0.7582,0.7402,0.1459,1,0.6361,0.6756,clean,0
jiis_trace_0082,jiis_trace_0082_s1,1,query_decomposition,0.777,0.722,0.353,1,0.576,0.7244,clean,0
jiis_trace_0082,jiis_trace_0082_s2,2,entity_binding,0.7654,0.6397,0.5365,1,0.8969,0.6521,clean,0
jiis_trace_0082,jiis_trace_0082_s3,3,evidence_retrieval,0.7966,0.7865,0.8492,3,0.564,0.7686,duplicate_support,1
jiis_trace_0082,jiis_trace_0082_s4,4,relation_check,0.8645,0.6752,0.8474,1,0.7276,0.3368,duplicate_support,1
jiis_trace_0082,jiis_trace_0082_s5,5,conflict_check,0.9003,0.8385,0.8411,0,0.7074,0.8426,duplicate_support,1
jiis_trace_0082,jiis_trace_0082_s6,6,answer_synthesis,0.7436,0.6872,0.5069,1,0.5825,0.7965,clean,0
jiis_trace_0082,jiis_trace_0082_s7,7,query_decomposition,0.8783,0.8209,0.1254,1,0.6817,0.5015,clean,0
jiis_trace_0082,jiis_trace_0082_s8,8,entity_binding,0.9006,0.6343,0.3713,2,0.5843,0.266,clean,0
jiis_trace_0083,jiis_trace_0083_s1,1,query_decomposition,0.7417,0.7885,0.2816,0,0.7363,0.7132,clean,0
jiis_trace_0083,jiis_trace_0083_s2,2,entity_binding,0.8605,0.8,0.2213,3,0.7952,0.3339,dependency_bottleneck,1
jiis_trace_0083,jiis_trace_0083_s3,3,evidence_retrieval,0.8918,0.8,0.4482,3,0.676,0.414,dependency_bottleneck,1
jiis_trace_0083,jiis_trace_0083_s4,4,relation_check,0.7602,0.766,0.5352,3,0.8751,0.321,clean,0
jiis_trace_0083,jiis_trace_0083_s5,5,conflict_check,0.7606,0.6229,0.5274,3,0.6273,0.3006,clean,0
jiis_trace_0083,jiis_trace_0083_s6,6,answer_synthesis,0.8863,0.6641,0.3898,1,0.5702,0.613,clean,0
jiis_trace_0083,jiis_trace_0083_s7,7,query_decomposition,0.8584,0.7326,0.2603,3,0.6718,0.5034,clean,0
jiis_trace_0083,jiis_trace_0083_s8,8,entity_binding,0.8973,0.757,0.4184,0,0.842,0.6978,clean,0
jiis_trace_0083,jiis_trace_0083_s9,9,evidence_retrieval,0.7361,0.8986,0.1328,3,0.5836,0.7632,clean,0
jiis_trace_0084,jiis_trace_0084_s1,1,query_decomposition,0.9089,0.7927,0.2484,3,0.7235,0.6397,clean,0
jiis_trace_0084,jiis_trace_0084_s2,2,entity_binding,0.7205,0.7691,0.2238,3,0.7271,0.2289,clean,0
jiis_trace_0084,jiis_trace_0084_s3,3,evidence_retrieval,0.9,0.6862,0.5348,0,0.6218,0.7655,clean,0
jiis_trace_0084,jiis_trace_0084_s4,4,relation_check,0.8874,0.7662,0.4198,3,0.5549,0.589,clean,0
jiis_trace_0084,jiis_trace_0084_s5,5,conflict_check,0.87,0.7443,0.5254,1,0.2716,0.7312,temporal_conflict,1
jiis_trace_0084,jiis_trace_0084_s6,6,answer_synthesis,0.7609,0.7204,0.4806,1,0.8058,0.7873,clean,0
jiis_trace_0084,jiis_trace_0084_s7,7,query_decomposition,0.8475,0.7298,0.552,3,0.8212,0.8228,clean,0
jiis_trace_0084,jiis_trace_0084_s8,8,entity_binding,0.846,0.7947,0.4301,0,0.6469,0.2656,clean,0
jiis_trace_0084,jiis_trace_0084_s9,9,evidence_retrieval,0.7411,0.6653,0.5679,1,0.6059,0.5162,clean,0
jiis_trace_0084,jiis_trace_0084_s10,10,relation_check,0.8456,0.7748,0.6165,3,0.7622,0.8294,clean,0
jiis_trace_0085,jiis_trace_0085_s1,1,query_decomposition,0.7908,0.8481,0.612,3,0.845,0.7912,clean,0
jiis_trace_0085,jiis_trace_0085_s2,2,entity_binding,0.301,0.7253,0.6285,2,0.6082,0.6982,entity_binding_error,1
jiis_trace_0085,jiis_trace_0085_s3,3,evidence_retrieval,0.8088,0.7162,0.4618,1,0.7459,0.3433,clean,0
jiis_trace_0085,jiis_trace_0085_s4,4,relation_check,0.7741,0.8507,0.545,1,0.7856,0.4469,clean,0
jiis_trace_0085,jiis_trace_0085_s5,5,conflict_check,0.918,0.709,0.2717,0,0.8351,0.2149,clean,0
jiis_trace_0085,jiis_trace_0085_s6,6,answer_synthesis,0.833,0.7977,0.3995,0,0.7492,0.7743,clean,0
jiis_trace_0086,jiis_trace_0086_s1,1,query_decomposition,0.738,0.8018,0.6002,2,0.7964,0.2937,clean,0
jiis_trace_0086,jiis_trace_0086_s2,2,entity_binding,0.7307,0.8674,0.1474,1,0.788,0.2695,clean,0
jiis_trace_0086,jiis_trace_0086_s3,3,evidence_retrieval,0.8596,0.3392,0.468,0,0.7957,0.7361,missing_evidence,1
jiis_trace_0086,jiis_trace_0086_s4,4,relation_check,0.844,0.7934,0.5918,3,0.6708,0.2409,clean,0
jiis_trace_0086,jiis_trace_0086_s5,5,conflict_check,0.9107,0.6821,0.5703,3,0.6427,0.8442,clean,0
jiis_trace_0086,jiis_trace_0086_s6,6,answer_synthesis,0.8599,0.8069,0.1251,2,0.6341,0.3863,clean,0
jiis_trace_0086,jiis_trace_0086_s7,7,query_decomposition,0.7515,0.681,0.4373,1,0.5853,0.5815,clean,0
jiis_trace_0087,jiis_trace_0087_s1,1,query_decomposition,0.8861,0.6568,0.3756,2,0.6861,0.5511,clean,0
jiis_trace_0087,jiis_trace_0087_s2,2,entity_binding,0.7442,0.8819,0.5881,1,0.8291,0.7068,clean,0
jiis_trace_0087,jiis_trace_0087_s3,3,evidence_retrieval,0.7833,0.7763,0.8357,2,0.5904,0.6783,duplicate_support,1
jiis_trace_0087,jiis_trace_0087_s4,4,relation_check,0.8002,0.7371,0.8566,0,0.7782,0.8817,duplicate_support,1
jiis_trace_0087,jiis_trace_0087_s5,5,conflict_check,0.7928,0.6771,0.8314,0,0.5764,0.8463,duplicate_support,1
jiis_trace_0087,jiis_trace_0087_s6,6,answer_synthesis,0.7993,0.7952,0.2906,2,0.6323,0.6434,clean,0
jiis_trace_0087,jiis_trace_0087_s7,7,query_decomposition,0.8819,0.8835,0.4081,0,0.8551,0.3087,clean,0
jiis_trace_0087,jiis_trace_0087_s8,8,entity_binding,0.8251,0.873,0.4555,0,0.6146,0.6706,clean,0
jiis_trace_0088,jiis_trace_0088_s1,1,query_decomposition,0.8263,0.812,0.3839,0,0.7835,0.4429,clean,0
jiis_trace_0088,jiis_trace_0088_s2,2,entity_binding,0.7391,0.8,0.2334,3,0.5779,0.2678,dependency_bottleneck,1
jiis_trace_0088,jiis_trace_0088_s3,3,evidence_retrieval,0.8531,0.8,0.4607,3,0.8359,0.281,dependency_bottleneck,1
jiis_trace_0088,jiis_trace_0088_s4,4,relation_check,0.792,0.826,0.2783,0,0.6201,0.3137,clean,0
jiis_trace_0088,jiis_trace_0088_s5,5,conflict_check,0.8469,0.7996,0.0833,0,0.8336,0.5997,clean,0
jiis_trace_0088,jiis_trace_0088_s6,6,answer_synthesis,0.8548,0.883,0.4289,2,0.5797,0.297,clean,0
jiis_trace_0088,jiis_trace_0088_s7,7,query_decomposition,0.7997,0.7162,0.2104,0,0.628,0.4095,clean,0
jiis_trace_0088,jiis_trace_0088_s8,8,entity_binding,0.9194,0.7711,0.4899,1,0.694,0.5617,clean,0
jiis_trace_0088,jiis_trace_0088_s9,9,evidence_retrieval,0.9095,0.8478,0.5377,3,0.7809,0.4782,clean,0
jiis_trace_0089,jiis_trace_0089_s1,1,query_decomposition,0.8566,0.7235,0.3019,1,0.7828,0.6291,clean,0
jiis_trace_0089,jiis_trace_0089_s2,2,entity_binding,0.7482,0.766,0.1212,3,0.6285,0.5871,clean,0
jiis_trace_0089,jiis_trace_0089_s3,3,evidence_retrieval,0.738,0.695,0.44,1,0.794,0.7065,clean,0
jiis_trace_0089,jiis_trace_0089_s4,4,relation_check,0.7335,0.7029,0.281,2,0.8337,0.4689,clean,0
jiis_trace_0089,jiis_trace_0089_s5,5,conflict_check,0.8049,0.7186,0.1259,3,0.2822,0.667,temporal_conflict,1
jiis_trace_0089,jiis_trace_0089_s6,6,answer_synthesis,0.9162,0.812,0.3091,1,0.8211,0.8027,clean,0
jiis_trace_0089,jiis_trace_0089_s7,7,query_decomposition,0.8616,0.8238,0.5495,3,0.6138,0.361,clean,0
jiis_trace_0089,jiis_trace_0089_s8,8,entity_binding,0.8674,0.6927,0.5907,3,0.7092,0.817,clean,0
jiis_trace_0089,jiis_trace_0089_s9,9,evidence_retrieval,0.7264,0.7546,0.1642,3,0.5706,0.7136,clean,0
jiis_trace_0089,jiis_trace_0089_s10,10,relation_check,0.839,0.6632,0.3147,2,0.899,0.5673,clean,0
jiis_trace_0090,jiis_trace_0090_s1,1,query_decomposition,0.7833,0.7556,0.1138,1,0.7525,0.4141,clean,0
jiis_trace_0090,jiis_trace_0090_s2,2,entity_binding,0.3247,0.7228,0.4759,3,0.8184,0.381,entity_binding_error,1
jiis_trace_0090,jiis_trace_0090_s3,3,evidence_retrieval,0.9087,0.7519,0.4545,3,0.827,0.7972,clean,0
jiis_trace_0090,jiis_trace_0090_s4,4,relation_check,0.7949,0.8434,0.4791,0,0.8962,0.8948,clean,0
jiis_trace_0090,jiis_trace_0090_s5,5,conflict_check,0.8599,0.6643,0.4625,1,0.7265,0.403,clean,0
jiis_trace_0090,jiis_trace_0090_s6,6,answer_synthesis,0.829,0.7613,0.3271,2,0.891,0.6677,clean,0
jiis_trace_0091,jiis_trace_0091_s1,1,query_decomposition,0.9018,0.8924,0.4028,2,0.8609,0.7454,clean,0
jiis_trace_0091,jiis_trace_0091_s2,2,entity_binding,0.7539,0.8647,0.4399,3,0.8773,0.2762,clean,0
jiis_trace_0091,jiis_trace_0091_s3,3,evidence_retrieval,0.7327,0.359,0.5534,1,0.6693,0.5731,missing_evidence,1
jiis_trace_0091,jiis_trace_0091_s4,4,relation_check,0.8612,0.6515,0.239,3,0.6563,0.8665,clean,0
jiis_trace_0091,jiis_trace_0091_s5,5,conflict_check,0.8087,0.6964,0.3573,1,0.8366,0.6964,clean,0
jiis_trace_0091,jiis_trace_0091_s6,6,answer_synthesis,0.7906,0.6376,0.4796,3,0.8542,0.4597,clean,0
jiis_trace_0091,jiis_trace_0091_s7,7,query_decomposition,0.8128,0.8084,0.3407,1,0.6212,0.6269,clean,0
jiis_trace_0092,jiis_trace_0092_s1,1,query_decomposition,0.88,0.6874,0.1809,3,0.8024,0.3568,clean,0
jiis_trace_0092,jiis_trace_0092_s2,2,entity_binding,0.8673,0.6923,0.3336,3,0.8736,0.3486,clean,0
jiis_trace_0092,jiis_trace_0092_s3,3,evidence_retrieval,0.7861,0.8196,0.8282,0,0.6592,0.3573,duplicate_support,1
jiis_trace_0092,jiis_trace_0092_s4,4,relation_check,0.8015,0.8641,0.8336,2,0.6421,0.3646,duplicate_support,1
jiis_trace_0092,jiis_trace_0092_s5,5,conflict_check,0.7309,0.7897,0.8344,1,0.8348,0.2447,duplicate_support,1
jiis_trace_0092,jiis_trace_0092_s6,6,answer_synthesis,0.8869,0.6641,0.096,2,0.7645,0.3887,clean,0
jiis_trace_0092,jiis_trace_0092_s7,7,query_decomposition,0.9107,0.7689,0.4833,1,0.8998,0.4388,clean,0
jiis_trace_0092,jiis_trace_0092_s8,8,entity_binding,0.7672,0.7825,0.5015,3,0.5945,0.6765,clean,0
jiis_trace_0093,jiis_trace_0093_s1,1,query_decomposition,0.8599,0.842,0.1423,3,0.8261,0.3851,clean,0
jiis_trace_0093,jiis_trace_0093_s2,2,entity_binding,0.7518,0.8,0.132,3,0.6271,0.5689,dependency_bottleneck,1
jiis_trace_0093,jiis_trace_0093_s3,3,evidence_retrieval,0.8994,0.8,0.4156,3,0.798,0.5207,dependency_bottleneck,1
jiis_trace_0093,jiis_trace_0093_s4,4,relation_check,0.8725,0.8878,0.4415,0,0.7783,0.2935,clean,0
jiis_trace_0093,jiis_trace_0093_s5,5,conflict_check,0.793,0.626,0.3088,2,0.6444,0.4275,clean,0
jiis_trace_0093,jiis_trace_0093_s6,6,answer_synthesis,0.7538,0.795,0.0996,3,0.7011,0.4668,clean,0
jiis_trace_0093,jiis_trace_0093_s7,7,query_decomposition,0.8532,0.8454,0.1737,2,0.8346,0.5052,clean,0
jiis_trace_0093,jiis_trace_0093_s8,8,entity_binding,0.7396,0.7182,0.0884,3,0.6196,0.2376,clean,0
jiis_trace_0093,jiis_trace_0093_s9,9,evidence_retrieval,0.8605,0.6285,0.4228,1,0.7793,0.2008,clean,0
jiis_trace_0094,jiis_trace_0094_s1,1,query_decomposition,0.7755,0.7861,0.2167,1,0.8075,0.2918,clean,0
jiis_trace_0094,jiis_trace_0094_s2,2,entity_binding,0.7972,0.807,0.2418,0,0.8258,0.8547,clean,0
jiis_trace_0094,jiis_trace_0094_s3,3,evidence_retrieval,0.8383,0.6688,0.1677,2,0.8306,0.4309,clean,0
jiis_trace_0094,jiis_trace_0094_s4,4,relation_check,0.8602,0.6275,0.1362,3,0.8641,0.852,clean,0
jiis_trace_0094,jiis_trace_0094_s5,5,conflict_check,0.8119,0.896,0.3589,2,0.2799,0.3828,temporal_conflict,1
jiis_trace_0094,jiis_trace_0094_s6,6,answer_synthesis,0.9118,0.7978,0.3825,2,0.7799,0.4344,clean,0
jiis_trace_0094,jiis_trace_0094_s7,7,query_decomposition,0.8703,0.7857,0.3616,3,0.7238,0.72,clean,0
jiis_trace_0094,jiis_trace_0094_s8,8,entity_binding,0.8282,0.8955,0.1908,3,0.5964,0.449,clean,0
jiis_trace_0094,jiis_trace_0094_s9,9,evidence_retrieval,0.7501,0.6312,0.4403,2,0.6581,0.3336,clean,0
jiis_trace_0094,jiis_trace_0094_s10,10,relation_check,0.8447,0.7905,0.3415,1,0.5549,0.8037,clean,0
jiis_trace_0095,jiis_trace_0095_s1,1,query_decomposition,0.9022,0.7655,0.1034,0,0.7159,0.3904,clean,0
jiis_trace_0095,jiis_trace_0095_s2,2,entity_binding,0.2972,0.6647,0.5074,0,0.6729,0.7685,entity_binding_error,1
jiis_trace_0095,jiis_trace_0095_s3,3,evidence_retrieval,0.8231,0.718,0.1077,3,0.6292,0.2683,clean,0
jiis_trace_0095,jiis_trace_0095_s4,4,relation_check,0.8185,0.8617,0.1405,3,0.8683,0.2358,clean,0
jiis_trace_0095,jiis_trace_0095_s5,5,conflict_check,0.8369,0.7243,0.1628,2,0.5634,0.4542,clean,0
jiis_trace_0095,jiis_trace_0095_s6,6,answer_synthesis,0.8846,0.7281,0.3646,0,0.6303,0.3205,clean,0
jiis_trace_0096,jiis_trace_0096_s1,1,query_decomposition,0.7342,0.7804,0.3043,1,0.6518,0.6872,clean,0
jiis_trace_0096,jiis_trace_0096_s2,2,entity_binding,0.9063,0.6363,0.4086,3,0.5665,0.259,clean,0
jiis_trace_0096,jiis_trace_0096_s3,3,evidence_retrieval,0.8562,0.3276,0.5777,3,0.7824,0.5777,missing_evidence,1
jiis_trace_0096,jiis_trace_0096_s4,4,relation_check,0.8779,0.8516,0.5327,0,0.7383,0.6503,clean,0
jiis_trace_0096,jiis_trace_0096_s5,5,conflict_check,0.8766,0.7155,0.5999,0,0.6643,0.2622,clean,0
jiis_trace_0096,jiis_trace_0096_s6,6,answer_synthesis,0.8567,0.6586,0.398,1,0.7759,0.4766,clean,0
jiis_trace_0096,jiis_trace_0096_s7,7,query_decomposition,0.7222,0.6449,0.4995,3,0.6979,0.5661,clean,0
jiis_trace_0097,jiis_trace_0097_s1,1,query_decomposition,0.8041,0.7983,0.0863,2,0.8756,0.5226,clean,0
jiis_trace_0097,jiis_trace_0097_s2,2,entity_binding,0.8435,0.6564,0.2142,3,0.5744,0.3671,clean,0
jiis_trace_0097,jiis_trace_0097_s3,3,evidence_retrieval,0.8839,0.749,0.8256,3,0.6483,0.5819,duplicate_support,1
jiis_trace_0097,jiis_trace_0097_s4,4,relation_check,0.7317,0.7111,0.8594,0,0.5758,0.2179,duplicate_support,1
jiis_trace_0097,jiis_trace_0097_s5,5,conflict_check,0.7341,0.6668,0.835,3,0.7909,0.4964,duplicate_support,1
jiis_trace_0097,jiis_trace_0097_s6,6,answer_synthesis,0.8617,0.8134,0.2867,0,0.552,0.5178,clean,0
jiis_trace_0097,jiis_trace_0097_s7,7,query_decomposition,0.8794,0.7361,0.3323,1,0.6045,0.8099,clean,0
jiis_trace_0097,jiis_trace_0097_s8,8,entity_binding,0.7595,0.858,0.5646,3,0.6733,0.3794,clean,0
jiis_trace_0098,jiis_trace_0098_s1,1,query_decomposition,0.8333,0.7119,0.5163,0,0.7326,0.5401,clean,0
jiis_trace_0098,jiis_trace_0098_s2,2,entity_binding,0.9158,0.8,0.5618,3,0.8962,0.2994,dependency_bottleneck,1
jiis_trace_0098,jiis_trace_0098_s3,3,evidence_retrieval,0.7207,0.8821,0.2534,3,0.6309,0.4858,dependency_bottleneck,1
jiis_trace_0098,jiis_trace_0098_s4,4,relation_check,0.8013,0.7509,0.3513,1,0.7509,0.397,clean,0
jiis_trace_0098,jiis_trace_0098_s5,5,conflict_check,0.7473,0.761,0.5235,2,0.7139,0.6432,clean,0
jiis_trace_0098,jiis_trace_0098_s6,6,answer_synthesis,0.7648,0.8698,0.0905,1,0.5674,0.4625,clean,0
jiis_trace_0098,jiis_trace_0098_s7,7,query_decomposition,0.9016,0.6865,0.6196,1,0.8884,0.5234,clean,0
jiis_trace_0098,jiis_trace_0098_s8,8,entity_binding,0.8413,0.7266,0.1231,3,0.7188,0.7067,clean,0
jiis_trace_0098,jiis_trace_0098_s9,9,evidence_retrieval,0.8626,0.8457,0.2728,0,0.8554,0.6223,clean,0
jiis_trace_0099,jiis_trace_0099_s1,1,query_decomposition,0.793,0.6484,0.1211,0,0.6403,0.8884,clean,0
jiis_trace_0099,jiis_trace_0099_s2,2,entity_binding,0.7823,0.7427,0.4892,2,0.8551,0.7964,clean,0
jiis_trace_0099,jiis_trace_0099_s3,3,evidence_retrieval,0.9069,0.7985,0.156,2,0.8747,0.8826,clean,0
jiis_trace_0099,jiis_trace_0099_s4,4,relation_check,0.8387,0.6962,0.5644,1,0.6006,0.8076,clean,0
jiis_trace_0099,jiis_trace_0099_s5,5,conflict_check,0.8626,0.7101,0.5764,2,0.2369,0.3682,temporal_conflict,1
jiis_trace_0099,jiis_trace_0099_s6,6,answer_synthesis,0.8211,0.7211,0.357,2,0.787,0.2062,clean,0
jiis_trace_0099,jiis_trace_0099_s7,7,query_decomposition,0.853,0.707,0.3446,3,0.8494,0.7651,clean,0
jiis_trace_0099,jiis_trace_0099_s8,8,entity_binding,0.8452,0.746,0.168,0,0.8775,0.4344,clean,0
jiis_trace_0099,jiis_trace_0099_s9,9,evidence_retrieval,0.8788,0.7267,0.4348,0,0.556,0.7895,clean,0
jiis_trace_0099,jiis_trace_0099_s10,10,relation_check,0.8259,0.7133,0.1669,2,0.7286,0.3465,clean,0
jiis_trace_0100,jiis_trace_0100_s1,1,query_decomposition,0.7777,0.6303,0.5011,1,0.5649,0.7289,clean,0
jiis_trace_0100,jiis_trace_0100_s2,2,entity_binding,0.3342,0.6847,0.3542,3,0.7827,0.8583,entity_binding_error,1
jiis_trace_0100,jiis_trace_0100_s3,3,evidence_retrieval,0.7986,0.6967,0.4308,3,0.6463,0.2918,clean,0
jiis_trace_0100,jiis_trace_0100_s4,4,relation_check,0.7806,0.6471,0.4492,2,0.8528,0.4676,clean,0
jiis_trace_0100,jiis_trace_0100_s5,5,conflict_check,0.7417,0.6463,0.3073,1,0.6491,0.8366,clean,0
jiis_trace_0100,jiis_trace_0100_s6,6,answer_synthesis,0.7564,0.6496,0.1604,1,0.7167,0.3573,clean,0
jiis_trace_0101,jiis_trace_0101_s1,1,query_decomposition,0.8857,0.6257,0.4767,1,0.5709,0.8124,clean,0
jiis_trace_0101,jiis_trace_0101_s2,2,entity_binding,0.766,0.6854,0.4082,3,0.8548,0.4818,clean,0
jiis_trace_0101,jiis_trace_0101_s3,3,evidence_retrieval,0.7519,0.3013,0.5109,2,0.8796,0.3388,missing_evidence,1
jiis_trace_0101,jiis_trace_0101_s4,4,relation_check,0.8939,0.7026,0.3111,2,0.6957,0.7428,clean,0
jiis_trace_0101,jiis_trace_0101_s5,5,conflict_check,0.8033,0.87,0.2423,1,0.7293,0.6653,clean,0
jiis_trace_0101,jiis_trace_0101_s6,6,answer_synthesis,0.8004,0.6432,0.3293,1,0.5642,0.6733,clean,0
jiis_trace_0101,jiis_trace_0101_s7,7,query_decomposition,0.729,0.8492,0.3862,1,0.7151,0.5428,clean,0
jiis_trace_0102,jiis_trace_0102_s1,1,query_decomposition,0.7892,0.7722,0.2376,1,0.7402,0.7719,clean,0
jiis_trace_0102,jiis_trace_0102_s2,2,entity_binding,0.8185,0.6981,0.2604,3,0.8922,0.3247,clean,0
jiis_trace_0102,jiis_trace_0102_s3,3,evidence_retrieval,0.8886,0.6587,0.858,3,0.599,0.2203,duplicate_support,1
jiis_trace_0102,jiis_trace_0102_s4,4,relation_check,0.7666,0.7724,0.8547,1,0.882,0.7421,duplicate_support,1
jiis_trace_0102,jiis_trace_0102_s5,5,conflict_check,0.746,0.7967,0.8505,1,0.5616,0.3142,duplicate_support,1
jiis_trace_0102,jiis_trace_0102_s6,6,answer_synthesis,0.8249,0.8662,0.385,3,0.5855,0.4403,clean,0
jiis_trace_0102,jiis_trace_0102_s7,7,query_decomposition,0.7247,0.7175,0.1186,1,0.7941,0.4866,clean,0
jiis_trace_0102,jiis_trace_0102_s8,8,entity_binding,0.7646,0.7898,0.3363,0,0.7559,0.5459,clean,0
jiis_trace_0103,jiis_trace_0103_s1,1,query_decomposition,0.7479,0.8698,0.4081,3,0.5691,0.3903,clean,0
jiis_trace_0103,jiis_trace_0103_s2,2,entity_binding,0.8773,0.8,0.0854,3,0.6552,0.5465,dependency_bottleneck,1
jiis_trace_0103,jiis_trace_0103_s3,3,evidence_retrieval,0.9084,0.8245,0.5221,3,0.8855,0.6157,dependency_bottleneck,1
jiis_trace_0103,jiis_trace_0103_s4,4,relation_check,0.854,0.8798,0.3392,1,0.5997,0.6436,clean,0
jiis_trace_0103,jiis_trace_0103_s5,5,conflict_check,0.9092,0.7855,0.0983,1,0.6139,0.4059,clean,0
jiis_trace_0103,jiis_trace_0103_s6,6,answer_synthesis,0.8523,0.6992,0.3472,1,0.7502,0.287,clean,0
jiis_trace_0103,jiis_trace_0103_s7,7,query_decomposition,0.8648,0.7327,0.5449,0,0.7459,0.818,clean,0
jiis_trace_0103,jiis_trace_0103_s8,8,entity_binding,0.8337,0.7882,0.6149,3,0.7755,0.6065,clean,0
jiis_trace_0103,jiis_trace_0103_s9,9,evidence_retrieval,0.8291,0.7959,0.4449,2,0.7932,0.6619,clean,0
jiis_trace_0104,jiis_trace_0104_s1,1,query_decomposition,0.8133,0.6419,0.4427,2,0.8812,0.459,clean,0
jiis_trace_0104,jiis_trace_0104_s2,2,entity_binding,0.7828,0.7377,0.5635,0,0.8187,0.4084,clean,0
jiis_trace_0104,jiis_trace_0104_s3,3,evidence_retrieval,0.9138,0.8757,0.2335,2,0.7873,0.6228,clean,0
jiis_trace_0104,jiis_trace_0104_s4,4,relation_check,0.7996,0.8395,0.3851,2,0.733,0.4739,clean,0
jiis_trace_0104,jiis_trace_0104_s5,5,conflict_check,0.8814,0.8594,0.4432,3,0.2575,0.5107,temporal_conflict,1
jiis_trace_0104,jiis_trace_0104_s6,6,answer_synthesis,0.7337,0.8121,0.4298,1,0.8498,0.2137,clean,0
jiis_trace_0104,jiis_trace_0104_s7,7,query_decomposition,0.8048,0.8401,0.2028,3,0.8855,0.7372,clean,0
jiis_trace_0104,jiis_trace_0104_s8,8,entity_binding,0.8734,0.7379,0.5253,3,0.6495,0.2088,clean,0
jiis_trace_0104,jiis_trace_0104_s9,9,evidence_retrieval,0.8749,0.8499,0.6053,0,0.7536,0.3131,clean,0
jiis_trace_0104,jiis_trace_0104_s10,10,relation_check,0.8877,0.6236,0.1057,0,0.7792,0.8177,clean,0
jiis_trace_0105,jiis_trace_0105_s1,1,query_decomposition,0.7764,0.8744,0.4087,0,0.8559,0.6731,clean,0
jiis_trace_0105,jiis_trace_0105_s2,2,entity_binding,0.2815,0.8386,0.0815,1,0.7733,0.4973,entity_binding_error,1
jiis_trace_0105,jiis_trace_0105_s3,3,evidence_retrieval,0.8722,0.6668,0.1753,3,0.6408,0.8817,clean,0
jiis_trace_0105,jiis_trace_0105_s4,4,relation_check,0.8006,0.7525,0.5066,0,0.7012,0.7198,clean,0
jiis_trace_0105,jiis_trace_0105_s5,5,conflict_check,0.7892,0.6593,0.6065,2,0.8146,0.5632,clean,0
jiis_trace_0105,jiis_trace_0105_s6,6,answer_synthesis,0.8993,0.7106,0.2289,2,0.6383,0.6017,clean,0
jiis_trace_0106,jiis_trace_0106_s1,1,query_decomposition,0.8673,0.7671,0.2883,1,0.6097,0.2672,clean,0
jiis_trace_0106,jiis_trace_0106_s2,2,entity_binding,0.7465,0.8322,0.0911,2,0.6937,0.6471,clean,0
jiis_trace_0106,jiis_trace_0106_s3,3,evidence_retrieval,0.848,0.3569,0.4561,2,0.8859,0.464,missing_evidence,1
jiis_trace_0106,jiis_trace_0106_s4,4,relation_check,0.8307,0.8267,0.4487,3,0.6798,0.2348,clean,0
jiis_trace_0106,jiis_trace_0106_s5,5,conflict_check,0.8241,0.8005,0.3981,3,0.5604,0.3799,clean,0
jiis_trace_0106,jiis_trace_0106_s6,6,answer_synthesis,0.8201,0.8507,0.3649,3,0.6466,0.8651,clean,0
jiis_trace_0106,jiis_trace_0106_s7,7,query_decomposition,0.8655,0.8219,0.4165,0,0.7358,0.5548,clean,0
jiis_trace_0107,jiis_trace_0107_s1,1,query_decomposition,0.7851,0.8637,0.3593,1,0.8973,0.4523,clean,0
jiis_trace_0107,jiis_trace_0107_s2,2,entity_binding,0.8279,0.6589,0.498,0,0.7838,0.4218,clean,0
jiis_trace_0107,jiis_trace_0107_s3,3,evidence_retrieval,0.7944,0.6639,0.8314,1,0.7523,0.5519,duplicate_support,1
jiis_trace_0107,jiis_trace_0107_s4,4,relation_check,0.8855,0.7332,0.8276,3,0.7776,0.796,duplicate_support,1
jiis_trace_0107,jiis_trace_0107_s5,5,conflict_check,0.9113,0.6697,0.8421,1,0.8657,0.2239,duplicate_support,1
jiis_trace_0107,jiis_trace_0107_s6,6,answer_synthesis,0.8958,0.7304,0.5449,2,0.6676,0.6101,clean,0
jiis_trace_0107,jiis_trace_0107_s7,7,query_decomposition,0.8786,0.7448,0.3781,2,0.7144,0.6976,clean,0
jiis_trace_0107,jiis_trace_0107_s8,8,entity_binding,0.7449,0.7695,0.475,1,0.5776,0.5905,clean,0
jiis_trace_0108,jiis_trace_0108_s1,1,query_decomposition,0.8384,0.8885,0.616,2,0.5764,0.5475,clean,0
jiis_trace_0108,jiis_trace_0108_s2,2,entity_binding,0.7552,0.8221,0.3019,3,0.5953,0.2844,dependency_bottleneck,1
jiis_trace_0108,jiis_trace_0108_s3,3,evidence_retrieval,0.7658,0.8,0.5041,3,0.899,0.2731,dependency_bottleneck,1
jiis_trace_0108,jiis_trace_0108_s4,4,relation_check,0.7364,0.7013,0.2845,1,0.661,0.7745,clean,0
jiis_trace_0108,jiis_trace_0108_s5,5,conflict_check,0.9079,0.7,0.4067,1,0.8253,0.84,clean,0
jiis_trace_0108,jiis_trace_0108_s6,6,answer_synthesis,0.8322,0.7453,0.1271,1,0.6917,0.8196,clean,0
jiis_trace_0108,jiis_trace_0108_s7,7,query_decomposition,0.8453,0.8858,0.4283,1,0.7363,0.5896,clean,0
jiis_trace_0108,jiis_trace_0108_s8,8,entity_binding,0.8857,0.8992,0.2799,2,0.8505,0.7826,clean,0
jiis_trace_0108,jiis_trace_0108_s9,9,evidence_retrieval,0.9084,0.7804,0.1183,1,0.7078,0.7444,clean,0
jiis_trace_0109,jiis_trace_0109_s1,1,query_decomposition,0.8318,0.8395,0.1558,1,0.6274,0.238,clean,0
jiis_trace_0109,jiis_trace_0109_s2,2,entity_binding,0.7989,0.7783,0.1045,0,0.7974,0.7872,clean,0
jiis_trace_0109,jiis_trace_0109_s3,3,evidence_retrieval,0.8778,0.7011,0.1631,1,0.6817,0.5082,clean,0
jiis_trace_0109,jiis_trace_0109_s4,4,relation_check,0.7895,0.7683,0.1764,2,0.8236,0.4166,clean,0
jiis_trace_0109,jiis_trace_0109_s5,5,conflict_check,0.7743,0.6852,0.329,3,0.2526,0.7964,temporal_conflict,1
jiis_trace_0109,jiis_trace_0109_s6,6,answer_synthesis,0.8962,0.8023,0.341,0,0.8672,0.3551,clean,0
jiis_trace_0109,jiis_trace_0109_s7,7,query_decomposition,0.8213,0.7929,0.1376,1,0.7615,0.7716,clean,0
jiis_trace_0109,jiis_trace_0109_s8,8,entity_binding,0.8971,0.6878,0.4619,0,0.6392,0.6325,clean,0
jiis_trace_0109,jiis_trace_0109_s9,9,evidence_retrieval,0.7248,0.7428,0.3045,3,0.6861,0.5063,clean,0
jiis_trace_0109,jiis_trace_0109_s10,10,relation_check,0.8182,0.781,0.1898,0,0.5656,0.6301,clean,0
jiis_trace_0110,jiis_trace_0110_s1,1,query_decomposition,0.9194,0.8127,0.216,1,0.6807,0.2714,clean,0
jiis_trace_0110,jiis_trace_0110_s2,2,entity_binding,0.2834,0.777,0.241,0,0.7537,0.6081,entity_binding_error,1
jiis_trace_0110,jiis_trace_0110_s3,3,evidence_retrieval,0.828,0.7283,0.5721,3,0.6949,0.3208,clean,0
jiis_trace_0110,jiis_trace_0110_s4,4,relation_check,0.8498,0.6497,0.0919,2,0.6731,0.5647,clean,0
jiis_trace_0110,jiis_trace_0110_s5,5,conflict_check,0.8229,0.8496,0.3591,0,0.7231,0.8787,clean,0
jiis_trace_0110,jiis_trace_0110_s6,6,answer_synthesis,0.8203,0.8341,0.3273,2,0.6903,0.781,clean,0
jiis_trace_0111,jiis_trace_0111_s1,1,query_decomposition,0.8113,0.6413,0.5646,3,0.8156,0.2364,clean,0
jiis_trace_0111,jiis_trace_0111_s2,2,entity_binding,0.7735,0.7654,0.4441,3,0.5901,0.8131,clean,0
jiis_trace_0111,jiis_trace_0111_s3,3,evidence_retrieval,0.8271,0.3381,0.1829,1,0.677,0.5987,missing_evidence,1
jiis_trace_0111,jiis_trace_0111_s4,4,relation_check,0.7614,0.7157,0.5939,3,0.5631,0.7068,clean,0
jiis_trace_0111,jiis_trace_0111_s5,5,conflict_check,0.9125,0.8801,0.5592,3,0.5735,0.6014,clean,0
jiis_trace_0111,jiis_trace_0111_s6,6,answer_synthesis,0.9106,0.8789,0.272,1,0.8485,0.3149,clean,0
jiis_trace_0111,jiis_trace_0111_s7,7,query_decomposition,0.8695,0.7962,0.5907,1,0.6263,0.2411,clean,0
jiis_trace_0112,jiis_trace_0112_s1,1,query_decomposition,0.8603,0.8867,0.4546,0,0.8242,0.8404,clean,0
jiis_trace_0112,jiis_trace_0112_s2,2,entity_binding,0.8971,0.8942,0.2205,0,0.8469,0.3844,clean,0
jiis_trace_0112,jiis_trace_0112_s3,3,evidence_retrieval,0.771,0.676,0.8316,0,0.8084,0.472,duplicate_support,1
jiis_trace_0112,jiis_trace_0112_s4,4,relation_check,0.8108,0.7396,0.8534,3,0.7091,0.7356,duplicate_support,1
jiis_trace_0112,jiis_trace_0112_s5,5,conflict_check,0.8464,0.6615,0.8519,0,0.6496,0.7863,duplicate_support,1
jiis_trace_0112,jiis_trace_0112_s6,6,answer_synthesis,0.7753,0.8169,0.3632,1,0.7272,0.4761,clean,0
jiis_trace_0112,jiis_trace_0112_s7,7,query_decomposition,0.846,0.6502,0.0831,2,0.6145,0.3904,clean,0
jiis_trace_0112,jiis_trace_0112_s8,8,entity_binding,0.8287,0.6257,0.166,1,0.7533,0.208,clean,0
jiis_trace_0113,jiis_trace_0113_s1,1,query_decomposition,0.8849,0.8853,0.2067,2,0.7984,0.4388,clean,0
jiis_trace_0113,jiis_trace_0113_s2,2,entity_binding,0.7547,0.8,0.312,3,0.846,0.8428,dependency_bottleneck,1
jiis_trace_0113,jiis_trace_0113_s3,3,evidence_retrieval,0.8351,0.8,0.455,3,0.6581,0.4755,dependency_bottleneck,1
jiis_trace_0113,jiis_trace_0113_s4,4,relation_check,0.8405,0.7173,0.3426,0,0.8877,0.7301,clean,0
jiis_trace_0113,jiis_trace_0113_s5,5,conflict_check,0.8155,0.8301,0.5951,0,0.7348,0.7156,clean,0
jiis_trace_0113,jiis_trace_0113_s6,6,answer_synthesis,0.8526,0.8127,0.387,3,0.7221,0.5834,clean,0
jiis_trace_0113,jiis_trace_0113_s7,7,query_decomposition,0.8087,0.8905,0.3062,3,0.6213,0.5438,clean,0
jiis_trace_0113,jiis_trace_0113_s8,8,entity_binding,0.7644,0.6243,0.0871,3,0.8781,0.716,clean,0
jiis_trace_0113,jiis_trace_0113_s9,9,evidence_retrieval,0.7768,0.8823,0.2114,0,0.6558,0.5235,clean,0
jiis_trace_0114,jiis_trace_0114_s1,1,query_decomposition,0.7726,0.6364,0.4984,2,0.7451,0.2165,clean,0
jiis_trace_0114,jiis_trace_0114_s2,2,entity_binding,0.7847,0.6971,0.1262,2,0.6537,0.2922,clean,0
jiis_trace_0114,jiis_trace_0114_s3,3,evidence_retrieval,0.8342,0.8814,0.1812,2,0.5734,0.5435,clean,0
jiis_trace_0114,jiis_trace_0114_s4,4,relation_check,0.914,0.8874,0.5979,0,0.6364,0.7658,clean,0
jiis_trace_0114,jiis_trace_0114_s5,5,conflict_check,0.7953,0.8949,0.6102,3,0.2651,0.5037,temporal_conflict,1
jiis_trace_0114,jiis_trace_0114_s6,6,answer_synthesis,0.84,0.6895,0.416,0,0.7512,0.7621,clean,0
jiis_trace_0114,jiis_trace_0114_s7,7,query_decomposition,0.8646,0.6203,0.4625,0,0.5618,0.5616,clean,0
jiis_trace_0114,jiis_trace_0114_s8,8,entity_binding,0.7862,0.7192,0.3897,3,0.6508,0.7701,clean,0
jiis_trace_0114,jiis_trace_0114_s9,9,evidence_retrieval,0.8095,0.8103,0.0852,2,0.8635,0.6198,clean,0
jiis_trace_0114,jiis_trace_0114_s10,10,relation_check,0.9121,0.7488,0.1662,1,0.7274,0.2386,clean,0
jiis_trace_0115,jiis_trace_0115_s1,1,query_decomposition,0.8361,0.7837,0.6,3,0.7672,0.2238,clean,0
jiis_trace_0115,jiis_trace_0115_s2,2,entity_binding,0.3087,0.8576,0.2747,3,0.6608,0.8679,entity_binding_error,1
jiis_trace_0115,jiis_trace_0115_s3,3,evidence_retrieval,0.8292,0.8105,0.1727,0,0.5599,0.3156,clean,0
jiis_trace_0115,jiis_trace_0115_s4,4,relation_check,0.8844,0.7353,0.5873,1,0.6591,0.2202,clean,0
jiis_trace_0115,jiis_trace_0115_s5,5,conflict_check,0.8553,0.755,0.4293,1,0.7546,0.8406,clean,0
jiis_trace_0115,jiis_trace_0115_s6,6,answer_synthesis,0.8168,0.8205,0.4265,2,0.802,0.7823,clean,0
jiis_trace_0116,jiis_trace_0116_s1,1,query_decomposition,0.763,0.8585,0.5404,3,0.7004,0.2744,clean,0
jiis_trace_0116,jiis_trace_0116_s2,2,entity_binding,0.9,0.8822,0.3315,0,0.5903,0.4197,clean,0
jiis_trace_0116,jiis_trace_0116_s3,3,evidence_retrieval,0.8302,0.3034,0.1881,2,0.8015,0.2273,missing_evidence,1
jiis_trace_0116,jiis_trace_0116_s4,4,relation_check,0.8199,0.654,0.5173,1,0.7641,0.2614,clean,0
jiis_trace_0116,jiis_trace_0116_s5,5,conflict_check,0.8863,0.6754,0.3824,2,0.5938,0.8678,clean,0
jiis_trace_0116,jiis_trace_0116_s6,6,answer_synthesis,0.7497,0.6858,0.2631,2,0.7864,0.3805,clean,0
jiis_trace_0116,jiis_trace_0116_s7,7,query_decomposition,0.8588,0.7755,0.4246,1,0.8832,0.4085,clean,0
jiis_trace_0117,jiis_trace_0117_s1,1,query_decomposition,0.9185,0.8477,0.2431,3,0.7049,0.7287,clean,0
jiis_trace_0117,jiis_trace_0117_s2,2,entity_binding,0.7389,0.8668,0.1754,3,0.7066,0.7648,clean,0
jiis_trace_0117,jiis_trace_0117_s3,3,evidence_retrieval,0.8645,0.7356,0.8438,3,0.7082,0.5441,duplicate_support,1
jiis_trace_0117,jiis_trace_0117_s4,4,relation_check,0.7377,0.8968,0.8561,1,0.8209,0.275,duplicate_support,1
jiis_trace_0117,jiis_trace_0117_s5,5,conflict_check,0.8269,0.6287,0.8374,1,0.8282,0.3262,duplicate_support,1
jiis_trace_0117,jiis_trace_0117_s6,6,answer_synthesis,0.7427,0.6228,0.6139,2,0.7072,0.8277,clean,0
jiis_trace_0117,jiis_trace_0117_s7,7,query_decomposition,0.9007,0.8755,0.1885,2,0.6129,0.2905,clean,0
jiis_trace_0117,jiis_trace_0117_s8,8,entity_binding,0.9167,0.8159,0.3936,1,0.6624,0.436,clean,0
jiis_trace_0118,jiis_trace_0118_s1,1,query_decomposition,0.9185,0.8455,0.5046,1,0.5741,0.2751,clean,0
jiis_trace_0118,jiis_trace_0118_s2,2,entity_binding,0.8878,0.8922,0.5645,3,0.8544,0.341,dependency_bottleneck,1
jiis_trace_0118,jiis_trace_0118_s3,3,evidence_retrieval,0.8132,0.8,0.2213,3,0.8784,0.8948,dependency_bottleneck,1
jiis_trace_0118,jiis_trace_0118_s4,4,relation_check,0.8484,0.7793,0.5996,1,0.839,0.2954,clean,0
jiis_trace_0118,jiis_trace_0118_s5,5,conflict_check,0.7488,0.8526,0.3939,2,0.8609,0.6593,clean,0
jiis_trace_0118,jiis_trace_0118_s6,6,answer_synthesis,0.8183,0.685,0.432,3,0.884,0.2461,clean,0
jiis_trace_0118,jiis_trace_0118_s7,7,query_decomposition,0.8315,0.7529,0.5147,0,0.8207,0.2588,clean,0
jiis_trace_0118,jiis_trace_0118_s8,8,entity_binding,0.764,0.6587,0.4835,1,0.8866,0.6817,clean,0
jiis_trace_0118,jiis_trace_0118_s9,9,evidence_retrieval,0.7889,0.807,0.2192,2,0.6388,0.404,clean,0
jiis_trace_0119,jiis_trace_0119_s1,1,query_decomposition,0.772,0.7403,0.2814,0,0.644,0.3477,clean,0
jiis_trace_0119,jiis_trace_0119_s2,2,entity_binding,0.7598,0.8656,0.5874,1,0.609,0.2963,clean,0
jiis_trace_0119,jiis_trace_0119_s3,3,evidence_retrieval,0.8507,0.6715,0.3679,1,0.8593,0.2911,clean,0
jiis_trace_0119,jiis_trace_0119_s4,4,relation_check,0.8915,0.7878,0.4123,3,0.8795,0.7485,clean,0
jiis_trace_0119,jiis_trace_0119_s5,5,conflict_check,0.794,0.8154,0.2749,0,0.2228,0.2951,temporal_conflict,1
jiis_trace_0119,jiis_trace_0119_s6,6,answer_synthesis,0.7774,0.7245,0.1503,0,0.8314,0.6735,clean,0
jiis_trace_0119,jiis_trace_0119_s7,7,query_decomposition,0.7518,0.821,0.4173,0,0.591,0.6842,clean,0
jiis_trace_0119,jiis_trace_0119_s8,8,entity_binding,0.8937,0.6501,0.2434,2,0.6079,0.3142,clean,0
jiis_trace_0119,jiis_trace_0119_s9,9,evidence_retrieval,0.7444,0.7103,0.1074,2,0.8824,0.4868,clean,0
jiis_trace_0119,jiis_trace_0119_s10,10,relation_check,0.7834,0.8263,0.4674,1,0.794,0.7486,clean,0
jiis_trace_0120,jiis_trace_0120_s1,1,query_decomposition,0.8143,0.8305,0.1789,1,0.5572,0.5421,clean,0
jiis_trace_0120,jiis_trace_0120_s2,2,entity_binding,0.3206,0.7215,0.3277,2,0.7986,0.5025,entity_binding_error,1
jiis_trace_0120,jiis_trace_0120_s3,3,evidence_retrieval,0.7374,0.7605,0.2363,0,0.6396,0.5386,clean,0
jiis_trace_0120,jiis_trace_0120_s4,4,relation_check,0.8566,0.8937,0.1627,0,0.8072,0.8626,clean,0
jiis_trace_0120,jiis_trace_0120_s5,5,conflict_check,0.9056,0.6826,0.2719,3,0.5995,0.379,clean,0
jiis_trace_0120,jiis_trace_0120_s6,6,answer_synthesis,0.7245,0.6845,0.3302,2,0.7391,0.8631,clean,0
jiis_trace_0121,jiis_trace_0121_s1,1,query_decomposition,0.8585,0.7304,0.3518,3,0.669,0.3179,clean,0
jiis_trace_0121,jiis_trace_0121_s2,2,entity_binding,0.7626,0.8087,0.1714,3,0.6507,0.8817,clean,0
jiis_trace_0121,jiis_trace_0121_s3,3,evidence_retrieval,0.8922,0.3028,0.5513,0,0.8028,0.7365,missing_evidence,1
jiis_trace_0121,jiis_trace_0121_s4,4,relation_check,0.8984,0.8254,0.4894,3,0.8112,0.602,clean,0
jiis_trace_0121,jiis_trace_0121_s5,5,conflict_check,0.7937,0.6699,0.2324,2,0.5525,0.6895,clean,0
jiis_trace_0121,jiis_trace_0121_s6,6,answer_synthesis,0.8156,0.6622,0.4746,3,0.7274,0.3857,clean,0
jiis_trace_0121,jiis_trace_0121_s7,7,query_decomposition,0.7797,0.7764,0.4916,3,0.6023,0.7027,clean,0
jiis_trace_0122,jiis_trace_0122_s1,1,query_decomposition,0.8055,0.7842,0.5732,1,0.8152,0.2089,clean,0
jiis_trace_0122,jiis_trace_0122_s2,2,entity_binding,0.7677,0.6683,0.2516,0,0.687,0.23,clean,0
jiis_trace_0122,jiis_trace_0122_s3,3,evidence_retrieval,0.7285,0.676,0.8515,0,0.5621,0.2395,duplicate_support,1
jiis_trace_0122,jiis_trace_0122_s4,4,relation_check,0.9005,0.6571,0.8593,0,0.6071,0.7817,duplicate_support,1
jiis_trace_0122,jiis_trace_0122_s5,5,conflict_check,0.8694,0.6631,0.8493,0,0.6224,0.2544,duplicate_support,1
jiis_trace_0122,jiis_trace_0122_s6,6,answer_synthesis,0.7863,0.6628,0.4629,2,0.7646,0.7198,clean,0
jiis_trace_0122,jiis_trace_0122_s7,7,query_decomposition,0.8209,0.7325,0.3974,2,0.8665,0.7382,clean,0
jiis_trace_0122,jiis_trace_0122_s8,8,entity_binding,0.7777,0.6666,0.2114,2,0.6884,0.8494,clean,0
jiis_trace_0123,jiis_trace_0123_s1,1,query_decomposition,0.9069,0.8733,0.5435,2,0.774,0.819,clean,0
jiis_trace_0123,jiis_trace_0123_s2,2,entity_binding,0.777,0.8,0.426,3,0.7744,0.3767,dependency_bottleneck,1
jiis_trace_0123,jiis_trace_0123_s3,3,evidence_retrieval,0.825,0.8109,0.1741,3,0.8544,0.4313,dependency_bottleneck,1
jiis_trace_0123,jiis_trace_0123_s4,4,relation_check,0.8744,0.6411,0.409,3,0.5803,0.8997,clean,0
jiis_trace_0123,jiis_trace_0123_s5,5,conflict_check,0.7813,0.7283,0.4861,0,0.6918,0.2871,clean,0
jiis_trace_0123,jiis_trace_0123_s6,6,answer_synthesis,0.8619,0.8006,0.2798,1,0.8547,0.3156,clean,0
jiis_trace_0123,jiis_trace_0123_s7,7,query_decomposition,0.9116,0.8006,0.2239,1,0.5774,0.339,clean,0
jiis_trace_0123,jiis_trace_0123_s8,8,entity_binding,0.8835,0.6267,0.4834,2,0.6903,0.5457,clean,0
jiis_trace_0123,jiis_trace_0123_s9,9,evidence_retrieval,0.8855,0.6676,0.5355,1,0.6195,0.6114,clean,0
jiis_trace_0124,jiis_trace_0124_s1,1,query_decomposition,0.7317,0.7301,0.5334,0,0.8255,0.8067,clean,0
jiis_trace_0124,jiis_trace_0124_s2,2,entity_binding,0.7471,0.881,0.5208,3,0.79,0.6682,clean,0
jiis_trace_0124,jiis_trace_0124_s3,3,evidence_retrieval,0.831,0.7153,0.1611,0,0.5694,0.7898,clean,0
jiis_trace_0124,jiis_trace_0124_s4,4,relation_check,0.7495,0.8649,0.5887,3,0.7502,0.6413,clean,0
jiis_trace_0124,jiis_trace_0124_s5,5,conflict_check,0.8687,0.6375,0.0871,1,0.2905,0.2215,temporal_conflict,1
jiis_trace_0124,jiis_trace_0124_s6,6,answer_synthesis,0.7937,0.8483,0.3059,3,0.6689,0.5471,clean,0
jiis_trace_0124,jiis_trace_0124_s7,7,query_decomposition,0.8821,0.749,0.346,2,0.7467,0.4452,clean,0
jiis_trace_0124,jiis_trace_0124_s8,8,entity_binding,0.9184,0.8298,0.4013,3,0.5581,0.5562,clean,0
jiis_trace_0124,jiis_trace_0124_s9,9,evidence_retrieval,0.8238,0.8654,0.6213,2,0.7332,0.5219,clean,0
jiis_trace_0124,jiis_trace_0124_s10,10,relation_check,0.7573,0.8716,0.085,2,0.8981,0.8039,clean,0
jiis_trace_0125,jiis_trace_0125_s1,1,query_decomposition,0.7749,0.6785,0.5825,0,0.8224,0.5258,clean,0
jiis_trace_0125,jiis_trace_0125_s2,2,entity_binding,0.2908,0.8856,0.1761,0,0.8146,0.4701,entity_binding_error,1
jiis_trace_0125,jiis_trace_0125_s3,3,evidence_retrieval,0.8393,0.7487,0.6197,0,0.7989,0.4563,clean,0
jiis_trace_0125,jiis_trace_0125_s4,4,relation_check,0.8967,0.7434,0.144,1,0.8735,0.2743,clean,0
jiis_trace_0125,jiis_trace_0125_s5,5,conflict_check,0.8124,0.8427,0.4883,2,0.7462,0.8153,clean,0
jiis_trace_0125,jiis_trace_0125_s6,6,answer_synthesis,0.8395,0.7367,0.5817,2,0.6188,0.7648,clean,0
jiis_trace_0126,jiis_trace_0126_s1,1,query_decomposition,0.7886,0.7282,0.1002,2,0.5894,0.6365,clean,0
jiis_trace_0126,jiis_trace_0126_s2,2,entity_binding,0.8729,0.8886,0.5675,0,0.7723,0.8405,clean,0
jiis_trace_0126,jiis_trace_0126_s3,3,evidence_retrieval,0.7656,0.3358,0.166,1,0.8499,0.8269,missing_evidence,1
jiis_trace_0126,jiis_trace_0126_s4,4,relation_check,0.7481,0.6793,0.2195,1,0.6125,0.4533,clean,0
jiis_trace_0126,jiis_trace_0126_s5,5,conflict_check,0.737,0.8812,0.2295,0,0.7541,0.364,clean,0
jiis_trace_0126,jiis_trace_0126_s6,6,answer_synthesis,0.773,0.6992,0.5848,0,0.8831,0.866,clean,0
jiis_trace_0126,jiis_trace_0126_s7,7,query_decomposition,0.8959,0.7729,0.6275,2,0.8986,0.6215,clean,0
jiis_trace_0127,jiis_trace_0127_s1,1,query_decomposition,0.7443,0.7347,0.503,0,0.6151,0.3433,clean,0
jiis_trace_0127,jiis_trace_0127_s2,2,entity_binding,0.7947,0.6211,0.3976,2,0.8712,0.3901,clean,0
jiis_trace_0127,jiis_trace_0127_s3,3,evidence_retrieval,0.7686,0.6396,0.8353,1,0.5919,0.5851,duplicate_support,1
jiis_trace_0127,jiis_trace_0127_s4,4,relation_check,0.7567,0.8674,0.8414,3,0.5507,0.7726,duplicate_support,1
jiis_trace_0127,jiis_trace_0127_s5,5,conflict_check,0.8166,0.7473,0.8413,2,0.5814,0.5382,duplicate_support,1
jiis_trace_0127,jiis_trace_0127_s6,6,answer_synthesis,0.8042,0.7664,0.2241,2,0.7758,0.6073,clean,0
jiis_trace_0127,jiis_trace_0127_s7,7,query_decomposition,0.8253,0.8155,0.3167,1,0.7036,0.2398,clean,0
jiis_trace_0127,jiis_trace_0127_s8,8,entity_binding,0.8079,0.6693,0.1662,3,0.8336,0.6035,clean,0
jiis_trace_0128,jiis_trace_0128_s1,1,query_decomposition,0.906,0.8446,0.205,3,0.7161,0.4466,clean,0
jiis_trace_0128,jiis_trace_0128_s2,2,entity_binding,0.7217,0.8969,0.2136,3,0.5686,0.2612,dependency_bottleneck,1
jiis_trace_0128,jiis_trace_0128_s3,3,evidence_retrieval,0.7789,0.8,0.5958,3,0.6685,0.888,dependency_bottleneck,1
jiis_trace_0128,jiis_trace_0128_s4,4,relation_check,0.735,0.7596,0.1227,2,0.6986,0.7471,clean,0
jiis_trace_0128,jiis_trace_0128_s5,5,conflict_check,0.792,0.8153,0.4,2,0.6389,0.8699,clean,0
jiis_trace_0128,jiis_trace_0128_s6,6,answer_synthesis,0.7836,0.8672,0.1627,0,0.7392,0.2356,clean,0
jiis_trace_0128,jiis_trace_0128_s7,7,query_decomposition,0.7613,0.7186,0.2164,1,0.8271,0.7704,clean,0
jiis_trace_0128,jiis_trace_0128_s8,8,entity_binding,0.81,0.6549,0.3657,1,0.7029,0.803,clean,0
jiis_trace_0128,jiis_trace_0128_s9,9,evidence_retrieval,0.8941,0.8528,0.1319,1,0.6297,0.4148,clean,0
jiis_trace_0129,jiis_trace_0129_s1,1,query_decomposition,0.7715,0.8274,0.4305,1,0.7696,0.2178,clean,0
jiis_trace_0129,jiis_trace_0129_s2,2,entity_binding,0.7733,0.6853,0.3986,0,0.6004,0.2447,clean,0
jiis_trace_0129,jiis_trace_0129_s3,3,evidence_retrieval,0.8749,0.6492,0.0989,2,0.7853,0.3489,clean,0
jiis_trace_0129,jiis_trace_0129_s4,4,relation_check,0.7723,0.6441,0.1371,0,0.8316,0.2592,clean,0
jiis_trace_0129,jiis_trace_0129_s5,5,conflict_check,0.8908,0.6287,0.4123,1,0.2729,0.6192,temporal_conflict,1
jiis_trace_0129,jiis_trace_0129_s6,6,answer_synthesis,0.8538,0.6237,0.4677,2,0.8428,0.5039,clean,0
jiis_trace_0129,jiis_trace_0129_s7,7,query_decomposition,0.8167,0.8717,0.4585,1,0.636,0.7523,clean,0
jiis_trace_0129,jiis_trace_0129_s8,8,entity_binding,0.8048,0.7464,0.3593,0,0.8211,0.581,clean,0
jiis_trace_0129,jiis_trace_0129_s9,9,evidence_retrieval,0.7871,0.6253,0.3139,1,0.6782,0.6538,clean,0
jiis_trace_0129,jiis_trace_0129_s10,10,relation_check,0.7681,0.7767,0.3899,3,0.7572,0.4292,clean,0
jiis_trace_0130,jiis_trace_0130_s1,1,query_decomposition,0.7534,0.6247,0.1133,1,0.5773,0.7415,clean,0
jiis_trace_0130,jiis_trace_0130_s2,2,entity_binding,0.3124,0.6485,0.3699,2,0.5503,0.5271,entity_binding_error,1
jiis_trace_0130,jiis_trace_0130_s3,3,evidence_retrieval,0.8116,0.6642,0.4086,0,0.8974,0.5766,clean,0
jiis_trace_0130,jiis_trace_0130_s4,4,relation_check,0.8817,0.7357,0.163,3,0.7793,0.3054,clean,0
jiis_trace_0130,jiis_trace_0130_s5,5,conflict_check,0.7848,0.7385,0.5727,3,0.8845,0.5219,clean,0
jiis_trace_0130,jiis_trace_0130_s6,6,answer_synthesis,0.8666,0.8048,0.4305,2,0.6065,0.486,clean,0
jiis_trace_0131,jiis_trace_0131_s1,1,query_decomposition,0.8801,0.7344,0.1523,0,0.7346,0.3557,clean,0
jiis_trace_0131,jiis_trace_0131_s2,2,entity_binding,0.7245,0.7378,0.5701,3,0.7272,0.5874,clean,0
jiis_trace_0131,jiis_trace_0131_s3,3,evidence_retrieval,0.8554,0.3351,0.179,2,0.5601,0.829,missing_evidence,1
jiis_trace_0131,jiis_trace_0131_s4,4,relation_check,0.8609,0.8247,0.2728,1,0.6261,0.4705,clean,0
jiis_trace_0131,jiis_trace_0131_s5,5,conflict_check,0.7924,0.8788,0.4652,2,0.7463,0.4736,clean,0
jiis_trace_0131,jiis_trace_0131_s6,6,answer_synthesis,0.7896,0.7877,0.3861,3,0.6267,0.2112,clean,0
jiis_trace_0131,jiis_trace_0131_s7,7,query_decomposition,0.7794,0.78,0.1176,0,0.8797,0.4533,clean,0
jiis_trace_0132,jiis_trace_0132_s1,1,query_decomposition,0.7809,0.8334,0.4674,2,0.5641,0.8896,clean,0
jiis_trace_0132,jiis_trace_0132_s2,2,entity_binding,0.7642,0.6733,0.6129,1,0.8089,0.2804,clean,0
jiis_trace_0132,jiis_trace_0132_s3,3,evidence_retrieval,0.814,0.7262,0.8376,1,0.5995,0.5801,duplicate_support,1
jiis_trace_0132,jiis_trace_0132_s4,4,relation_check,0.761,0.8461,0.8271,0,0.7897,0.7751,duplicate_support,1
jiis_trace_0132,jiis_trace_0132_s5,5,conflict_check,0.8228,0.7581,0.8294,3,0.773,0.4754,duplicate_support,1
jiis_trace_0132,jiis_trace_0132_s6,6,answer_synthesis,0.817,0.8102,0.2963,0,0.6787,0.8456,clean,0
jiis_trace_0132,jiis_trace_0132_s7,7,query_decomposition,0.7746,0.8094,0.5812,0,0.8693,0.6825,clean,0
jiis_trace_0132,jiis_trace_0132_s8,8,entity_binding,0.8971,0.8551,0.1117,1,0.7324,0.4319,clean,0
jiis_trace_0133,jiis_trace_0133_s1,1,query_decomposition,0.7215,0.7213,0.599,1,0.5914,0.8494,clean,0
jiis_trace_0133,jiis_trace_0133_s2,2,entity_binding,0.7294,0.8,0.2984,3,0.5711,0.3398,dependency_bottleneck,1
jiis_trace_0133,jiis_trace_0133_s3,3,evidence_retrieval,0.8226,0.8342,0.2847,3,0.7887,0.5879,dependency_bottleneck,1
jiis_trace_0133,jiis_trace_0133_s4,4,relation_check,0.8032,0.7227,0.1542,3,0.8022,0.4489,clean,0
jiis_trace_0133,jiis_trace_0133_s5,5,conflict_check,0.8436,0.7343,0.3673,2,0.7107,0.7056,clean,0
jiis_trace_0133,jiis_trace_0133_s6,6,answer_synthesis,0.8777,0.7799,0.3179,2,0.5566,0.8514,clean,0
jiis_trace_0133,jiis_trace_0133_s7,7,query_decomposition,0.7882,0.636,0.5224,1,0.6888,0.6493,clean,0
jiis_trace_0133,jiis_trace_0133_s8,8,entity_binding,0.9056,0.746,0.4999,0,0.8538,0.462,clean,0
jiis_trace_0133,jiis_trace_0133_s9,9,evidence_retrieval,0.782,0.8162,0.4751,0,0.7154,0.3443,clean,0
jiis_trace_0134,jiis_trace_0134_s1,1,query_decomposition,0.8566,0.8347,0.2516,1,0.8701,0.3392,clean,0
jiis_trace_0134,jiis_trace_0134_s2,2,entity_binding,0.9097,0.8198,0.3528,2,0.8435,0.7028,clean,0
jiis_trace_0134,jiis_trace_0134_s3,3,evidence_retrieval,0.8547,0.7707,0.4847,3,0.7597,0.3615,clean,0
jiis_trace_0134,jiis_trace_0134_s4,4,relation_check,0.8083,0.8028,0.5277,1,0.5759,0.5516,clean,0
jiis_trace_0134,jiis_trace_0134_s5,5,conflict_check,0.844,0.8292,0.2388,1,0.255,0.2056,temporal_conflict,1
jiis_trace_0134,jiis_trace_0134_s6,6,answer_synthesis,0.8898,0.8664,0.3292,1,0.6939,0.7488,clean,0
jiis_trace_0134,jiis_trace_0134_s7,7,query_decomposition,0.8519,0.8061,0.5759,3,0.7246,0.5512,clean,0
jiis_trace_0134,jiis_trace_0134_s8,8,entity_binding,0.7491,0.8712,0.3795,2,0.5964,0.3645,clean,0
jiis_trace_0134,jiis_trace_0134_s9,9,evidence_retrieval,0.8306,0.8835,0.165,3,0.5853,0.7701,clean,0
jiis_trace_0134,jiis_trace_0134_s10,10,relation_check,0.8652,0.6707,0.323,2,0.5987,0.571,clean,0
jiis_trace_0135,jiis_trace_0135_s1,1,query_decomposition,0.7568,0.6804,0.5499,0,0.6373,0.4044,clean,0
jiis_trace_0135,jiis_trace_0135_s2,2,entity_binding,0.3361,0.8907,0.411,1,0.5608,0.816,entity_binding_error,1
jiis_trace_0135,jiis_trace_0135_s3,3,evidence_retrieval,0.8868,0.8631,0.2691,2,0.7285,0.515,clean,0
jiis_trace_0135,jiis_trace_0135_s4,4,relation_check,0.7832,0.6977,0.0956,2,0.6325,0.5233,clean,0
jiis_trace_0135,jiis_trace_0135_s5,5,conflict_check,0.7436,0.7772,0.3366,2,0.6746,0.6032,clean,0
jiis_trace_0135,jiis_trace_0135_s6,6,answer_synthesis,0.8456,0.6507,0.4334,0,0.668,0.4025,clean,0
jiis_trace_0136,jiis_trace_0136_s1,1,query_decomposition,0.7299,0.7863,0.3489,2,0.603,0.7531,clean,0
jiis_trace_0136,jiis_trace_0136_s2,2,entity_binding,0.9123,0.7424,0.4801,3,0.5926,0.2994,clean,0
jiis_trace_0136,jiis_trace_0136_s3,3,evidence_retrieval,0.8004,0.3265,0.2698,1,0.8874,0.4339,missing_evidence,1
jiis_trace_0136,jiis_trace_0136_s4,4,relation_check,0.8798,0.6707,0.5862,3,0.6775,0.6893,clean,0
jiis_trace_0136,jiis_trace_0136_s5,5,conflict_check,0.8448,0.6548,0.4602,1,0.8733,0.3198,clean,0
jiis_trace_0136,jiis_trace_0136_s6,6,answer_synthesis,0.8597,0.7831,0.3229,0,0.6074,0.3732,clean,0
jiis_trace_0136,jiis_trace_0136_s7,7,query_decomposition,0.7204,0.7007,0.6085,0,0.6098,0.3826,clean,0
jiis_trace_0137,jiis_trace_0137_s1,1,query_decomposition,0.8151,0.8713,0.5085,0,0.7817,0.4159,clean,0
jiis_trace_0137,jiis_trace_0137_s2,2,entity_binding,0.8331,0.8966,0.4361,3,0.5954,0.2515,clean,0
jiis_trace_0137,jiis_trace_0137_s3,3,evidence_retrieval,0.8118,0.7606,0.8407,0,0.5937,0.2476,duplicate_support,1
jiis_trace_0137,jiis_trace_0137_s4,4,relation_check,0.7709,0.8703,0.8434,3,0.5946,0.4945,duplicate_support,1
jiis_trace_0137,jiis_trace_0137_s5,5,conflict_check,0.7664,0.8655,0.8361,1,0.7094,0.4071,duplicate_support,1
jiis_trace_0137,jiis_trace_0137_s6,6,answer_synthesis,0.7638,0.7641,0.2657,2,0.8963,0.8423,clean,0
jiis_trace_0137,jiis_trace_0137_s7,7,query_decomposition,0.7933,0.6518,0.5646,0,0.8102,0.6797,clean,0
jiis_trace_0137,jiis_trace_0137_s8,8,entity_binding,0.7388,0.8237,0.4107,3,0.6381,0.5886,clean,0
jiis_trace_0138,jiis_trace_0138_s1,1,query_decomposition,0.8713,0.8338,0.3052,3,0.5936,0.5759,clean,0
jiis_trace_0138,jiis_trace_0138_s2,2,entity_binding,0.77,0.8613,0.4576,3,0.6155,0.2724,dependency_bottleneck,1
jiis_trace_0138,jiis_trace_0138_s3,3,evidence_retrieval,0.8272,0.8366,0.2569,3,0.7055,0.3211,dependency_bottleneck,1
jiis_trace_0138,jiis_trace_0138_s4,4,relation_check,0.8218,0.8779,0.3347,0,0.5932,0.4259,clean,0
jiis_trace_0138,jiis_trace_0138_s5,5,conflict_check,0.8944,0.679,0.5818,2,0.7281,0.561,clean,0
jiis_trace_0138,jiis_trace_0138_s6,6,answer_synthesis,0.7729,0.881,0.3011,1,0.6347,0.2363,clean,0
jiis_trace_0138,jiis_trace_0138_s7,7,query_decomposition,0.8039,0.7798,0.2314,0,0.6785,0.5218,clean,0
jiis_trace_0138,jiis_trace_0138_s8,8,entity_binding,0.8316,0.8589,0.2827,3,0.6084,0.6881,clean,0
jiis_trace_0138,jiis_trace_0138_s9,9,evidence_retrieval,0.9125,0.8799,0.6137,0,0.7735,0.7615,clean,0
jiis_trace_0139,jiis_trace_0139_s1,1,query_decomposition,0.8105,0.79,0.2066,0,0.5764,0.2879,clean,0
jiis_trace_0139,jiis_trace_0139_s2,2,entity_binding,0.8218,0.7156,0.4066,0,0.6541,0.7777,clean,0
jiis_trace_0139,jiis_trace_0139_s3,3,evidence_retrieval,0.7454,0.711,0.4665,3,0.7993,0.7972,clean,0
jiis_trace_0139,jiis_trace_0139_s4,4,relation_check,0.7897,0.8835,0.087,0,0.8266,0.8659,clean,0
jiis_trace_0139,jiis_trace_0139_s5,5,conflict_check,0.7937,0.8139,0.5489,3,0.285,0.804,temporal_conflict,1
jiis_trace_0139,jiis_trace_0139_s6,6,answer_synthesis,0.8965,0.873,0.3081,2,0.8887,0.676,clean,0
jiis_trace_0139,jiis_trace_0139_s7,7,query_decomposition,0.7546,0.7442,0.5381,0,0.5697,0.472,clean,0
jiis_trace_0139,jiis_trace_0139_s8,8,entity_binding,0.8425,0.684,0.5309,3,0.7832,0.5537,clean,0
jiis_trace_0139,jiis_trace_0139_s9,9,evidence_retrieval,0.7455,0.8207,0.3896,2,0.6579,0.3183,clean,0
jiis_trace_0139,jiis_trace_0139_s10,10,relation_check,0.8935,0.8339,0.2943,3,0.8647,0.6125,clean,0
jiis_trace_0140,jiis_trace_0140_s1,1,query_decomposition,0.8134,0.8864,0.1084,2,0.7659,0.503,clean,0
jiis_trace_0140,jiis_trace_0140_s2,2,entity_binding,0.3236,0.7039,0.4948,2,0.634,0.4588,entity_binding_error,1
jiis_trace_0140,jiis_trace_0140_s3,3,evidence_retrieval,0.7627,0.8062,0.2768,0,0.8814,0.7396,clean,0
jiis_trace_0140,jiis_trace_0140_s4,4,relation_check,0.7592,0.8706,0.411,3,0.8329,0.6684,clean,0
jiis_trace_0140,jiis_trace_0140_s5,5,conflict_check,0.9175,0.8557,0.2234,1,0.6166,0.7342,clean,0
jiis_trace_0140,jiis_trace_0140_s6,6,answer_synthesis,0.9066,0.8271,0.3488,1,0.5989,0.212,clean,0
jiis_trace_0141,jiis_trace_0141_s1,1,query_decomposition,0.7911,0.8983,0.3428,3,0.6473,0.4784,clean,0
jiis_trace_0141,jiis_trace_0141_s2,2,entity_binding,0.9024,0.7311,0.4278,0,0.8608,0.6561,clean,0
jiis_trace_0141,jiis_trace_0141_s3,3,evidence_retrieval,0.8429,0.3123,0.1795,3,0.7096,0.2051,missing_evidence,1
jiis_trace_0141,jiis_trace_0141_s4,4,relation_check,0.9196,0.6964,0.1234,2,0.7013,0.4803,clean,0
jiis_trace_0141,jiis_trace_0141_s5,5,conflict_check,0.8061,0.7812,0.2181,2,0.682,0.7403,clean,0
jiis_trace_0141,jiis_trace_0141_s6,6,answer_synthesis,0.8508,0.7783,0.5279,2,0.7872,0.3489,clean,0
jiis_trace_0141,jiis_trace_0141_s7,7,query_decomposition,0.7209,0.7607,0.4577,2,0.805,0.812,clean,0
jiis_trace_0142,jiis_trace_0142_s1,1,query_decomposition,0.9131,0.6551,0.1703,1,0.8069,0.7296,clean,0
jiis_trace_0142,jiis_trace_0142_s2,2,entity_binding,0.7331,0.8715,0.5955,2,0.8137,0.5568,clean,0
jiis_trace_0142,jiis_trace_0142_s3,3,evidence_retrieval,0.8941,0.7497,0.8292,3,0.7516,0.6701,duplicate_support,1
jiis_trace_0142,jiis_trace_0142_s4,4,relation_check,0.8913,0.6855,0.8334,2,0.5684,0.7832,duplicate_support,1
jiis_trace_0142,jiis_trace_0142_s5,5,conflict_check,0.809,0.8963,0.8442,2,0.5645,0.6841,duplicate_support,1
jiis_trace_0142,jiis_trace_0142_s6,6,answer_synthesis,0.7636,0.7836,0.5568,0,0.8529,0.2947,clean,0
jiis_trace_0142,jiis_trace_0142_s7,7,query_decomposition,0.7857,0.8626,0.2959,3,0.7078,0.7699,clean,0
jiis_trace_0142,jiis_trace_0142_s8,8,entity_binding,0.8028,0.8078,0.1746,2,0.5657,0.7213,clean,0
jiis_trace_0143,jiis_trace_0143_s1,1,query_decomposition,0.8987,0.6727,0.4396,2,0.6645,0.6878,clean,0
jiis_trace_0143,jiis_trace_0143_s2,2,entity_binding,0.7445,0.8775,0.5813,3,0.8155,0.4699,dependency_bottleneck,1
jiis_trace_0143,jiis_trace_0143_s3,3,evidence_retrieval,0.8986,0.8,0.1563,3,0.8432,0.5486,dependency_bottleneck,1
jiis_trace_0143,jiis_trace_0143_s4,4,relation_check,0.8689,0.6313,0.1851,0,0.6641,0.8636,clean,0
jiis_trace_0143,jiis_trace_0143_s5,5,conflict_check,0.8374,0.8313,0.2108,1,0.6451,0.678,clean,0
jiis_trace_0143,jiis_trace_0143_s6,6,answer_synthesis,0.8977,0.6625,0.307,0,0.7902,0.7477,clean,0
jiis_trace_0143,jiis_trace_0143_s7,7,query_decomposition,0.802,0.6444,0.4438,1,0.868,0.6946,clean,0
jiis_trace_0143,jiis_trace_0143_s8,8,entity_binding,0.8521,0.7092,0.3812,3,0.5553,0.656,clean,0
jiis_trace_0143,jiis_trace_0143_s9,9,evidence_retrieval,0.8473,0.6503,0.6094,1,0.5571,0.3741,clean,0
jiis_trace_0144,jiis_trace_0144_s1,1,query_decomposition,0.8389,0.8426,0.4531,3,0.879,0.573,clean,0
jiis_trace_0144,jiis_trace_0144_s2,2,entity_binding,0.8234,0.8763,0.2578,1,0.7208,0.4411,clean,0
jiis_trace_0144,jiis_trace_0144_s3,3,evidence_retrieval,0.7986,0.7109,0.4854,1,0.7768,0.7572,clean,0
jiis_trace_0144,jiis_trace_0144_s4,4,relation_check,0.8879,0.7866,0.4725,0,0.581,0.3791,clean,0
jiis_trace_0144,jiis_trace_0144_s5,5,conflict_check,0.9139,0.6278,0.5038,2,0.2995,0.3593,temporal_conflict,1
jiis_trace_0144,jiis_trace_0144_s6,6,answer_synthesis,0.791,0.7089,0.4816,2,0.704,0.4094,clean,0
jiis_trace_0144,jiis_trace_0144_s7,7,query_decomposition,0.8904,0.7685,0.2976,1,0.7064,0.5824,clean,0
jiis_trace_0144,jiis_trace_0144_s8,8,entity_binding,0.7545,0.8397,0.2395,2,0.5667,0.2967,clean,0
jiis_trace_0144,jiis_trace_0144_s9,9,evidence_retrieval,0.8239,0.6326,0.4299,1,0.863,0.3145,clean,0
jiis_trace_0144,jiis_trace_0144_s10,10,relation_check,0.7287,0.7544,0.5951,2,0.5624,0.2472,clean,0
jiis_trace_0145,jiis_trace_0145_s1,1,query_decomposition,0.8165,0.6674,0.5473,0,0.6909,0.494,clean,0
jiis_trace_0145,jiis_trace_0145_s2,2,entity_binding,0.2994,0.8466,0.3358,3,0.7651,0.5301,entity_binding_error,1
jiis_trace_0145,jiis_trace_0145_s3,3,evidence_retrieval,0.9073,0.8652,0.535,3,0.5718,0.3705,clean,0
jiis_trace_0145,jiis_trace_0145_s4,4,relation_check,0.7426,0.7625,0.1425,2,0.8092,0.5486,clean,0
jiis_trace_0145,jiis_trace_0145_s5,5,conflict_check,0.7311,0.8859,0.625,3,0.5518,0.6427,clean,0
jiis_trace_0145,jiis_trace_0145_s6,6,answer_synthesis,0.9169,0.6936,0.2375,3,0.8437,0.8588,clean,0
jiis_trace_0146,jiis_trace_0146_s1,1,query_decomposition,0.86,0.6559,0.3898,2,0.8815,0.327,clean,0
jiis_trace_0146,jiis_trace_0146_s2,2,entity_binding,0.878,0.8855,0.1011,3,0.8572,0.3739,clean,0
jiis_trace_0146,jiis_trace_0146_s3,3,evidence_retrieval,0.8605,0.3042,0.3745,0,0.5654,0.7938,missing_evidence,1
jiis_trace_0146,jiis_trace_0146_s4,4,relation_check,0.8586,0.6412,0.5198,1,0.6586,0.2427,clean,0
jiis_trace_0146,jiis_trace_0146_s5,5,conflict_check,0.8029,0.7382,0.0815,2,0.7655,0.3175,clean,0
jiis_trace_0146,jiis_trace_0146_s6,6,answer_synthesis,0.743,0.8311,0.3158,2,0.6337,0.2132,clean,0
jiis_trace_0146,jiis_trace_0146_s7,7,query_decomposition,0.7908,0.662,0.0802,2,0.6563,0.6457,clean,0
jiis_trace_0147,jiis_trace_0147_s1,1,query_decomposition,0.8244,0.8725,0.1974,1,0.8792,0.6589,clean,0
jiis_trace_0147,jiis_trace_0147_s2,2,entity_binding,0.7417,0.6294,0.3095,2,0.8653,0.8314,clean,0
jiis_trace_0147,jiis_trace_0147_s3,3,evidence_retrieval,0.9022,0.7415,0.8234,3,0.6719,0.5149,duplicate_support,1
jiis_trace_0147,jiis_trace_0147_s4,4,relation_check,0.7459,0.6243,0.8472,2,0.6163,0.5721,duplicate_support,1
jiis_trace_0147,jiis_trace_0147_s5,5,conflict_check,0.8542,0.8878,0.8475,0,0.8364,0.8464,duplicate_support,1
jiis_trace_0147,jiis_trace_0147_s6,6,answer_synthesis,0.907,0.834,0.4098,0,0.7147,0.8698,clean,0
jiis_trace_0147,jiis_trace_0147_s7,7,query_decomposition,0.7335,0.6995,0.2624,1,0.8016,0.4487,clean,0
jiis_trace_0147,jiis_trace_0147_s8,8,entity_binding,0.7769,0.8818,0.3216,1,0.7278,0.367,clean,0
jiis_trace_0148,jiis_trace_0148_s1,1,query_decomposition,0.9069,0.6653,0.3818,0,0.8945,0.4751,clean,0
jiis_trace_0148,jiis_trace_0148_s2,2,entity_binding,0.8993,0.8587,0.1539,3,0.8922,0.3415,dependency_bottleneck,1
jiis_trace_0148,jiis_trace_0148_s3,3,evidence_retrieval,0.8637,0.8,0.5767,3,0.8681,0.223,dependency_bottleneck,1
jiis_trace_0148,jiis_trace_0148_s4,4,relation_check,0.7869,0.6916,0.3315,1,0.7902,0.7806,clean,0
jiis_trace_0148,jiis_trace_0148_s5,5,conflict_check,0.7678,0.8874,0.2738,2,0.6694,0.8414,clean,0
jiis_trace_0148,jiis_trace_0148_s6,6,answer_synthesis,0.8627,0.6662,0.4702,3,0.7382,0.2897,clean,0
jiis_trace_0148,jiis_trace_0148_s7,7,query_decomposition,0.7839,0.7868,0.2459,3,0.6405,0.6271,clean,0
jiis_trace_0148,jiis_trace_0148_s8,8,entity_binding,0.7796,0.7043,0.415,1,0.746,0.7039,clean,0
jiis_trace_0148,jiis_trace_0148_s9,9,evidence_retrieval,0.8548,0.6363,0.5521,0,0.8817,0.636,clean,0
jiis_trace_0149,jiis_trace_0149_s1,1,query_decomposition,0.7995,0.8757,0.1662,3,0.564,0.7685,clean,0
jiis_trace_0149,jiis_trace_0149_s2,2,entity_binding,0.7758,0.6776,0.3993,3,0.6664,0.358,clean,0
jiis_trace_0149,jiis_trace_0149_s3,3,evidence_retrieval,0.8522,0.6464,0.6246,1,0.8234,0.8201,clean,0
jiis_trace_0149,jiis_trace_0149_s4,4,relation_check,0.7793,0.7417,0.4993,0,0.5631,0.675,clean,0
jiis_trace_0149,jiis_trace_0149_s5,5,conflict_check,0.7322,0.626,0.3764,1,0.254,0.7305,temporal_conflict,1
jiis_trace_0149,jiis_trace_0149_s6,6,answer_synthesis,0.8355,0.6467,0.3372,1,0.5943,0.8044,clean,0
jiis_trace_0149,jiis_trace_0149_s7,7,query_decomposition,0.779,0.6367,0.616,3,0.5685,0.526,clean,0
jiis_trace_0149,jiis_trace_0149_s8,8,entity_binding,0.9027,0.647,0.1451,1,0.5908,0.8773,clean,0
jiis_trace_0149,jiis_trace_0149_s9,9,evidence_retrieval,0.8093,0.6887,0.6192,0,0.6099,0.5811,clean,0
jiis_trace_0149,jiis_trace_0149_s10,10,relation_check,0.792,0.7546,0.1267,1,0.7423,0.4353,clean,0
jiis_trace_0150,jiis_trace_0150_s1,1,query_decomposition,0.8342,0.8819,0.3126,3,0.5954,0.2308,clean,0
jiis_trace_0150,jiis_trace_0150_s2,2,entity_binding,0.2901,0.641,0.4158,2,0.8265,0.665,entity_binding_error,1
jiis_trace_0150,jiis_trace_0150_s3,3,evidence_retrieval,0.8911,0.7163,0.541,3,0.5921,0.2097,clean,0
jiis_trace_0150,jiis_trace_0150_s4,4,relation_check,0.8084,0.7926,0.5857,0,0.6069,0.7814,clean,0
jiis_trace_0150,jiis_trace_0150_s5,5,conflict_check,0.8289,0.732,0.3222,0,0.856,0.5032,clean,0
jiis_trace_0150,jiis_trace_0150_s6,6,answer_synthesis,0.8652,0.7851,0.2224,0,0.8401,0.3404,clean,0
jiis_trace_0151,jiis_trace_0151_s1,1,query_decomposition,0.8774,0.8208,0.401,2,0.6079,0.5626,clean,0
jiis_trace_0151,jiis_trace_0151_s2,2,entity_binding,0.8975,0.8125,0.3891,0,0.6728,0.4636,clean,0
jiis_trace_0151,jiis_trace_0151_s3,3,evidence_retrieval,0.7425,0.3433,0.1298,2,0.647,0.6545,missing_evidence,1
jiis_trace_0151,jiis_trace_0151_s4,4,relation_check,0.8698,0.6407,0.2406,1,0.7124,0.6374,clean,0
jiis_trace_0151,jiis_trace_0151_s5,5,conflict_check,0.7782,0.7617,0.1314,0,0.8303,0.7923,clean,0
jiis_trace_0151,jiis_trace_0151_s6,6,answer_synthesis,0.7572,0.8716,0.4598,0,0.8681,0.2707,clean,0
jiis_trace_0151,jiis_trace_0151_s7,7,query_decomposition,0.8013,0.7583,0.3338,2,0.8348,0.616,clean,0
jiis_trace_0152,jiis_trace_0152_s1,1,query_decomposition,0.8122,0.7287,0.136,2,0.8975,0.5204,clean,0
jiis_trace_0152,jiis_trace_0152_s2,2,entity_binding,0.8493,0.7884,0.1291,3,0.6494,0.8202,clean,0
jiis_trace_0152,jiis_trace_0152_s3,3,evidence_retrieval,0.88,0.832,0.8276,1,0.7078,0.77,duplicate_support,1
jiis_trace_0152,jiis_trace_0152_s4,4,relation_check,0.8634,0.6402,0.8373,0,0.8593,0.4443,duplicate_support,1
jiis_trace_0152,jiis_trace_0152_s5,5,conflict_check,0.8301,0.8591,0.859,2,0.7878,0.5503,duplicate_support,1
jiis_trace_0152,jiis_trace_0152_s6,6,answer_synthesis,0.7479,0.8656,0.103,2,0.5863,0.7457,clean,0
jiis_trace_0152,jiis_trace_0152_s7,7,query_decomposition,0.8934,0.8979,0.2997,0,0.7608,0.5763,clean,0
jiis_trace_0152,jiis_trace_0152_s8,8,entity_binding,0.8355,0.6893,0.5934,0,0.5574,0.5965,clean,0
jiis_trace_0153,jiis_trace_0153_s1,1,query_decomposition,0.8504,0.6453,0.2107,3,0.695,0.4884,clean,0
jiis_trace_0153,jiis_trace_0153_s2,2,entity_binding,0.8182,0.8,0.5822,3,0.5505,0.3437,dependency_bottleneck,1
jiis_trace_0153,jiis_trace_0153_s3,3,evidence_retrieval,0.7425,0.8,0.2305,3,0.6387,0.6533,dependency_bottleneck,1
jiis_trace_0153,jiis_trace_0153_s4,4,relation_check,0.8475,0.8848,0.556,2,0.6175,0.5085,clean,0
jiis_trace_0153,jiis_trace_0153_s5,5,conflict_check,0.8951,0.8374,0.4679,2,0.6572,0.75,clean,0
jiis_trace_0153,jiis_trace_0153_s6,6,answer_synthesis,0.7738,0.7571,0.3151,0,0.6099,0.5115,clean,0
jiis_trace_0153,jiis_trace_0153_s7,7,query_decomposition,0.7529,0.7806,0.3621,1,0.8363,0.7129,clean,0
jiis_trace_0153,jiis_trace_0153_s8,8,entity_binding,0.9043,0.8169,0.21,0,0.7776,0.4384,clean,0
jiis_trace_0153,jiis_trace_0153_s9,9,evidence_retrieval,0.9178,0.6611,0.16,0,0.8912,0.4402,clean,0
jiis_trace_0154,jiis_trace_0154_s1,1,query_decomposition,0.7552,0.7547,0.4621,1,0.6723,0.7907,clean,0
jiis_trace_0154,jiis_trace_0154_s2,2,entity_binding,0.7319,0.7143,0.1944,1,0.7432,0.3601,clean,0
jiis_trace_0154,jiis_trace_0154_s3,3,evidence_retrieval,0.891,0.7067,0.2242,2,0.8879,0.8275,clean,0
jiis_trace_0154,jiis_trace_0154_s4,4,relation_check,0.8672,0.8694,0.5959,3,0.6073,0.7603,clean,0
jiis_trace_0154,jiis_trace_0154_s5,5,conflict_check,0.8512,0.8405,0.2724,1,0.2322,0.644,temporal_conflict,1
jiis_trace_0154,jiis_trace_0154_s6,6,answer_synthesis,0.8933,0.864,0.1634,3,0.6457,0.6834,clean,0
jiis_trace_0154,jiis_trace_0154_s7,7,query_decomposition,0.894,0.8147,0.3393,3,0.5681,0.8803,clean,0
jiis_trace_0154,jiis_trace_0154_s8,8,entity_binding,0.854,0.6205,0.2962,2,0.652,0.2915,clean,0
jiis_trace_0154,jiis_trace_0154_s9,9,evidence_retrieval,0.9068,0.7421,0.2509,2,0.7032,0.24,clean,0
jiis_trace_0154,jiis_trace_0154_s10,10,relation_check,0.7938,0.7417,0.335,3,0.8503,0.684,clean,0
jiis_trace_0155,jiis_trace_0155_s1,1,query_decomposition,0.837,0.8025,0.4549,2,0.8716,0.4059,clean,0
jiis_trace_0155,jiis_trace_0155_s2,2,entity_binding,0.3012,0.6302,0.2036,2,0.5745,0.6928,entity_binding_error,1
jiis_trace_0155,jiis_trace_0155_s3,3,evidence_retrieval,0.8783,0.7919,0.0811,3,0.6153,0.7859,clean,0
jiis_trace_0155,jiis_trace_0155_s4,4,relation_check,0.7241,0.6298,0.477,0,0.8323,0.5577,clean,0
jiis_trace_0155,jiis_trace_0155_s5,5,conflict_check,0.8011,0.8218,0.1553,0,0.7018,0.7764,clean,0
jiis_trace_0155,jiis_trace_0155_s6,6,answer_synthesis,0.8504,0.659,0.6138,0,0.611,0.5712,clean,0
jiis_trace_0156,jiis_trace_0156_s1,1,query_decomposition,0.7599,0.7643,0.5651,3,0.6621,0.5946,clean,0
jiis_trace_0156,jiis_trace_0156_s2,2,entity_binding,0.8993,0.8725,0.4499,1,0.6209,0.7174,clean,0
jiis_trace_0156,jiis_trace_0156_s3,3,evidence_retrieval,0.7989,0.3131,0.5662,0,0.8876,0.6724,missing_evidence,1
jiis_trace_0156,jiis_trace_0156_s4,4,relation_check,0.7234,0.8988,0.2868,3,0.8435,0.884,clean,0
jiis_trace_0156,jiis_trace_0156_s5,5,conflict_check,0.8723,0.6894,0.4314,2,0.652,0.582,clean,0
jiis_trace_0156,jiis_trace_0156_s6,6,answer_synthesis,0.8357,0.7327,0.3702,1,0.8834,0.2316,clean,0
jiis_trace_0156,jiis_trace_0156_s7,7,query_decomposition,0.8057,0.7067,0.4838,0,0.8288,0.8357,clean,0
jiis_trace_0157,jiis_trace_0157_s1,1,query_decomposition,0.8322,0.8787,0.4996,1,0.8355,0.4429,clean,0
jiis_trace_0157,jiis_trace_0157_s2,2,entity_binding,0.8179,0.8851,0.1221,3,0.6152,0.2735,clean,0
jiis_trace_0157,jiis_trace_0157_s3,3,evidence_retrieval,0.8133,0.8199,0.8567,1,0.7001,0.2949,duplicate_support,1
jiis_trace_0157,jiis_trace_0157_s4,4,relation_check,0.8351,0.8875,0.8261,1,0.6147,0.2633,duplicate_support,1
jiis_trace_0157,jiis_trace_0157_s5,5,conflict_check,0.783,0.768,0.831,2,0.557,0.3062,duplicate_support,1
jiis_trace_0157,jiis_trace_0157_s6,6,answer_synthesis,0.8191,0.7077,0.2699,1,0.7838,0.8977,clean,0
jiis_trace_0157,jiis_trace_0157_s7,7,query_decomposition,0.9111,0.6251,0.2389,3,0.5851,0.5993,clean,0
jiis_trace_0157,jiis_trace_0157_s8,8,entity_binding,0.818,0.868,0.4728,2,0.769,0.7985,clean,0
jiis_trace_0158,jiis_trace_0158_s1,1,query_decomposition,0.8989,0.866,0.5293,2,0.8544,0.6002,clean,0
jiis_trace_0158,jiis_trace_0158_s2,2,entity_binding,0.7268,0.8,0.343,3,0.7074,0.351,dependency_bottleneck,1
jiis_trace_0158,jiis_trace_0158_s3,3,evidence_retrieval,0.9176,0.8,0.2821,3,0.6593,0.3178,dependency_bottleneck,1
jiis_trace_0158,jiis_trace_0158_s4,4,relation_check,0.8272,0.6821,0.6024,1,0.6339,0.3534,clean,0
jiis_trace_0158,jiis_trace_0158_s5,5,conflict_check,0.8106,0.7641,0.2009,1,0.6646,0.2652,clean,0
jiis_trace_0158,jiis_trace_0158_s6,6,answer_synthesis,0.7422,0.6227,0.5571,1,0.6594,0.5037,clean,0
jiis_trace_0158,jiis_trace_0158_s7,7,query_decomposition,0.7879,0.7401,0.5151,1,0.6042,0.4428,clean,0
jiis_trace_0158,jiis_trace_0158_s8,8,entity_binding,0.904,0.8436,0.3057,2,0.8097,0.4121,clean,0
jiis_trace_0158,jiis_trace_0158_s9,9,evidence_retrieval,0.7334,0.8508,0.6229,1,0.8985,0.5378,clean,0
jiis_trace_0159,jiis_trace_0159_s1,1,query_decomposition,0.799,0.849,0.5074,2,0.6521,0.2606,clean,0
jiis_trace_0159,jiis_trace_0159_s2,2,entity_binding,0.7581,0.8142,0.2339,2,0.7401,0.4911,clean,0
jiis_trace_0159,jiis_trace_0159_s3,3,evidence_retrieval,0.721,0.7733,0.3368,3,0.6273,0.2872,clean,0
jiis_trace_0159,jiis_trace_0159_s4,4,relation_check,0.8832,0.8204,0.3128,2,0.6174,0.3565,clean,0
jiis_trace_0159,jiis_trace_0159_s5,5,conflict_check,0.8453,0.6798,0.4362,3,0.2324,0.5924,temporal_conflict,1
jiis_trace_0159,jiis_trace_0159_s6,6,answer_synthesis,0.9122,0.8826,0.4939,2,0.8587,0.6304,clean,0
jiis_trace_0159,jiis_trace_0159_s7,7,query_decomposition,0.728,0.8721,0.2004,3,0.7731,0.5911,clean,0
jiis_trace_0159,jiis_trace_0159_s8,8,entity_binding,0.733,0.8124,0.46,1,0.8154,0.3689,clean,0
jiis_trace_0159,jiis_trace_0159_s9,9,evidence_retrieval,0.8158,0.6509,0.1039,2,0.8304,0.2992,clean,0
jiis_trace_0159,jiis_trace_0159_s10,10,relation_check,0.8676,0.6411,0.2534,3,0.8224,0.7511,clean,0
jiis_trace_0160,jiis_trace_0160_s1,1,query_decomposition,0.7506,0.7662,0.3366,3,0.7007,0.8102,clean,0
jiis_trace_0160,jiis_trace_0160_s2,2,entity_binding,0.3302,0.8124,0.1906,1,0.577,0.4367,entity_binding_error,1
jiis_trace_0160,jiis_trace_0160_s3,3,evidence_retrieval,0.8736,0.6733,0.5634,2,0.8965,0.8161,clean,0
jiis_trace_0160,jiis_trace_0160_s4,4,relation_check,0.8379,0.6686,0.1725,1,0.6006,0.3758,clean,0
jiis_trace_0160,jiis_trace_0160_s5,5,conflict_check,0.8109,0.8144,0.2328,3,0.8333,0.7668,clean,0
jiis_trace_0160,jiis_trace_0160_s6,6,answer_synthesis,0.7586,0.7763,0.3962,1,0.8004,0.8036,clean,0
jiis_trace_0161,jiis_trace_0161_s1,1,query_decomposition,0.7321,0.8171,0.5469,2,0.8581,0.2681,clean,0
jiis_trace_0161,jiis_trace_0161_s2,2,entity_binding,0.8681,0.8643,0.4535,0,0.5863,0.8155,clean,0
jiis_trace_0161,jiis_trace_0161_s3,3,evidence_retrieval,0.9015,0.3592,0.3113,1,0.7205,0.4008,missing_evidence,1
jiis_trace_0161,jiis_trace_0161_s4,4,relation_check,0.7613,0.7575,0.5462,3,0.6606,0.5217,clean,0
jiis_trace_0161,jiis_trace_0161_s5,5,conflict_check,0.8375,0.846,0.2221,1,0.7704,0.8847,clean,0
jiis_trace_0161,jiis_trace_0161_s6,6,answer_synthesis,0.7476,0.8481,0.5999,0,0.7451,0.3411,clean,0
jiis_trace_0161,jiis_trace_0161_s7,7,query_decomposition,0.8661,0.6251,0.4021,1,0.6241,0.3232,clean,0
jiis_trace_0162,jiis_trace_0162_s1,1,query_decomposition,0.8742,0.8658,0.1618,1,0.739,0.7271,clean,0
jiis_trace_0162,jiis_trace_0162_s2,2,entity_binding,0.7262,0.8561,0.5763,2,0.8608,0.7914,clean,0
jiis_trace_0162,jiis_trace_0162_s3,3,evidence_retrieval,0.7347,0.8622,0.8277,3,0.8772,0.7989,duplicate_support,1
jiis_trace_0162,jiis_trace_0162_s4,4,relation_check,0.7899,0.6285,0.8223,3,0.7784,0.6422,duplicate_support,1
jiis_trace_0162,jiis_trace_0162_s5,5,conflict_check,0.791,0.8303,0.8497,3,0.638,0.6259,duplicate_support,1
jiis_trace_0162,jiis_trace_0162_s6,6,answer_synthesis,0.8323,0.8015,0.5629,2,0.6043,0.7974,clean,0
jiis_trace_0162,jiis_trace_0162_s7,7,query_decomposition,0.8872,0.6906,0.3057,2,0.8194,0.5496,clean,0
jiis_trace_0162,jiis_trace_0162_s8,8,entity_binding,0.7935,0.6221,0.1562,0,0.6339,0.4212,clean,0
jiis_trace_0163,jiis_trace_0163_s1,1,query_decomposition,0.8169,0.63,0.1064,3,0.5713,0.8347,clean,0
jiis_trace_0163,jiis_trace_0163_s2,2,entity_binding,0.7437,0.8,0.5342,3,0.7443,0.6439,dependency_bottleneck,1
jiis_trace_0163,jiis_trace_0163_s3,3,evidence_retrieval,0.8871,0.8,0.3101,3,0.5997,0.293,dependency_bottleneck,1
jiis_trace_0163,jiis_trace_0163_s4,4,relation_check,0.8469,0.7225,0.3216,1,0.8541,0.8504,clean,0
jiis_trace_0163,jiis_trace_0163_s5,5,conflict_check,0.8657,0.8018,0.3124,1,0.656,0.8935,clean,0
jiis_trace_0163,jiis_trace_0163_s6,6,answer_synthesis,0.8894,0.7517,0.3739,1,0.8063,0.8102,clean,0
jiis_trace_0163,jiis_trace_0163_s7,7,query_decomposition,0.8599,0.7919,0.2648,3,0.5811,0.4966,clean,0
jiis_trace_0163,jiis_trace_0163_s8,8,entity_binding,0.8945,0.8337,0.4784,1,0.6568,0.3189,clean,0
jiis_trace_0163,jiis_trace_0163_s9,9,evidence_retrieval,0.9017,0.7337,0.0967,1,0.6159,0.4357,clean,0
jiis_trace_0164,jiis_trace_0164_s1,1,query_decomposition,0.7246,0.8428,0.2692,2,0.7863,0.4613,clean,0
jiis_trace_0164,jiis_trace_0164_s2,2,entity_binding,0.9,0.7072,0.4717,2,0.7883,0.7545,clean,0
jiis_trace_0164,jiis_trace_0164_s3,3,evidence_retrieval,0.8693,0.6993,0.1919,1,0.8922,0.8765,clean,0
jiis_trace_0164,jiis_trace_0164_s4,4,relation_check,0.7922,0.7636,0.4112,2,0.6049,0.8033,clean,0
jiis_trace_0164,jiis_trace_0164_s5,5,conflict_check,0.8588,0.6246,0.1378,3,0.2815,0.8762,temporal_conflict,1
jiis_trace_0164,jiis_trace_0164_s6,6,answer_synthesis,0.8511,0.6543,0.5265,3,0.6028,0.2711,clean,0
jiis_trace_0164,jiis_trace_0164_s7,7,query_decomposition,0.8306,0.7698,0.2031,1,0.6324,0.7474,clean,0
jiis_trace_0164,jiis_trace_0164_s8,8,entity_binding,0.9199,0.8658,0.1514,1,0.8693,0.565,clean,0
jiis_trace_0164,jiis_trace_0164_s9,9,evidence_retrieval,0.8865,0.7979,0.6047,0,0.7634,0.5385,clean,0
jiis_trace_0164,jiis_trace_0164_s10,10,relation_check,0.9,0.717,0.374,3,0.6863,0.3257,clean,0
jiis_trace_0165,jiis_trace_0165_s1,1,query_decomposition,0.7645,0.8387,0.5007,3,0.5651,0.3957,clean,0
jiis_trace_0165,jiis_trace_0165_s2,2,entity_binding,0.3208,0.7438,0.5069,1,0.7065,0.8755,entity_binding_error,1
jiis_trace_0165,jiis_trace_0165_s3,3,evidence_retrieval,0.7535,0.8311,0.3879,0,0.8937,0.4469,clean,0
jiis_trace_0165,jiis_trace_0165_s4,4,relation_check,0.8296,0.7659,0.4512,0,0.8958,0.7381,clean,0
jiis_trace_0165,jiis_trace_0165_s5,5,conflict_check,0.8072,0.8631,0.276,2,0.6923,0.2552,clean,0
jiis_trace_0165,jiis_trace_0165_s6,6,answer_synthesis,0.7428,0.7471,0.3882,2,0.5992,0.4525,clean,0
jiis_trace_0166,jiis_trace_0166_s1,1,query_decomposition,0.7649,0.7402,0.0968,0,0.5633,0.6948,clean,0
jiis_trace_0166,jiis_trace_0166_s2,2,entity_binding,0.795,0.8213,0.451,0,0.6751,0.5547,clean,0
jiis_trace_0166,jiis_trace_0166_s3,3,evidence_retrieval,0.8113,0.3203,0.2025,3,0.6546,0.4932,missing_evidence,1
jiis_trace_0166,jiis_trace_0166_s4,4,relation_check,0.8764,0.811,0.3509,2,0.7529,0.2317,clean,0
jiis_trace_0166,jiis_trace_0166_s5,5,conflict_check,0.7751,0.714,0.3311,0,0.6056,0.7449,clean,0
jiis_trace_0166,jiis_trace_0166_s6,6,answer_synthesis,0.7471,0.6959,0.5061,2,0.8105,0.6098,clean,0
jiis_trace_0166,jiis_trace_0166_s7,7,query_decomposition,0.8448,0.7291,0.2352,1,0.8187,0.3482,clean,0
jiis_trace_0167,jiis_trace_0167_s1,1,query_decomposition,0.8401,0.6443,0.3659,3,0.8265,0.5415,clean,0
jiis_trace_0167,jiis_trace_0167_s2,2,entity_binding,0.8046,0.6369,0.1117,0,0.6996,0.7673,clean,0
jiis_trace_0167,jiis_trace_0167_s3,3,evidence_retrieval,0.8484,0.7519,0.8567,2,0.5731,0.3543,duplicate_support,1
jiis_trace_0167,jiis_trace_0167_s4,4,relation_check,0.7606,0.8044,0.8418,1,0.7035,0.6579,duplicate_support,1
jiis_trace_0167,jiis_trace_0167_s5,5,conflict_check,0.7658,0.7759,0.8309,3,0.701,0.4718,duplicate_support,1
jiis_trace_0167,jiis_trace_0167_s6,6,answer_synthesis,0.8791,0.6373,0.2017,2,0.5879,0.8991,clean,0
jiis_trace_0167,jiis_trace_0167_s7,7,query_decomposition,0.8412,0.864,0.4143,3,0.7303,0.7432,clean,0
jiis_trace_0167,jiis_trace_0167_s8,8,entity_binding,0.8673,0.6792,0.3758,3,0.8721,0.2853,clean,0
jiis_trace_0168,jiis_trace_0168_s1,1,query_decomposition,0.9157,0.7606,0.3472,3,0.7333,0.3013,clean,0
jiis_trace_0168,jiis_trace_0168_s2,2,entity_binding,0.7418,0.8267,0.2772,3,0.7089,0.7088,dependency_bottleneck,1
jiis_trace_0168,jiis_trace_0168_s3,3,evidence_retrieval,0.8421,0.8312,0.5697,3,0.7655,0.7016,dependency_bottleneck,1
jiis_trace_0168,jiis_trace_0168_s4,4,relation_check,0.8556,0.6764,0.5379,0,0.6831,0.5594,clean,0
jiis_trace_0168,jiis_trace_0168_s5,5,conflict_check,0.9086,0.7804,0.3744,0,0.6799,0.4958,clean,0
jiis_trace_0168,jiis_trace_0168_s6,6,answer_synthesis,0.822,0.789,0.1249,3,0.7744,0.8565,clean,0
jiis_trace_0168,jiis_trace_0168_s7,7,query_decomposition,0.7587,0.752,0.5988,2,0.897,0.8809,clean,0
jiis_trace_0168,jiis_trace_0168_s8,8,entity_binding,0.8865,0.7562,0.1794,0,0.6288,0.3322,clean,0
jiis_trace_0168,jiis_trace_0168_s9,9,evidence_retrieval,0.781,0.8496,0.6179,0,0.8061,0.3048,clean,0
jiis_trace_0169,jiis_trace_0169_s1,1,query_decomposition,0.8013,0.6604,0.4034,2,0.606,0.249,clean,0
jiis_trace_0169,jiis_trace_0169_s2,2,entity_binding,0.8867,0.8408,0.5428,1,0.7113,0.6236,clean,0
jiis_trace_0169,jiis_trace_0169_s3,3,evidence_retrieval,0.7468,0.74,0.0974,1,0.8264,0.3359,clean,0
jiis_trace_0169,jiis_trace_0169_s4,4,relation_check,0.7353,0.6949,0.5067,2,0.7149,0.4361,clean,0
jiis_trace_0169,jiis_trace_0169_s5,5,conflict_check,0.7955,0.6794,0.5485,2,0.2237,0.2492,temporal_conflict,1
jiis_trace_0169,jiis_trace_0169_s6,6,answer_synthesis,0.8811,0.6936,0.2084,0,0.5625,0.8916,clean,0
jiis_trace_0169,jiis_trace_0169_s7,7,query_decomposition,0.9096,0.7145,0.1389,2,0.6534,0.5142,clean,0
jiis_trace_0169,jiis_trace_0169_s8,8,entity_binding,0.9009,0.733,0.4526,3,0.6575,0.2132,clean,0
jiis_trace_0169,jiis_trace_0169_s9,9,evidence_retrieval,0.7427,0.8779,0.4686,0,0.8622,0.7781,clean,0
jiis_trace_0169,jiis_trace_0169_s10,10,relation_check,0.819,0.7852,0.5491,1,0.6275,0.6113,clean,0
jiis_trace_0170,jiis_trace_0170_s1,1,query_decomposition,0.8134,0.8877,0.4447,3,0.884,0.5473,clean,0
jiis_trace_0170,jiis_trace_0170_s2,2,entity_binding,0.2864,0.8644,0.1082,1,0.6332,0.5178,entity_binding_error,1
jiis_trace_0170,jiis_trace_0170_s3,3,evidence_retrieval,0.8522,0.6629,0.2668,0,0.7311,0.8185,clean,0
jiis_trace_0170,jiis_trace_0170_s4,4,relation_check,0.9178,0.6954,0.0942,3,0.8548,0.3679,clean,0
jiis_trace_0170,jiis_trace_0170_s5,5,conflict_check,0.8285,0.832,0.5677,0,0.7489,0.8318,clean,0
jiis_trace_0170,jiis_trace_0170_s6,6,answer_synthesis,0.7486,0.6807,0.5066,3,0.5736,0.6549,clean,0
jiis_trace_0171,jiis_trace_0171_s1,1,query_decomposition,0.8561,0.8087,0.5429,3,0.8914,0.3998,clean,0
jiis_trace_0171,jiis_trace_0171_s2,2,entity_binding,0.8344,0.7684,0.4446,3,0.6815,0.8812,clean,0
jiis_trace_0171,jiis_trace_0171_s3,3,evidence_retrieval,0.7345,0.3364,0.389,2,0.561,0.3117,missing_evidence,1
jiis_trace_0171,jiis_trace_0171_s4,4,relation_check,0.7867,0.8228,0.1711,3,0.6726,0.7806,clean,0
jiis_trace_0171,jiis_trace_0171_s5,5,conflict_check,0.8968,0.8877,0.1799,1,0.896,0.7851,clean,0
jiis_trace_0171,jiis_trace_0171_s6,6,answer_synthesis,0.7966,0.7314,0.5546,2,0.8821,0.8982,clean,0
jiis_trace_0171,jiis_trace_0171_s7,7,query_decomposition,0.881,0.6463,0.4781,3,0.6324,0.3361,clean,0
jiis_trace_0172,jiis_trace_0172_s1,1,query_decomposition,0.7476,0.7376,0.5304,0,0.7843,0.2864,clean,0
jiis_trace_0172,jiis_trace_0172_s2,2,entity_binding,0.8644,0.6397,0.5105,1,0.8824,0.3965,clean,0
jiis_trace_0172,jiis_trace_0172_s3,3,evidence_retrieval,0.7864,0.8788,0.8388,1,0.6872,0.7322,duplicate_support,1
jiis_trace_0172,jiis_trace_0172_s4,4,relation_check,0.8097,0.8626,0.8307,2,0.6248,0.6435,duplicate_support,1
jiis_trace_0172,jiis_trace_0172_s5,5,conflict_check,0.8961,0.8328,0.8249,0,0.6271,0.8447,duplicate_support,1
jiis_trace_0172,jiis_trace_0172_s6,6,answer_synthesis,0.8564,0.6283,0.1232,1,0.8173,0.2762,clean,0
jiis_trace_0172,jiis_trace_0172_s7,7,query_decomposition,0.84,0.7683,0.4835,2,0.8605,0.312,clean,0
jiis_trace_0172,jiis_trace_0172_s8,8,entity_binding,0.7881,0.8624,0.3696,0,0.838,0.7509,clean,0
jiis_trace_0173,jiis_trace_0173_s1,1,query_decomposition,0.906,0.8609,0.1152,1,0.5975,0.4699,clean,0
jiis_trace_0173,jiis_trace_0173_s2,2,entity_binding,0.8611,0.8,0.5578,3,0.5559,0.5345,dependency_bottleneck,1
jiis_trace_0173,jiis_trace_0173_s3,3,evidence_retrieval,0.7593,0.8544,0.2631,3,0.5759,0.5709,dependency_bottleneck,1
jiis_trace_0173,jiis_trace_0173_s4,4,relation_check,0.7612,0.7772,0.37,2,0.7186,0.8641,clean,0
jiis_trace_0173,jiis_trace_0173_s5,5,conflict_check,0.8993,0.6585,0.4683,0,0.6297,0.6014,clean,0
jiis_trace_0173,jiis_trace_0173_s6,6,answer_synthesis,0.7678,0.8238,0.5259,0,0.5957,0.3924,clean,0
jiis_trace_0173,jiis_trace_0173_s7,7,query_decomposition,0.8792,0.7435,0.1894,3,0.5583,0.6453,clean,0
jiis_trace_0173,jiis_trace_0173_s8,8,entity_binding,0.8958,0.8369,0.4482,2,0.8722,0.5798,clean,0
jiis_trace_0173,jiis_trace_0173_s9,9,evidence_retrieval,0.8742,0.6799,0.0908,3,0.7937,0.7116,clean,0
jiis_trace_0174,jiis_trace_0174_s1,1,query_decomposition,0.8231,0.8018,0.1813,2,0.5938,0.4746,clean,0
jiis_trace_0174,jiis_trace_0174_s2,2,entity_binding,0.7785,0.8059,0.0909,3,0.8678,0.2619,clean,0
jiis_trace_0174,jiis_trace_0174_s3,3,evidence_retrieval,0.8538,0.8117,0.5727,0,0.6786,0.2871,clean,0
jiis_trace_0174,jiis_trace_0174_s4,4,relation_check,0.8431,0.7574,0.4974,1,0.6646,0.3281,clean,0
jiis_trace_0174,jiis_trace_0174_s5,5,conflict_check,0.7366,0.8445,0.1145,1,0.2781,0.3118,temporal_conflict,1
jiis_trace_0174,jiis_trace_0174_s6,6,answer_synthesis,0.7204,0.674,0.5319,3,0.7011,0.5177,clean,0
jiis_trace_0174,jiis_trace_0174_s7,7,query_decomposition,0.8955,0.7025,0.0836,0,0.6235,0.6137,clean,0
jiis_trace_0174,jiis_trace_0174_s8,8,entity_binding,0.745,0.7004,0.1946,1,0.7005,0.6511,clean,0
jiis_trace_0174,jiis_trace_0174_s9,9,evidence_retrieval,0.759,0.7647,0.1154,0,0.6467,0.5108,clean,0
jiis_trace_0174,jiis_trace_0174_s10,10,relation_check,0.7783,0.6724,0.5585,2,0.5748,0.6505,clean,0
jiis_trace_0175,jiis_trace_0175_s1,1,query_decomposition,0.8191,0.7623,0.106,2,0.6732,0.7096,clean,0
jiis_trace_0175,jiis_trace_0175_s2,2,entity_binding,0.3114,0.6287,0.3839,2,0.5852,0.6459,entity_binding_error,1
jiis_trace_0175,jiis_trace_0175_s3,3,evidence_retrieval,0.7425,0.8665,0.1967,2,0.846,0.6191,clean,0
jiis_trace_0175,jiis_trace_0175_s4,4,relation_check,0.7707,0.6525,0.5292,3,0.8444,0.639,clean,0
jiis_trace_0175,jiis_trace_0175_s5,5,conflict_check,0.8633,0.8062,0.548,0,0.8606,0.6986,clean,0
jiis_trace_0175,jiis_trace_0175_s6,6,answer_synthesis,0.9034,0.8991,0.2059,0,0.5884,0.4568,clean,0
jiis_trace_0176,jiis_trace_0176_s1,1,query_decomposition,0.894,0.7645,0.3133,1,0.5844,0.5721,clean,0
jiis_trace_0176,jiis_trace_0176_s2,2,entity_binding,0.7958,0.6396,0.1607,3,0.7456,0.7172,clean,0
jiis_trace_0176,jiis_trace_0176_s3,3,evidence_retrieval,0.7954,0.3181,0.4708,1,0.5617,0.2526,missing_evidence,1
jiis_trace_0176,jiis_trace_0176_s4,4,relation_check,0.8254,0.8546,0.612,2,0.8075,0.2149,clean,0
jiis_trace_0176,jiis_trace_0176_s5,5,conflict_check,0.7295,0.6316,0.3423,3,0.7993,0.8867,clean,0
jiis_trace_0176,jiis_trace_0176_s6,6,answer_synthesis,0.8987,0.853,0.5109,3,0.6894,0.5287,clean,0
jiis_trace_0176,jiis_trace_0176_s7,7,query_decomposition,0.793,0.6717,0.311,3,0.6762,0.3753,clean,0
jiis_trace_0177,jiis_trace_0177_s1,1,query_decomposition,0.7607,0.8861,0.1922,2,0.6036,0.8662,clean,0
jiis_trace_0177,jiis_trace_0177_s2,2,entity_binding,0.7801,0.7297,0.2617,3,0.843,0.8181,clean,0
jiis_trace_0177,jiis_trace_0177_s3,3,evidence_retrieval,0.8865,0.8703,0.8545,2,0.7664,0.8802,duplicate_support,1
jiis_trace_0177,jiis_trace_0177_s4,4,relation_check,0.8914,0.6376,0.8538,2,0.8882,0.487,duplicate_support,1
jiis_trace_0177,jiis_trace_0177_s5,5,conflict_check,0.7453,0.7456,0.8437,0,0.8641,0.8467,duplicate_support,1
jiis_trace_0177,jiis_trace_0177_s6,6,answer_synthesis,0.8602,0.8707,0.5195,1,0.8744,0.8253,clean,0
jiis_trace_0177,jiis_trace_0177_s7,7,query_decomposition,0.9105,0.7218,0.1572,0,0.75,0.7442,clean,0
jiis_trace_0177,jiis_trace_0177_s8,8,entity_binding,0.8798,0.8005,0.4451,0,0.6352,0.7119,clean,0
jiis_trace_0178,jiis_trace_0178_s1,1,query_decomposition,0.877,0.7647,0.3543,3,0.776,0.6205,clean,0
jiis_trace_0178,jiis_trace_0178_s2,2,entity_binding,0.8227,0.8044,0.1618,3,0.7642,0.52,dependency_bottleneck,1
jiis_trace_0178,jiis_trace_0178_s3,3,evidence_retrieval,0.7362,0.8508,0.2952,3,0.8268,0.3267,dependency_bottleneck,1
jiis_trace_0178,jiis_trace_0178_s4,4,relation_check,0.7736,0.8222,0.35,3,0.6874,0.2996,clean,0
jiis_trace_0178,jiis_trace_0178_s5,5,conflict_check,0.8525,0.7752,0.263,0,0.5713,0.2082,clean,0
jiis_trace_0178,jiis_trace_0178_s6,6,answer_synthesis,0.9148,0.6386,0.3688,3,0.6987,0.8353,clean,0
jiis_trace_0178,jiis_trace_0178_s7,7,query_decomposition,0.7996,0.6542,0.5166,1,0.7639,0.3797,clean,0
jiis_trace_0178,jiis_trace_0178_s8,8,entity_binding,0.7819,0.7737,0.2073,1,0.793,0.8938,clean,0
jiis_trace_0178,jiis_trace_0178_s9,9,evidence_retrieval,0.8931,0.8516,0.1862,1,0.7814,0.8926,clean,0
jiis_trace_0179,jiis_trace_0179_s1,1,query_decomposition,0.8314,0.8118,0.5326,1,0.6052,0.3776,clean,0
jiis_trace_0179,jiis_trace_0179_s2,2,entity_binding,0.7861,0.7244,0.6232,2,0.5535,0.7761,clean,0
jiis_trace_0179,jiis_trace_0179_s3,3,evidence_retrieval,0.8376,0.789,0.2138,2,0.5888,0.3443,clean,0
jiis_trace_0179,jiis_trace_0179_s4,4,relation_check,0.9178,0.8812,0.3679,0,0.6613,0.775,clean,0
jiis_trace_0179,jiis_trace_0179_s5,5,conflict_check,0.7618,0.7779,0.0988,3,0.2356,0.8799,temporal_conflict,1
jiis_trace_0179,jiis_trace_0179_s6,6,answer_synthesis,0.7282,0.7381,0.3112,2,0.8167,0.559,clean,0
jiis_trace_0179,jiis_trace_0179_s7,7,query_decomposition,0.7657,0.8647,0.5698,1,0.6506,0.2034,clean,0
jiis_trace_0179,jiis_trace_0179_s8,8,entity_binding,0.8739,0.8673,0.3593,3,0.5901,0.3682,clean,0
jiis_trace_0179,jiis_trace_0179_s9,9,evidence_retrieval,0.8752,0.8368,0.4708,1,0.8749,0.515,clean,0
jiis_trace_0179,jiis_trace_0179_s10,10,relation_check,0.9166,0.756,0.5236,3,0.634,0.42,clean,0
jiis_trace_0180,jiis_trace_0180_s1,1,query_decomposition,0.7699,0.7357,0.3826,2,0.6263,0.2183,clean,0
jiis_trace_0180,jiis_trace_0180_s2,2,entity_binding,0.3131,0.7607,0.3028,2,0.8938,0.7355,entity_binding_error,1
jiis_trace_0180,jiis_trace_0180_s3,3,evidence_retrieval,0.8403,0.8714,0.4218,3,0.7641,0.6913,clean,0
jiis_trace_0180,jiis_trace_0180_s4,4,relation_check,0.768,0.8327,0.3468,2,0.5633,0.3875,clean,0
jiis_trace_0180,jiis_trace_0180_s5,5,conflict_check,0.7617,0.8479,0.4629,1,0.6334,0.3171,clean,0
jiis_trace_0180,jiis_trace_0180_s6,6,answer_synthesis,0.7923,0.6374,0.2337,3,0.5528,0.7147,clean,0
jiis_trace_0181,jiis_trace_0181_s1,1,query_decomposition,0.7919,0.8782,0.3648,3,0.8566,0.4996,clean,0
jiis_trace_0181,jiis_trace_0181_s2,2,entity_binding,0.8902,0.6519,0.2855,3,0.6022,0.3305,clean,0
jiis_trace_0181,jiis_trace_0181_s3,3,evidence_retrieval,0.7274,0.344,0.36,3,0.6774,0.7095,missing_evidence,1
jiis_trace_0181,jiis_trace_0181_s4,4,relation_check,0.8492,0.8225,0.1065,2,0.705,0.2178,clean,0
jiis_trace_0181,jiis_trace_0181_s5,5,conflict_check,0.7831,0.8279,0.2838,3,0.6587,0.3581,clean,0
jiis_trace_0181,jiis_trace_0181_s6,6,answer_synthesis,0.9102,0.8426,0.1304,1,0.8596,0.3561,clean,0
jiis_trace_0181,jiis_trace_0181_s7,7,query_decomposition,0.8343,0.764,0.5501,1,0.5855,0.6966,clean,0
jiis_trace_0182,jiis_trace_0182_s1,1,query_decomposition,0.7742,0.8758,0.2371,1,0.7319,0.8203,clean,0
jiis_trace_0182,jiis_trace_0182_s2,2,entity_binding,0.7488,0.6797,0.1935,1,0.7064,0.3202,clean,0
jiis_trace_0182,jiis_trace_0182_s3,3,evidence_retrieval,0.7862,0.6302,0.8339,1,0.6407,0.4018,duplicate_support,1
jiis_trace_0182,jiis_trace_0182_s4,4,relation_check,0.8928,0.8424,0.8204,0,0.6271,0.4966,duplicate_support,1
jiis_trace_0182,jiis_trace_0182_s5,5,conflict_check,0.8793,0.8361,0.8446,3,0.6514,0.8578,duplicate_support,1
jiis_trace_0182,jiis_trace_0182_s6,6,answer_synthesis,0.8373,0.8268,0.2719,1,0.7592,0.2119,clean,0
jiis_trace_0182,jiis_trace_0182_s7,7,query_decomposition,0.8855,0.7218,0.0889,2,0.8838,0.6368,clean,0
jiis_trace_0182,jiis_trace_0182_s8,8,entity_binding,0.8289,0.7856,0.4653,3,0.8913,0.6916,clean,0
jiis_trace_0183,jiis_trace_0183_s1,1,query_decomposition,0.864,0.7258,0.44,0,0.8887,0.6967,clean,0
jiis_trace_0183,jiis_trace_0183_s2,2,entity_binding,0.7796,0.8,0.088,3,0.7802,0.4697,dependency_bottleneck,1
jiis_trace_0183,jiis_trace_0183_s3,3,evidence_retrieval,0.8274,0.8,0.5199,3,0.7583,0.4675,dependency_bottleneck,1
jiis_trace_0183,jiis_trace_0183_s4,4,relation_check,0.7321,0.7098,0.1587,2,0.8429,0.2555,clean,0
jiis_trace_0183,jiis_trace_0183_s5,5,conflict_check,0.7293,0.8344,0.2707,3,0.6526,0.2662,clean,0
jiis_trace_0183,jiis_trace_0183_s6,6,answer_synthesis,0.7821,0.6412,0.4145,3,0.8516,0.4995,clean,0
jiis_trace_0183,jiis_trace_0183_s7,7,query_decomposition,0.774,0.7385,0.5225,1,0.7164,0.4031,clean,0
jiis_trace_0183,jiis_trace_0183_s8,8,entity_binding,0.9157,0.8655,0.4704,1,0.8931,0.3339,clean,0
jiis_trace_0183,jiis_trace_0183_s9,9,evidence_retrieval,0.9004,0.886,0.1479,1,0.8531,0.4952,clean,0
jiis_trace_0184,jiis_trace_0184_s1,1,query_decomposition,0.7623,0.6795,0.2019,3,0.5935,0.509,clean,0
jiis_trace_0184,jiis_trace_0184_s2,2,entity_binding,0.7411,0.867,0.3416,3,0.6451,0.4421,clean,0
jiis_trace_0184,jiis_trace_0184_s3,3,evidence_retrieval,0.8812,0.7395,0.1316,2,0.844,0.3545,clean,0
jiis_trace_0184,jiis_trace_0184_s4,4,relation_check,0.761,0.7072,0.3111,3,0.8262,0.78,clean,0
jiis_trace_0184,jiis_trace_0184_s5,5,conflict_check,0.9138,0.711,0.1689,2,0.2873,0.3656,temporal_conflict,1
jiis_trace_0184,jiis_trace_0184_s6,6,answer_synthesis,0.8222,0.8063,0.5556,0,0.6061,0.706,clean,0
jiis_trace_0184,jiis_trace_0184_s7,7,query_decomposition,0.8968,0.6547,0.139,3,0.7669,0.3279,clean,0
jiis_trace_0184,jiis_trace_0184_s8,8,entity_binding,0.804,0.7463,0.3649,1,0.7714,0.4231,clean,0
jiis_trace_0184,jiis_trace_0184_s9,9,evidence_retrieval,0.7503,0.6811,0.5639,1,0.6459,0.7709,clean,0
jiis_trace_0184,jiis_trace_0184_s10,10,relation_check,0.8657,0.6409,0.1572,3,0.7793,0.7952,clean,0
jiis_trace_0185,jiis_trace_0185_s1,1,query_decomposition,0.8871,0.6862,0.4532,1,0.5795,0.4024,clean,0
jiis_trace_0185,jiis_trace_0185_s2,2,entity_binding,0.3075,0.6685,0.5121,0,0.5829,0.4859,entity_binding_error,1
jiis_trace_0185,jiis_trace_0185_s3,3,evidence_retrieval,0.7232,0.7602,0.1127,1,0.7528,0.7025,clean,0
jiis_trace_0185,jiis_trace_0185_s4,4,relation_check,0.8923,0.8399,0.425,0,0.6822,0.4253,clean,0
jiis_trace_0185,jiis_trace_0185_s5,5,conflict_check,0.8178,0.7553,0.3199,0,0.7312,0.5546,clean,0
jiis_trace_0185,jiis_trace_0185_s6,6,answer_synthesis,0.8976,0.7333,0.0999,0,0.6447,0.2461,clean,0
jiis_trace_0186,jiis_trace_0186_s1,1,query_decomposition,0.8519,0.8478,0.4987,3,0.8093,0.8474,clean,0
jiis_trace_0186,jiis_trace_0186_s2,2,entity_binding,0.9035,0.8856,0.5817,3,0.5788,0.5306,clean,0
jiis_trace_0186,jiis_trace_0186_s3,3,evidence_retrieval,0.7568,0.3157,0.4218,1,0.7228,0.2206,missing_evidence,1
jiis_trace_0186,jiis_trace_0186_s4,4,relation_check,0.9056,0.8645,0.4276,3,0.7499,0.7447,clean,0
jiis_trace_0186,jiis_trace_0186_s5,5,conflict_check,0.9004,0.7345,0.5887,3,0.76,0.718,clean,0
jiis_trace_0186,jiis_trace_0186_s6,6,answer_synthesis,0.9142,0.6243,0.2327,1,0.7069,0.2952,clean,0
jiis_trace_0186,jiis_trace_0186_s7,7,query_decomposition,0.7956,0.8,0.4254,3,0.8175,0.3163,clean,0
jiis_trace_0187,jiis_trace_0187_s1,1,query_decomposition,0.8898,0.8498,0.3315,1,0.6774,0.5315,clean,0
jiis_trace_0187,jiis_trace_0187_s2,2,entity_binding,0.8442,0.8141,0.2662,2,0.5872,0.3136,clean,0
jiis_trace_0187,jiis_trace_0187_s3,3,evidence_retrieval,0.7524,0.7296,0.8572,3,0.5613,0.7316,duplicate_support,1
jiis_trace_0187,jiis_trace_0187_s4,4,relation_check,0.87,0.6364,0.8505,2,0.7754,0.5019,duplicate_support,1
jiis_trace_0187,jiis_trace_0187_s5,5,conflict_check,0.8482,0.8338,0.853,0,0.7712,0.839,duplicate_support,1
jiis_trace_0187,jiis_trace_0187_s6,6,answer_synthesis,0.7619,0.7701,0.3659,2,0.6059,0.664,clean,0
jiis_trace_0187,jiis_trace_0187_s7,7,query_decomposition,0.8211,0.7667,0.2479,0,0.7189,0.3383,clean,0
jiis_trace_0187,jiis_trace_0187_s8,8,entity_binding,0.8073,0.8456,0.2703,0,0.7987,0.2021,clean,0
jiis_trace_0188,jiis_trace_0188_s1,1,query_decomposition,0.8455,0.8343,0.1227,3,0.6347,0.3242,clean,0
jiis_trace_0188,jiis_trace_0188_s2,2,entity_binding,0.9159,0.8,0.1152,3,0.5776,0.5323,dependency_bottleneck,1
jiis_trace_0188,jiis_trace_0188_s3,3,evidence_retrieval,0.8652,0.8,0.5934,3,0.8767,0.4654,dependency_bottleneck,1
jiis_trace_0188,jiis_trace_0188_s4,4,relation_check,0.73,0.769,0.3785,2,0.7685,0.8681,clean,0
jiis_trace_0188,jiis_trace_0188_s5,5,conflict_check,0.7434,0.8056,0.6245,2,0.802,0.8336,clean,0
jiis_trace_0188,jiis_trace_0188_s6,6,answer_synthesis,0.8065,0.6669,0.0912,1,0.6806,0.5085,clean,0
jiis_trace_0188,jiis_trace_0188_s7,7,query_decomposition,0.8917,0.7077,0.1898,3,0.6015,0.6508,clean,0
jiis_trace_0188,jiis_trace_0188_s8,8,entity_binding,0.7822,0.6548,0.5889,1,0.6739,0.5087,clean,0
jiis_trace_0188,jiis_trace_0188_s9,9,evidence_retrieval,0.7888,0.6634,0.4741,0,0.5768,0.555,clean,0
jiis_trace_0189,jiis_trace_0189_s1,1,query_decomposition,0.8516,0.6607,0.1135,1,0.8001,0.8936,clean,0
jiis_trace_0189,jiis_trace_0189_s2,2,entity_binding,0.8767,0.7892,0.5775,2,0.8137,0.6688,clean,0
jiis_trace_0189,jiis_trace_0189_s3,3,evidence_retrieval,0.8377,0.8196,0.6027,0,0.5682,0.4389,clean,0
jiis_trace_0189,jiis_trace_0189_s4,4,relation_check,0.8318,0.7009,0.3902,0,0.8552,0.312,clean,0
jiis_trace_0189,jiis_trace_0189_s5,5,conflict_check,0.8978,0.6609,0.5716,0,0.2292,0.2036,temporal_conflict,1
jiis_trace_0189,jiis_trace_0189_s6,6,answer_synthesis,0.8544,0.6575,0.1406,1,0.815,0.576,clean,0
jiis_trace_0189,jiis_trace_0189_s7,7,query_decomposition,0.8249,0.7037,0.269,3,0.8575,0.5713,clean,0
jiis_trace_0189,jiis_trace_0189_s8,8,entity_binding,0.7761,0.7085,0.1554,2,0.6718,0.8141,clean,0
jiis_trace_0189,jiis_trace_0189_s9,9,evidence_retrieval,0.8659,0.8189,0.5759,2,0.6329,0.5921,clean,0
jiis_trace_0189,jiis_trace_0189_s10,10,relation_check,0.7567,0.6585,0.436,3,0.8739,0.2382,clean,0
jiis_trace_0190,jiis_trace_0190_s1,1,query_decomposition,0.7928,0.6337,0.5975,1,0.6076,0.6708,clean,0
jiis_trace_0190,jiis_trace_0190_s2,2,entity_binding,0.2915,0.7874,0.1848,2,0.6158,0.727,entity_binding_error,1
jiis_trace_0190,jiis_trace_0190_s3,3,evidence_retrieval,0.9138,0.8782,0.5144,1,0.6219,0.265,clean,0
jiis_trace_0190,jiis_trace_0190_s4,4,relation_check,0.759,0.6724,0.6103,0,0.7362,0.4717,clean,0
jiis_trace_0190,jiis_trace_0190_s5,5,conflict_check,0.8369,0.8975,0.3451,1,0.6152,0.5879,clean,0
jiis_trace_0190,jiis_trace_0190_s6,6,answer_synthesis,0.8629,0.6915,0.2549,1,0.8828,0.6938,clean,0
jiis_trace_0191,jiis_trace_0191_s1,1,query_decomposition,0.7477,0.7994,0.628,3,0.5517,0.5419,clean,0
jiis_trace_0191,jiis_trace_0191_s2,2,entity_binding,0.7518,0.6459,0.5105,3,0.7073,0.5792,clean,0
jiis_trace_0191,jiis_trace_0191_s3,3,evidence_retrieval,0.8388,0.3383,0.1866,2,0.7461,0.6096,missing_evidence,1
jiis_trace_0191,jiis_trace_0191_s4,4,relation_check,0.8246,0.7096,0.2274,0,0.703,0.2346,clean,0
jiis_trace_0191,jiis_trace_0191_s5,5,conflict_check,0.7803,0.8819,0.2973,0,0.6093,0.5647,clean,0
jiis_trace_0191,jiis_trace_0191_s6,6,answer_synthesis,0.8532,0.8683,0.4953,3,0.8024,0.7833,clean,0
jiis_trace_0191,jiis_trace_0191_s7,7,query_decomposition,0.8234,0.6937,0.3965,1,0.7524,0.2147,clean,0
jiis_trace_0192,jiis_trace_0192_s1,1,query_decomposition,0.744,0.6725,0.3494,2,0.8419,0.8854,clean,0
jiis_trace_0192,jiis_trace_0192_s2,2,entity_binding,0.872,0.8994,0.1554,3,0.8529,0.2359,clean,0
jiis_trace_0192,jiis_trace_0192_s3,3,evidence_retrieval,0.8905,0.7163,0.8514,1,0.8849,0.2726,duplicate_support,1
jiis_trace_0192,jiis_trace_0192_s4,4,relation_check,0.7862,0.7202,0.8516,0,0.8944,0.3152,duplicate_support,1
jiis_trace_0192,jiis_trace_0192_s5,5,conflict_check,0.8199,0.7677,0.8328,0,0.7841,0.5219,duplicate_support,1
jiis_trace_0192,jiis_trace_0192_s6,6,answer_synthesis,0.7428,0.6844,0.2298,3,0.8263,0.6211,clean,0
jiis_trace_0192,jiis_trace_0192_s7,7,query_decomposition,0.7393,0.6964,0.4383,3,0.5886,0.633,clean,0
jiis_trace_0192,jiis_trace_0192_s8,8,entity_binding,0.779,0.7177,0.1341,0,0.6708,0.2233,clean,0
jiis_trace_0193,jiis_trace_0193_s1,1,query_decomposition,0.8895,0.7004,0.397,3,0.722,0.59,clean,0
jiis_trace_0193,jiis_trace_0193_s2,2,entity_binding,0.8236,0.892,0.2833,3,0.8029,0.845,dependency_bottleneck,1
jiis_trace_0193,jiis_trace_0193_s3,3,evidence_retrieval,0.9102,0.8,0.4637,3,0.6011,0.206,dependency_bottleneck,1
jiis_trace_0193,jiis_trace_0193_s4,4,relation_check,0.7568,0.8611,0.3758,1,0.8944,0.274,clean,0
jiis_trace_0193,jiis_trace_0193_s5,5,conflict_check,0.7369,0.8839,0.509,2,0.6948,0.8283,clean,0
jiis_trace_0193,jiis_trace_0193_s6,6,answer_synthesis,0.7408,0.7958,0.3141,2,0.8149,0.6819,clean,0
jiis_trace_0193,jiis_trace_0193_s7,7,query_decomposition,0.8898,0.7172,0.0811,3,0.6432,0.5238,clean,0
jiis_trace_0193,jiis_trace_0193_s8,8,entity_binding,0.7456,0.8004,0.2103,2,0.56,0.7192,clean,0
jiis_trace_0193,jiis_trace_0193_s9,9,evidence_retrieval,0.7839,0.8842,0.5052,1,0.7797,0.8935,clean,0
jiis_trace_0194,jiis_trace_0194_s1,1,query_decomposition,0.8421,0.6677,0.3441,3,0.7447,0.6875,clean,0
jiis_trace_0194,jiis_trace_0194_s2,2,entity_binding,0.7566,0.8609,0.6279,2,0.8852,0.666,clean,0
jiis_trace_0194,jiis_trace_0194_s3,3,evidence_retrieval,0.7297,0.6852,0.2728,1,0.5764,0.5293,clean,0
jiis_trace_0194,jiis_trace_0194_s4,4,relation_check,0.7758,0.6996,0.5681,2,0.7023,0.7532,clean,0
jiis_trace_0194,jiis_trace_0194_s5,5,conflict_check,0.8934,0.7013,0.1557,0,0.2592,0.2529,temporal_conflict,1
jiis_trace_0194,jiis_trace_0194_s6,6,answer_synthesis,0.9162,0.696,0.4976,1,0.7636,0.6972,clean,0
jiis_trace_0194,jiis_trace_0194_s7,7,query_decomposition,0.9026,0.8494,0.1467,0,0.8922,0.7174,clean,0
jiis_trace_0194,jiis_trace_0194_s8,8,entity_binding,0.8968,0.7461,0.5304,1,0.682,0.442,clean,0
jiis_trace_0194,jiis_trace_0194_s9,9,evidence_retrieval,0.7614,0.8462,0.2871,0,0.6644,0.7558,clean,0
jiis_trace_0194,jiis_trace_0194_s10,10,relation_check,0.8918,0.7381,0.1908,0,0.8565,0.3709,clean,0
jiis_trace_0195,jiis_trace_0195_s1,1,query_decomposition,0.7243,0.8028,0.3648,0,0.7697,0.222,clean,0
jiis_trace_0195,jiis_trace_0195_s2,2,entity_binding,0.3131,0.7359,0.4547,0,0.8408,0.4012,entity_binding_error,1
jiis_trace_0195,jiis_trace_0195_s3,3,evidence_retrieval,0.7779,0.6313,0.2639,1,0.8704,0.5215,clean,0
jiis_trace_0195,jiis_trace_0195_s4,4,relation_check,0.887,0.7481,0.3807,0,0.8607,0.3202,clean,0
jiis_trace_0195,jiis_trace_0195_s5,5,conflict_check,0.8523,0.6706,0.5973,2,0.6468,0.2684,clean,0
jiis_trace_0195,jiis_trace_0195_s6,6,answer_synthesis,0.7723,0.7225,0.4578,1,0.5506,0.8132,clean,0
jiis_trace_0196,jiis_trace_0196_s1,1,query_decomposition,0.9087,0.8415,0.4096,2,0.6495,0.6885,clean,0
jiis_trace_0196,jiis_trace_0196_s2,2,entity_binding,0.7931,0.775,0.2724,3,0.7622,0.7425,clean,0
jiis_trace_0196,jiis_trace_0196_s3,3,evidence_retrieval,0.7696,0.3081,0.5068,2,0.8582,0.2823,missing_evidence,1
jiis_trace_0196,jiis_trace_0196_s4,4,relation_check,0.8528,0.7182,0.569,3,0.807,0.6729,clean,0
jiis_trace_0196,jiis_trace_0196_s5,5,conflict_check,0.8932,0.857,0.1273,3,0.5743,0.6373,clean,0
jiis_trace_0196,jiis_trace_0196_s6,6,answer_synthesis,0.844,0.6303,0.5084,0,0.8621,0.4761,clean,0
jiis_trace_0196,jiis_trace_0196_s7,7,query_decomposition,0.7401,0.8417,0.2451,0,0.8084,0.5535,clean,0
jiis_trace_0197,jiis_trace_0197_s1,1,query_decomposition,0.7831,0.6532,0.0883,0,0.5703,0.4467,clean,0
jiis_trace_0197,jiis_trace_0197_s2,2,entity_binding,0.7784,0.6436,0.601,2,0.8212,0.5871,clean,0
jiis_trace_0197,jiis_trace_0197_s3,3,evidence_retrieval,0.7618,0.7235,0.8578,2,0.8217,0.464,duplicate_support,1
jiis_trace_0197,jiis_trace_0197_s4,4,relation_check,0.8598,0.813,0.8517,2,0.7791,0.2273,duplicate_support,1
jiis_trace_0197,jiis_trace_0197_s5,5,conflict_check,0.8124,0.6936,0.8213,3,0.6539,0.4568,duplicate_support,1
jiis_trace_0197,jiis_trace_0197_s6,6,answer_synthesis,0.8889,0.8067,0.2853,3,0.6901,0.81,clean,0
jiis_trace_0197,jiis_trace_0197_s7,7,query_decomposition,0.9148,0.8051,0.5502,0,0.6049,0.8813,clean,0
jiis_trace_0197,jiis_trace_0197_s8,8,entity_binding,0.8399,0.6696,0.0892,3,0.7361,0.2091,clean,0
jiis_trace_0198,jiis_trace_0198_s1,1,query_decomposition,0.7666,0.8027,0.4417,0,0.695,0.3863,clean,0
jiis_trace_0198,jiis_trace_0198_s2,2,entity_binding,0.776,0.8577,0.3712,3,0.661,0.2914,dependency_bottleneck,1
jiis_trace_0198,jiis_trace_0198_s3,3,evidence_retrieval,0.8825,0.8,0.4315,3,0.59,0.8656,dependency_bottleneck,1
jiis_trace_0198,jiis_trace_0198_s4,4,relation_check,0.811,0.6812,0.4235,3,0.7807,0.7594,clean,0
jiis_trace_0198,jiis_trace_0198_s5,5,conflict_check,0.9178,0.6783,0.6286,2,0.6445,0.6998,clean,0
jiis_trace_0198,jiis_trace_0198_s6,6,answer_synthesis,0.8975,0.8003,0.2708,3,0.686,0.6036,clean,0
jiis_trace_0198,jiis_trace_0198_s7,7,query_decomposition,0.9104,0.8475,0.165,0,0.608,0.6894,clean,0
jiis_trace_0198,jiis_trace_0198_s8,8,entity_binding,0.8718,0.6681,0.3084,3,0.6819,0.3757,clean,0
jiis_trace_0198,jiis_trace_0198_s9,9,evidence_retrieval,0.7538,0.8646,0.1026,3,0.8767,0.6559,clean,0
jiis_trace_0199,jiis_trace_0199_s1,1,query_decomposition,0.8693,0.77,0.226,3,0.5603,0.7927,clean,0
jiis_trace_0199,jiis_trace_0199_s2,2,entity_binding,0.904,0.6409,0.2853,1,0.8533,0.3693,clean,0
jiis_trace_0199,jiis_trace_0199_s3,3,evidence_retrieval,0.8614,0.6883,0.3027,3,0.8602,0.3315,clean,0
jiis_trace_0199,jiis_trace_0199_s4,4,relation_check,0.7846,0.8862,0.4815,1,0.8436,0.4082,clean,0
jiis_trace_0199,jiis_trace_0199_s5,5,conflict_check,0.7431,0.8532,0.1684,3,0.2458,0.7351,temporal_conflict,1
jiis_trace_0199,jiis_trace_0199_s6,6,answer_synthesis,0.9158,0.7166,0.1862,2,0.7185,0.6349,clean,0
jiis_trace_0199,jiis_trace_0199_s7,7,query_decomposition,0.7481,0.7776,0.5504,3,0.7606,0.323,clean,0
jiis_trace_0199,jiis_trace_0199_s8,8,entity_binding,0.7301,0.8119,0.5958,1,0.6377,0.6047,clean,0
jiis_trace_0199,jiis_trace_0199_s9,9,evidence_retrieval,0.808,0.8937,0.5071,1,0.8255,0.6873,clean,0
jiis_trace_0199,jiis_trace_0199_s10,10,relation_check,0.8605,0.6397,0.1206,0,0.5912,0.7345,clean,0
jiis_trace_0200,jiis_trace_0200_s1,1,query_decomposition,0.7435,0.6904,0.5867,2,0.7057,0.5066,clean,0
jiis_trace_0200,jiis_trace_0200_s2,2,entity_binding,0.307,0.7039,0.5207,3,0.8231,0.2232,entity_binding_error,1
jiis_trace_0200,jiis_trace_0200_s3,3,evidence_retrieval,0.7343,0.8874,0.1965,2,0.6965,0.3122,clean,0
jiis_trace_0200,jiis_trace_0200_s4,4,relation_check,0.8954,0.7422,0.1239,3,0.5775,0.4027,clean,0
jiis_trace_0200,jiis_trace_0200_s5,5,conflict_check,0.9054,0.6612,0.3106,1,0.8875,0.2862,clean,0
jiis_trace_0200,jiis_trace_0200_s6,6,answer_synthesis,0.8389,0.7357,0.547,1,0.5761,0.7731,clean,0
jiis_trace_0201,jiis_trace_0201_s1,1,query_decomposition,0.9025,0.6806,0.6229,3,0.8036,0.2515,clean,0
jiis_trace_0201,jiis_trace_0201_s2,2,entity_binding,0.8162,0.8836,0.5667,2,0.8153,0.5268,clean,0
jiis_trace_0201,jiis_trace_0201_s3,3,evidence_retrieval,0.7919,0.3432,0.1956,0,0.7686,0.8897,missing_evidence,1
jiis_trace_0201,jiis_trace_0201_s4,4,relation_check,0.8408,0.763,0.1825,1,0.8505,0.5868,clean,0
jiis_trace_0201,jiis_trace_0201_s5,5,conflict_check,0.8822,0.7755,0.2303,3,0.7535,0.717,clean,0
jiis_trace_0201,jiis_trace_0201_s6,6,answer_synthesis,0.8856,0.6258,0.2386,0,0.6033,0.8886,clean,0
jiis_trace_0201,jiis_trace_0201_s7,7,query_decomposition,0.7613,0.7751,0.244,0,0.7665,0.552,clean,0
jiis_trace_0202,jiis_trace_0202_s1,1,query_decomposition,0.784,0.759,0.2122,2,0.7802,0.3888,clean,0
jiis_trace_0202,jiis_trace_0202_s2,2,entity_binding,0.7782,0.8652,0.0877,1,0.765,0.3545,clean,0
jiis_trace_0202,jiis_trace_0202_s3,3,evidence_retrieval,0.7748,0.6247,0.859,3,0.7222,0.2015,duplicate_support,1
jiis_trace_0202,jiis_trace_0202_s4,4,relation_check,0.8203,0.7037,0.8207,0,0.7404,0.5133,duplicate_support,1
jiis_trace_0202,jiis_trace_0202_s5,5,conflict_check,0.799,0.7361,0.8426,0,0.7323,0.3944,duplicate_support,1
jiis_trace_0202,jiis_trace_0202_s6,6,answer_synthesis,0.7431,0.8361,0.2078,3,0.7951,0.2815,clean,0
jiis_trace_0202,jiis_trace_0202_s7,7,query_decomposition,0.8208,0.7475,0.1305,2,0.8068,0.3497,clean,0
jiis_trace_0202,jiis_trace_0202_s8,8,entity_binding,0.8113,0.8758,0.3006,0,0.848,0.5069,clean,0
jiis_trace_0203,jiis_trace_0203_s1,1,query_decomposition,0.783,0.624,0.1101,1,0.7521,0.6759,clean,0
jiis_trace_0203,jiis_trace_0203_s2,2,entity_binding,0.9054,0.8,0.4096,3,0.7288,0.7552,dependency_bottleneck,1
jiis_trace_0203,jiis_trace_0203_s3,3,evidence_retrieval,0.7642,0.8061,0.4843,3,0.843,0.2628,dependency_bottleneck,1
jiis_trace_0203,jiis_trace_0203_s4,4,relation_check,0.9102,0.8922,0.2635,1,0.7159,0.405,clean,0
jiis_trace_0203,jiis_trace_0203_s5,5,conflict_check,0.8848,0.7899,0.5351,2,0.8604,0.5767,clean,0
jiis_trace_0203,jiis_trace_0203_s6,6,answer_synthesis,0.7748,0.742,0.6018,2,0.8679,0.4079,clean,0
jiis_trace_0203,jiis_trace_0203_s7,7,query_decomposition,0.8713,0.8769,0.2906,1,0.7614,0.2161,clean,0
jiis_trace_0203,jiis_trace_0203_s8,8,entity_binding,0.9153,0.8846,0.3689,0,0.5919,0.3392,clean,0
jiis_trace_0203,jiis_trace_0203_s9,9,evidence_retrieval,0.8185,0.8037,0.5531,2,0.6302,0.4966,clean,0
jiis_trace_0204,jiis_trace_0204_s1,1,query_decomposition,0.8908,0.8969,0.3438,2,0.6433,0.4517,clean,0
jiis_trace_0204,jiis_trace_0204_s2,2,entity_binding,0.8895,0.6823,0.6085,1,0.5678,0.6617,clean,0
jiis_trace_0204,jiis_trace_0204_s3,3,evidence_retrieval,0.777,0.7172,0.2202,1,0.6344,0.6897,clean,0
jiis_trace_0204,jiis_trace_0204_s4,4,relation_check,0.862,0.7909,0.377,0,0.7535,0.2802,clean,0
jiis_trace_0204,jiis_trace_0204_s5,5,conflict_check,0.7451,0.7318,0.4455,1,0.2366,0.8234,temporal_conflict,1
jiis_trace_0204,jiis_trace_0204_s6,6,answer_synthesis,0.8607,0.6473,0.3481,3,0.7832,0.6751,clean,0
jiis_trace_0204,jiis_trace_0204_s7,7,query_decomposition,0.7425,0.8765,0.4024,2,0.7296,0.2028,clean,0
jiis_trace_0204,jiis_trace_0204_s8,8,entity_binding,0.7323,0.7895,0.4701,3,0.8732,0.2339,clean,0
jiis_trace_0204,jiis_trace_0204_s9,9,evidence_retrieval,0.7351,0.7857,0.3238,0,0.7387,0.3447,clean,0
jiis_trace_0204,jiis_trace_0204_s10,10,relation_check,0.7795,0.6405,0.3447,3,0.6415,0.6446,clean,0
jiis_trace_0205,jiis_trace_0205_s1,1,query_decomposition,0.76,0.7558,0.4191,0,0.7033,0.5292,clean,0
jiis_trace_0205,jiis_trace_0205_s2,2,entity_binding,0.3375,0.8184,0.6044,2,0.8124,0.2937,entity_binding_error,1
jiis_trace_0205,jiis_trace_0205_s3,3,evidence_retrieval,0.8255,0.7857,0.1006,2,0.7589,0.6934,clean,0
jiis_trace_0205,jiis_trace_0205_s4,4,relation_check,0.8501,0.6477,0.1005,2,0.7305,0.2739,clean,0
jiis_trace_0205,jiis_trace_0205_s5,5,conflict_check,0.8519,0.6951,0.6185,2,0.6809,0.7009,clean,0
jiis_trace_0205,jiis_trace_0205_s6,6,answer_synthesis,0.7805,0.6505,0.4198,2,0.8527,0.6487,clean,0
jiis_trace_0206,jiis_trace_0206_s1,1,query_decomposition,0.7288,0.6394,0.6085,0,0.8159,0.5482,clean,0
jiis_trace_0206,jiis_trace_0206_s2,2,entity_binding,0.7475,0.7251,0.335,0,0.6571,0.4306,clean,0
jiis_trace_0206,jiis_trace_0206_s3,3,evidence_retrieval,0.7264,0.3096,0.3628,1,0.5698,0.2294,missing_evidence,1
jiis_trace_0206,jiis_trace_0206_s4,4,relation_check,0.8995,0.8811,0.1874,0,0.8037,0.794,clean,0
jiis_trace_0206,jiis_trace_0206_s5,5,conflict_check,0.7274,0.6729,0.2572,0,0.6784,0.5772,clean,0
jiis_trace_0206,jiis_trace_0206_s6,6,answer_synthesis,0.7751,0.7885,0.4354,2,0.6349,0.3235,clean,0
jiis_trace_0206,jiis_trace_0206_s7,7,query_decomposition,0.8058,0.846,0.5784,1,0.6296,0.8268,clean,0
jiis_trace_0207,jiis_trace_0207_s1,1,query_decomposition,0.7358,0.8114,0.4177,3,0.881,0.2588,clean,0
jiis_trace_0207,jiis_trace_0207_s2,2,entity_binding,0.7549,0.836,0.4449,0,0.6221,0.438,clean,0
jiis_trace_0207,jiis_trace_0207_s3,3,evidence_retrieval,0.8221,0.622,0.8477,3,0.7341,0.2962,duplicate_support,1
jiis_trace_0207,jiis_trace_0207_s4,4,relation_check,0.7857,0.809,0.8342,1,0.7283,0.6929,duplicate_support,1
jiis_trace_0207,jiis_trace_0207_s5,5,conflict_check,0.8084,0.7442,0.8334,0,0.8045,0.4557,duplicate_support,1
jiis_trace_0207,jiis_trace_0207_s6,6,answer_synthesis,0.7579,0.8395,0.3487,3,0.7007,0.4572,clean,0
jiis_trace_0207,jiis_trace_0207_s7,7,query_decomposition,0.806,0.8308,0.4845,1,0.7705,0.2702,clean,0
jiis_trace_0207,jiis_trace_0207_s8,8,entity_binding,0.841,0.6816,0.2111,3,0.6022,0.4304,clean,0
jiis_trace_0208,jiis_trace_0208_s1,1,query_decomposition,0.7341,0.7306,0.3356,2,0.7028,0.2823,clean,0
jiis_trace_0208,jiis_trace_0208_s2,2,entity_binding,0.8003,0.8,0.5445,3,0.6213,0.3878,dependency_bottleneck,1
jiis_trace_0208,jiis_trace_0208_s3,3,evidence_retrieval,0.8048,0.8,0.5579,3,0.8156,0.2727,dependency_bottleneck,1
jiis_trace_0208,jiis_trace_0208_s4,4,relation_check,0.8256,0.8717,0.2796,0,0.874,0.4655,clean,0
jiis_trace_0208,jiis_trace_0208_s5,5,conflict_check,0.7661,0.639,0.1256,1,0.5764,0.8604,clean,0
jiis_trace_0208,jiis_trace_0208_s6,6,answer_synthesis,0.7845,0.872,0.2276,1,0.6411,0.5414,clean,0
jiis_trace_0208,jiis_trace_0208_s7,7,query_decomposition,0.7273,0.7451,0.5354,0,0.847,0.4096,clean,0
jiis_trace_0208,jiis_trace_0208_s8,8,entity_binding,0.8392,0.7695,0.3618,0,0.6011,0.3528,clean,0
jiis_trace_0208,jiis_trace_0208_s9,9,evidence_retrieval,0.8621,0.8546,0.4876,0,0.5585,0.3254,clean,0
jiis_trace_0209,jiis_trace_0209_s1,1,query_decomposition,0.8632,0.836,0.5213,1,0.8295,0.731,clean,0
jiis_trace_0209,jiis_trace_0209_s2,2,entity_binding,0.7466,0.7799,0.5922,3,0.8588,0.341,clean,0
jiis_trace_0209,jiis_trace_0209_s3,3,evidence_retrieval,0.7558,0.8346,0.371,0,0.5779,0.8662,clean,0
jiis_trace_0209,jiis_trace_0209_s4,4,relation_check,0.7492,0.8326,0.184,0,0.8565,0.2814,clean,0
jiis_trace_0209,jiis_trace_0209_s5,5,conflict_check,0.8142,0.7367,0.3508,1,0.268,0.2543,temporal_conflict,1
jiis_trace_0209,jiis_trace_0209_s6,6,answer_synthesis,0.7362,0.7003,0.2437,1,0.8492,0.4144,clean,0
jiis_trace_0209,jiis_trace_0209_s7,7,query_decomposition,0.8654,0.6754,0.2413,1,0.752,0.7373,clean,0
jiis_trace_0209,jiis_trace_0209_s8,8,entity_binding,0.8681,0.7789,0.4183,2,0.8245,0.4477,clean,0
jiis_trace_0209,jiis_trace_0209_s9,9,evidence_retrieval,0.831,0.8263,0.2464,2,0.6866,0.4305,clean,0
jiis_trace_0209,jiis_trace_0209_s10,10,relation_check,0.7805,0.6491,0.0949,1,0.6004,0.7277,clean,0
jiis_trace_0210,jiis_trace_0210_s1,1,query_decomposition,0.9092,0.711,0.2813,0,0.8944,0.3888,clean,0
jiis_trace_0210,jiis_trace_0210_s2,2,entity_binding,0.328,0.8834,0.1987,3,0.6514,0.2729,entity_binding_error,1
jiis_trace_0210,jiis_trace_0210_s3,3,evidence_retrieval,0.8766,0.646,0.2147,1,0.5537,0.8999,clean,0
jiis_trace_0210,jiis_trace_0210_s4,4,relation_check,0.751,0.6863,0.3966,3,0.8526,0.7216,clean,0
jiis_trace_0210,jiis_trace_0210_s5,5,conflict_check,0.8361,0.8727,0.3176,1,0.5783,0.6355,clean,0
jiis_trace_0210,jiis_trace_0210_s6,6,answer_synthesis,0.8041,0.6615,0.3003,3,0.6999,0.5775,clean,0
jiis_trace_0211,jiis_trace_0211_s1,1,query_decomposition,0.8214,0.6635,0.5703,0,0.8991,0.8598,clean,0
jiis_trace_0211,jiis_trace_0211_s2,2,entity_binding,0.8461,0.8781,0.6085,2,0.613,0.8152,clean,0
jiis_trace_0211,jiis_trace_0211_s3,3,evidence_retrieval,0.8654,0.3051,0.3272,2,0.8501,0.8574,missing_evidence,1
jiis_trace_0211,jiis_trace_0211_s4,4,relation_check,0.7493,0.7609,0.1917,3,0.6581,0.4293,clean,0
jiis_trace_0211,jiis_trace_0211_s5,5,conflict_check,0.8417,0.6794,0.2059,0,0.7026,0.521,clean,0
jiis_trace_0211,jiis_trace_0211_s6,6,answer_synthesis,0.8646,0.8707,0.3247,3,0.688,0.4817,clean,0
jiis_trace_0211,jiis_trace_0211_s7,7,query_decomposition,0.798,0.6918,0.2879,1,0.7052,0.7045,clean,0
jiis_trace_0212,jiis_trace_0212_s1,1,query_decomposition,0.765,0.7242,0.4965,3,0.6142,0.3797,clean,0
jiis_trace_0212,jiis_trace_0212_s2,2,entity_binding,0.8309,0.6998,0.2238,2,0.7266,0.3667,clean,0
jiis_trace_0212,jiis_trace_0212_s3,3,evidence_retrieval,0.839,0.8109,0.824,0,0.652,0.5237,duplicate_support,1
jiis_trace_0212,jiis_trace_0212_s4,4,relation_check,0.7312,0.7176,0.8214,2,0.7552,0.4448,duplicate_support,1
jiis_trace_0212,jiis_trace_0212_s5,5,conflict_check,0.7431,0.7575,0.8266,3,0.6181,0.3047,duplicate_support,1
jiis_trace_0212,jiis_trace_0212_s6,6,answer_synthesis,0.8465,0.7945,0.354,1,0.8075,0.5913,clean,0
jiis_trace_0212,jiis_trace_0212_s7,7,query_decomposition,0.7579,0.8219,0.568,0,0.5563,0.5289,clean,0
jiis_trace_0212,jiis_trace_0212_s8,8,entity_binding,0.8769,0.6565,0.0911,1,0.7023,0.2658,clean,0
jiis_trace_0213,jiis_trace_0213_s1,1,query_decomposition,0.8913,0.7541,0.2795,1,0.68,0.2058,clean,0
jiis_trace_0213,jiis_trace_0213_s2,2,entity_binding,0.9189,0.8339,0.1254,3,0.7572,0.3572,dependency_bottleneck,1
jiis_trace_0213,jiis_trace_0213_s3,3,evidence_retrieval,0.7531,0.8,0.2048,3,0.8573,0.6487,dependency_bottleneck,1
jiis_trace_0213,jiis_trace_0213_s4,4,relation_check,0.7668,0.8244,0.4357,2,0.6869,0.5417,clean,0
jiis_trace_0213,jiis_trace_0213_s5,5,conflict_check,0.8557,0.6205,0.1315,2,0.8157,0.5757,clean,0
jiis_trace_0213,jiis_trace_0213_s6,6,answer_synthesis,0.9177,0.8407,0.4537,1,0.8463,0.4622,clean,0
jiis_trace_0213,jiis_trace_0213_s7,7,query_decomposition,0.8399,0.762,0.5537,0,0.6456,0.224,clean,0
jiis_trace_0213,jiis_trace_0213_s8,8,entity_binding,0.8558,0.8736,0.2762,3,0.7364,0.427,clean,0
jiis_trace_0213,jiis_trace_0213_s9,9,evidence_retrieval,0.7666,0.7279,0.0848,0,0.7174,0.5548,clean,0
jiis_trace_0214,jiis_trace_0214_s1,1,query_decomposition,0.8078,0.8344,0.2049,3,0.652,0.819,clean,0
jiis_trace_0214,jiis_trace_0214_s2,2,entity_binding,0.8106,0.6483,0.1602,3,0.6726,0.899,clean,0
jiis_trace_0214,jiis_trace_0214_s3,3,evidence_retrieval,0.8332,0.7527,0.137,1,0.737,0.8008,clean,0
jiis_trace_0214,jiis_trace_0214_s4,4,relation_check,0.8895,0.8865,0.2073,3,0.6598,0.7653,clean,0
jiis_trace_0214,jiis_trace_0214_s5,5,conflict_check,0.9129,0.6699,0.2258,3,0.2574,0.6562,temporal_conflict,1
jiis_trace_0214,jiis_trace_0214_s6,6,answer_synthesis,0.8898,0.6573,0.4986,2,0.8738,0.7447,clean,0
jiis_trace_0214,jiis_trace_0214_s7,7,query_decomposition,0.7728,0.7325,0.4648,0,0.5885,0.567,clean,0
jiis_trace_0214,jiis_trace_0214_s8,8,entity_binding,0.7744,0.8467,0.6095,1,0.6959,0.8042,clean,0
jiis_trace_0214,jiis_trace_0214_s9,9,evidence_retrieval,0.8066,0.894,0.6211,0,0.7083,0.5863,clean,0
jiis_trace_0214,jiis_trace_0214_s10,10,relation_check,0.8671,0.747,0.6272,3,0.6362,0.2949,clean,0
jiis_trace_0215,jiis_trace_0215_s1,1,query_decomposition,0.7295,0.8961,0.0892,1,0.6825,0.639,clean,0
jiis_trace_0215,jiis_trace_0215_s2,2,entity_binding,0.2906,0.8895,0.2982,2,0.8137,0.5216,entity_binding_error,1
jiis_trace_0215,jiis_trace_0215_s3,3,evidence_retrieval,0.7444,0.7119,0.2422,3,0.7486,0.6223,clean,0
jiis_trace_0215,jiis_trace_0215_s4,4,relation_check,0.7359,0.807,0.2282,2,0.6469,0.2512,clean,0
jiis_trace_0215,jiis_trace_0215_s5,5,conflict_check,0.8718,0.7287,0.5739,1,0.6461,0.3002,clean,0
jiis_trace_0215,jiis_trace_0215_s6,6,answer_synthesis,0.8196,0.6821,0.3109,3,0.6618,0.7624,clean,0
jiis_trace_0216,jiis_trace_0216_s1,1,query_decomposition,0.8206,0.7603,0.4054,2,0.711,0.8598,clean,0
jiis_trace_0216,jiis_trace_0216_s2,2,entity_binding,0.8626,0.667,0.2596,2,0.7084,0.421,clean,0
jiis_trace_0216,jiis_trace_0216_s3,3,evidence_retrieval,0.756,0.355,0.1084,1,0.7937,0.5081,missing_evidence,1
jiis_trace_0216,jiis_trace_0216_s4,4,relation_check,0.9013,0.8779,0.3591,2,0.7995,0.4999,clean,0
jiis_trace_0216,jiis_trace_0216_s5,5,conflict_check,0.8236,0.7567,0.3188,0,0.6874,0.5473,clean,0
jiis_trace_0216,jiis_trace_0216_s6,6,answer_synthesis,0.8751,0.7419,0.5966,1,0.7398,0.7547,clean,0
jiis_trace_0216,jiis_trace_0216_s7,7,query_decomposition,0.8236,0.8139,0.085,0,0.7402,0.5398,clean,0
jiis_trace_0217,jiis_trace_0217_s1,1,query_decomposition,0.8472,0.7888,0.3348,0,0.6516,0.4713,clean,0
jiis_trace_0217,jiis_trace_0217_s2,2,entity_binding,0.795,0.7556,0.382,1,0.6745,0.3847,clean,0
jiis_trace_0217,jiis_trace_0217_s3,3,evidence_retrieval,0.8852,0.6592,0.8551,2,0.7884,0.269,duplicate_support,1
jiis_trace_0217,jiis_trace_0217_s4,4,relation_check,0.8166,0.6745,0.838,2,0.5536,0.5477,duplicate_support,1
jiis_trace_0217,jiis_trace_0217_s5,5,conflict_check,0.7777,0.838,0.8264,1,0.8291,0.4465,duplicate_support,1
jiis_trace_0217,jiis_trace_0217_s6,6,answer_synthesis,0.8333,0.8399,0.18,3,0.7466,0.5787,clean,0
jiis_trace_0217,jiis_trace_0217_s7,7,query_decomposition,0.8337,0.7404,0.2733,3,0.6117,0.2735,clean,0
jiis_trace_0217,jiis_trace_0217_s8,8,entity_binding,0.7468,0.7582,0.4333,2,0.8016,0.6194,clean,0
jiis_trace_0218,jiis_trace_0218_s1,1,query_decomposition,0.8718,0.7369,0.1613,0,0.8447,0.4713,clean,0
jiis_trace_0218,jiis_trace_0218_s2,2,entity_binding,0.8479,0.8,0.471,3,0.5987,0.4956,dependency_bottleneck,1
jiis_trace_0218,jiis_trace_0218_s3,3,evidence_retrieval,0.8492,0.8,0.4687,3,0.6405,0.4818,dependency_bottleneck,1
jiis_trace_0218,jiis_trace_0218_s4,4,relation_check,0.86,0.7865,0.1685,3,0.6718,0.2356,clean,0
jiis_trace_0218,jiis_trace_0218_s5,5,conflict_check,0.9038,0.7409,0.4264,3,0.7402,0.2385,clean,0
jiis_trace_0218,jiis_trace_0218_s6,6,answer_synthesis,0.7565,0.6703,0.0955,1,0.8582,0.7156,clean,0
jiis_trace_0218,jiis_trace_0218_s7,7,query_decomposition,0.8133,0.826,0.172,3,0.8507,0.8423,clean,0
jiis_trace_0218,jiis_trace_0218_s8,8,entity_binding,0.8057,0.6904,0.2894,3,0.6412,0.8308,clean,0
jiis_trace_0218,jiis_trace_0218_s9,9,evidence_retrieval,0.8772,0.6815,0.3033,1,0.8218,0.3989,clean,0
jiis_trace_0219,jiis_trace_0219_s1,1,query_decomposition,0.8331,0.6898,0.2861,2,0.7284,0.5079,clean,0
jiis_trace_0219,jiis_trace_0219_s2,2,entity_binding,0.8716,0.8301,0.4883,1,0.8144,0.3676,clean,0
jiis_trace_0219,jiis_trace_0219_s3,3,evidence_retrieval,0.7354,0.8128,0.2109,3,0.5564,0.667,clean,0
jiis_trace_0219,jiis_trace_0219_s4,4,relation_check,0.8216,0.7276,0.4093,1,0.6543,0.766,clean,0
jiis_trace_0219,jiis_trace_0219_s5,5,conflict_check,0.884,0.7828,0.1047,0,0.2337,0.6676,temporal_conflict,1
jiis_trace_0219,jiis_trace_0219_s6,6,answer_synthesis,0.7498,0.819,0.5982,0,0.7854,0.411,clean,0
jiis_trace_0219,jiis_trace_0219_s7,7,query_decomposition,0.7494,0.6894,0.2847,0,0.7448,0.2917,clean,0
jiis_trace_0219,jiis_trace_0219_s8,8,entity_binding,0.8423,0.7258,0.4626,3,0.8506,0.8693,clean,0
jiis_trace_0219,jiis_trace_0219_s9,9,evidence_retrieval,0.8488,0.6945,0.5296,2,0.5753,0.2906,clean,0
jiis_trace_0219,jiis_trace_0219_s10,10,relation_check,0.7705,0.7278,0.5691,1,0.7406,0.7052,clean,0
jiis_trace_0220,jiis_trace_0220_s1,1,query_decomposition,0.7462,0.6319,0.5881,0,0.8872,0.8904,clean,0
jiis_trace_0220,jiis_trace_0220_s2,2,entity_binding,0.3146,0.853,0.5294,1,0.5842,0.3012,entity_binding_error,1
jiis_trace_0220,jiis_trace_0220_s3,3,evidence_retrieval,0.8411,0.6204,0.4284,3,0.6884,0.3387,clean,0
jiis_trace_0220,jiis_trace_0220_s4,4,relation_check,0.835,0.7674,0.2291,3,0.7626,0.7728,clean,0
jiis_trace_0220,jiis_trace_0220_s5,5,conflict_check,0.8448,0.7822,0.5553,1,0.8705,0.328,clean,0
jiis_trace_0220,jiis_trace_0220_s6,6,answer_synthesis,0.8276,0.8309,0.3209,3,0.7578,0.7592,clean,0
jiis_trace_0221,jiis_trace_0221_s1,1,query_decomposition,0.9155,0.681,0.3079,3,0.7375,0.3441,clean,0
jiis_trace_0221,jiis_trace_0221_s2,2,entity_binding,0.7787,0.6293,0.1351,1,0.7607,0.4693,clean,0
jiis_trace_0221,jiis_trace_0221_s3,3,evidence_retrieval,0.7237,0.3149,0.1343,1,0.7054,0.6137,missing_evidence,1
jiis_trace_0221,jiis_trace_0221_s4,4,relation_check,0.8072,0.8425,0.3901,3,0.7293,0.3545,clean,0
jiis_trace_0221,jiis_trace_0221_s5,5,conflict_check,0.8712,0.8995,0.2759,2,0.5913,0.3151,clean,0
jiis_trace_0221,jiis_trace_0221_s6,6,answer_synthesis,0.7727,0.8588,0.327,2,0.7509,0.6903,clean,0
jiis_trace_0221,jiis_trace_0221_s7,7,query_decomposition,0.8862,0.7807,0.329,1,0.7524,0.4775,clean,0
jiis_trace_0222,jiis_trace_0222_s1,1,query_decomposition,0.8431,0.7319,0.5209,1,0.7449,0.2859,clean,0
jiis_trace_0222,jiis_trace_0222_s2,2,entity_binding,0.7443,0.7933,0.1958,1,0.848,0.5306,clean,0
jiis_trace_0222,jiis_trace_0222_s3,3,evidence_retrieval,0.8897,0.686,0.828,0,0.8889,0.6494,duplicate_support,1
jiis_trace_0222,jiis_trace_0222_s4,4,relation_check,0.8184,0.681,0.8469,0,0.6856,0.836,duplicate_support,1
jiis_trace_0222,jiis_trace_0222_s5,5,conflict_check,0.874,0.7764,0.8214,0,0.8619,0.4105,duplicate_support,1
jiis_trace_0222,jiis_trace_0222_s6,6,answer_synthesis,0.769,0.8718,0.6233,1,0.8705,0.8305,clean,0
jiis_trace_0222,jiis_trace_0222_s7,7,query_decomposition,0.8531,0.8381,0.3357,2,0.6256,0.5656,clean,0
jiis_trace_0222,jiis_trace_0222_s8,8,entity_binding,0.8897,0.7429,0.4399,1,0.7013,0.6699,clean,0
jiis_trace_0223,jiis_trace_0223_s1,1,query_decomposition,0.9091,0.8513,0.4311,3,0.6831,0.5557,clean,0
jiis_trace_0223,jiis_trace_0223_s2,2,entity_binding,0.8706,0.8,0.5958,3,0.8493,0.3847,dependency_bottleneck,1
jiis_trace_0223,jiis_trace_0223_s3,3,evidence_retrieval,0.7899,0.8,0.2815,3,0.6501,0.3628,dependency_bottleneck,1
jiis_trace_0223,jiis_trace_0223_s4,4,relation_check,0.8827,0.7483,0.0912,3,0.5901,0.7868,clean,0
jiis_trace_0223,jiis_trace_0223_s5,5,conflict_check,0.9096,0.8286,0.3207,0,0.888,0.8903,clean,0
jiis_trace_0223,jiis_trace_0223_s6,6,answer_synthesis,0.8819,0.8662,0.5512,1,0.8282,0.7003,clean,0
jiis_trace_0223,jiis_trace_0223_s7,7,query_decomposition,0.7754,0.6892,0.3767,0,0.7621,0.2053,clean,0
jiis_trace_0223,jiis_trace_0223_s8,8,entity_binding,0.8964,0.7419,0.2873,1,0.7137,0.2134,clean,0
jiis_trace_0223,jiis_trace_0223_s9,9,evidence_retrieval,0.909,0.7653,0.4814,2,0.6773,0.3142,clean,0
jiis_trace_0224,jiis_trace_0224_s1,1,query_decomposition,0.8103,0.787,0.5245,2,0.709,0.8602,clean,0
jiis_trace_0224,jiis_trace_0224_s2,2,entity_binding,0.7949,0.6952,0.5911,1,0.5788,0.3537,clean,0
jiis_trace_0224,jiis_trace_0224_s3,3,evidence_retrieval,0.8846,0.8065,0.2531,0,0.6163,0.5346,clean,0
jiis_trace_0224,jiis_trace_0224_s4,4,relation_check,0.7615,0.6883,0.1499,3,0.8534,0.5041,clean,0
jiis_trace_0224,jiis_trace_0224_s5,5,conflict_check,0.8695,0.7681,0.1065,2,0.2358,0.6114,temporal_conflict,1
jiis_trace_0224,jiis_trace_0224_s6,6,answer_synthesis,0.8025,0.6487,0.6047,3,0.6599,0.5792,clean,0
jiis_trace_0224,jiis_trace_0224_s7,7,query_decomposition,0.823,0.8511,0.5543,0,0.8413,0.3062,clean,0
jiis_trace_0224,jiis_trace_0224_s8,8,entity_binding,0.8474,0.7854,0.4155,3,0.7464,0.8403,clean,0
jiis_trace_0224,jiis_trace_0224_s9,9,evidence_retrieval,0.8609,0.6462,0.2598,3,0.5849,0.7573,clean,0
jiis_trace_0224,jiis_trace_0224_s10,10,relation_check,0.7402,0.895,0.244,2,0.5912,0.755,clean,0
jiis_trace_0225,jiis_trace_0225_s1,1,query_decomposition,0.8068,0.7739,0.5617,1,0.5973,0.2682,clean,0
jiis_trace_0225,jiis_trace_0225_s2,2,entity_binding,0.2897,0.8456,0.2401,3,0.6011,0.8294,entity_binding_error,1
jiis_trace_0225,jiis_trace_0225_s3,3,evidence_retrieval,0.8076,0.7182,0.4378,2,0.8375,0.5724,clean,0
jiis_trace_0225,jiis_trace_0225_s4,4,relation_check,0.731,0.7048,0.3383,1,0.7356,0.718,clean,0
jiis_trace_0225,jiis_trace_0225_s5,5,conflict_check,0.7886,0.7044,0.4206,3,0.7838,0.7678,clean,0
jiis_trace_0225,jiis_trace_0225_s6,6,answer_synthesis,0.7583,0.8472,0.2071,0,0.7029,0.6265,clean,0
jiis_trace_0226,jiis_trace_0226_s1,1,query_decomposition,0.7512,0.7899,0.1981,2,0.652,0.4796,clean,0
jiis_trace_0226,jiis_trace_0226_s2,2,entity_binding,0.763,0.8742,0.2337,0,0.7553,0.7974,clean,0
jiis_trace_0226,jiis_trace_0226_s3,3,evidence_retrieval,0.8979,0.3127,0.3447,0,0.5776,0.4971,missing_evidence,1
jiis_trace_0226,jiis_trace_0226_s4,4,relation_check,0.8447,0.7162,0.2973,1,0.8425,0.4257,clean,0
jiis_trace_0226,jiis_trace_0226_s5,5,conflict_check,0.8223,0.8423,0.2822,2,0.6419,0.4915,clean,0
jiis_trace_0226,jiis_trace_0226_s6,6,answer_synthesis,0.782,0.6257,0.1378,3,0.757,0.2093,clean,0
jiis_trace_0226,jiis_trace_0226_s7,7,query_decomposition,0.7243,0.6911,0.0829,2,0.7122,0.2002,clean,0
jiis_trace_0227,jiis_trace_0227_s1,1,query_decomposition,0.8224,0.8401,0.1296,0,0.6627,0.5589,clean,0
jiis_trace_0227,jiis_trace_0227_s2,2,entity_binding,0.8647,0.8228,0.4601,2,0.743,0.3966,clean,0
jiis_trace_0227,jiis_trace_0227_s3,3,evidence_retrieval,0.762,0.8106,0.8366,2,0.7164,0.3085,duplicate_support,1
jiis_trace_0227,jiis_trace_0227_s4,4,relation_check,0.7752,0.8538,0.8562,1,0.8296,0.7664,duplicate_support,1
jiis_trace_0227,jiis_trace_0227_s5,5,conflict_check,0.9102,0.8003,0.8536,3,0.8939,0.4103,duplicate_support,1
jiis_trace_0227,jiis_trace_0227_s6,6,answer_synthesis,0.869,0.6632,0.2193,1,0.6529,0.7741,clean,0
jiis_trace_0227,jiis_trace_0227_s7,7,query_decomposition,0.9075,0.8125,0.5031,1,0.5785,0.6835,clean,0
jiis_trace_0227,jiis_trace_0227_s8,8,entity_binding,0.7855,0.7401,0.5423,1,0.8401,0.2287,clean,0
jiis_trace_0228,jiis_trace_0228_s1,1,query_decomposition,0.8225,0.7213,0.5504,2,0.6644,0.8709,clean,0
jiis_trace_0228,jiis_trace_0228_s2,2,entity_binding,0.8747,0.8,0.3915,3,0.7976,0.4953,dependency_bottleneck,1
jiis_trace_0228,jiis_trace_0228_s3,3,evidence_retrieval,0.7547,0.8487,0.5644,3,0.6251,0.5922,dependency_bottleneck,1
jiis_trace_0228,jiis_trace_0228_s4,4,relation_check,0.7731,0.7612,0.4159,0,0.7476,0.6292,clean,0
jiis_trace_0228,jiis_trace_0228_s5,5,conflict_check,0.7424,0.6262,0.1192,3,0.6099,0.4955,clean,0
jiis_trace_0228,jiis_trace_0228_s6,6,answer_synthesis,0.8993,0.7267,0.2492,2,0.727,0.6328,clean,0
jiis_trace_0228,jiis_trace_0228_s7,7,query_decomposition,0.7941,0.8727,0.3421,2,0.7738,0.3716,clean,0
jiis_trace_0228,jiis_trace_0228_s8,8,entity_binding,0.8162,0.7986,0.4258,1,0.6041,0.2377,clean,0
jiis_trace_0228,jiis_trace_0228_s9,9,evidence_retrieval,0.7396,0.6309,0.3518,2,0.7439,0.6152,clean,0
jiis_trace_0229,jiis_trace_0229_s1,1,query_decomposition,0.733,0.7661,0.3425,2,0.5573,0.5393,clean,0
jiis_trace_0229,jiis_trace_0229_s2,2,entity_binding,0.9089,0.7584,0.2488,3,0.6975,0.3201,clean,0
jiis_trace_0229,jiis_trace_0229_s3,3,evidence_retrieval,0.8147,0.6686,0.3312,1,0.7046,0.6587,clean,0
jiis_trace_0229,jiis_trace_0229_s4,4,relation_check,0.7916,0.7327,0.5046,3,0.839,0.7669,clean,0
jiis_trace_0229,jiis_trace_0229_s5,5,conflict_check,0.9106,0.6407,0.0996,2,0.2666,0.8145,temporal_conflict,1
jiis_trace_0229,jiis_trace_0229_s6,6,answer_synthesis,0.7331,0.7714,0.3443,0,0.8385,0.7206,clean,0
jiis_trace_0229,jiis_trace_0229_s7,7,query_decomposition,0.7937,0.6924,0.5457,3,0.7841,0.3693,clean,0
jiis_trace_0229,jiis_trace_0229_s8,8,entity_binding,0.8245,0.7065,0.4483,2,0.8087,0.3531,clean,0
jiis_trace_0229,jiis_trace_0229_s9,9,evidence_retrieval,0.7289,0.7528,0.2612,1,0.5923,0.5784,clean,0
jiis_trace_0229,jiis_trace_0229_s10,10,relation_check,0.8948,0.749,0.5674,3,0.8917,0.8155,clean,0
jiis_trace_0230,jiis_trace_0230_s1,1,query_decomposition,0.785,0.8811,0.096,3,0.8968,0.6448,clean,0
jiis_trace_0230,jiis_trace_0230_s2,2,entity_binding,0.3381,0.8977,0.1236,1,0.7036,0.8856,entity_binding_error,1
jiis_trace_0230,jiis_trace_0230_s3,3,evidence_retrieval,0.8508,0.6921,0.5241,1,0.6897,0.7281,clean,0
jiis_trace_0230,jiis_trace_0230_s4,4,relation_check,0.8759,0.7291,0.2386,3,0.8378,0.7449,clean,0
jiis_trace_0230,jiis_trace_0230_s5,5,conflict_check,0.8495,0.7077,0.5757,1,0.8446,0.4347,clean,0
jiis_trace_0230,jiis_trace_0230_s6,6,answer_synthesis,0.8674,0.8365,0.4322,1,0.6604,0.5661,clean,0
jiis_trace_0231,jiis_trace_0231_s1,1,query_decomposition,0.7202,0.6437,0.2366,2,0.7348,0.6078,clean,0
jiis_trace_0231,jiis_trace_0231_s2,2,entity_binding,0.9133,0.6931,0.4908,1,0.8801,0.8956,clean,0
jiis_trace_0231,jiis_trace_0231_s3,3,evidence_retrieval,0.9015,0.3388,0.1216,1,0.5934,0.4329,missing_evidence,1
jiis_trace_0231,jiis_trace_0231_s4,4,relation_check,0.88,0.7534,0.3722,0,0.6283,0.3277,clean,0
jiis_trace_0231,jiis_trace_0231_s5,5,conflict_check,0.9,0.8745,0.6185,3,0.8491,0.658,clean,0
jiis_trace_0231,jiis_trace_0231_s6,6,answer_synthesis,0.8318,0.6403,0.536,1,0.8424,0.7163,clean,0
jiis_trace_0231,jiis_trace_0231_s7,7,query_decomposition,0.7306,0.8801,0.602,2,0.7867,0.2152,clean,0
jiis_trace_0232,jiis_trace_0232_s1,1,query_decomposition,0.8629,0.8604,0.091,0,0.6641,0.8727,clean,0
jiis_trace_0232,jiis_trace_0232_s2,2,entity_binding,0.7701,0.8636,0.168,3,0.7012,0.5931,clean,0
jiis_trace_0232,jiis_trace_0232_s3,3,evidence_retrieval,0.7712,0.8132,0.825,3,0.5692,0.5461,duplicate_support,1
jiis_trace_0232,jiis_trace_0232_s4,4,relation_check,0.765,0.6832,0.8502,2,0.7563,0.2389,duplicate_support,1
jiis_trace_0232,jiis_trace_0232_s5,5,conflict_check,0.8692,0.7287,0.8236,3,0.8934,0.8472,duplicate_support,1
jiis_trace_0232,jiis_trace_0232_s6,6,answer_synthesis,0.7599,0.6267,0.393,2,0.7783,0.7431,clean,0
jiis_trace_0232,jiis_trace_0232_s7,7,query_decomposition,0.8373,0.6229,0.1501,0,0.8849,0.2336,clean,0
jiis_trace_0232,jiis_trace_0232_s8,8,entity_binding,0.7833,0.7519,0.5416,1,0.6968,0.4764,clean,0
jiis_trace_0233,jiis_trace_0233_s1,1,query_decomposition,0.8421,0.7432,0.511,3,0.7017,0.4708,clean,0
jiis_trace_0233,jiis_trace_0233_s2,2,entity_binding,0.8411,0.8,0.184,3,0.6057,0.8791,dependency_bottleneck,1
jiis_trace_0233,jiis_trace_0233_s3,3,evidence_retrieval,0.8327,0.8037,0.1762,3,0.6495,0.5246,dependency_bottleneck,1
jiis_trace_0233,jiis_trace_0233_s4,4,relation_check,0.8971,0.8227,0.3181,0,0.7559,0.2807,clean,0
jiis_trace_0233,jiis_trace_0233_s5,5,conflict_check,0.7201,0.8896,0.118,0,0.889,0.47,clean,0
jiis_trace_0233,jiis_trace_0233_s6,6,answer_synthesis,0.8339,0.6856,0.5027,0,0.5698,0.6638,clean,0
jiis_trace_0233,jiis_trace_0233_s7,7,query_decomposition,0.8768,0.6241,0.602,1,0.8225,0.5131,clean,0
jiis_trace_0233,jiis_trace_0233_s8,8,entity_binding,0.7516,0.7445,0.3355,1,0.5828,0.4276,clean,0
jiis_trace_0233,jiis_trace_0233_s9,9,evidence_retrieval,0.7327,0.8382,0.5076,0,0.551,0.8621,clean,0
jiis_trace_0234,jiis_trace_0234_s1,1,query_decomposition,0.8482,0.7418,0.3807,3,0.618,0.674,clean,0
jiis_trace_0234,jiis_trace_0234_s2,2,entity_binding,0.8899,0.7171,0.2057,1,0.7731,0.7659,clean,0
jiis_trace_0234,jiis_trace_0234_s3,3,evidence_retrieval,0.7385,0.7217,0.1439,0,0.7101,0.6823,clean,0
jiis_trace_0234,jiis_trace_0234_s4,4,relation_check,0.811,0.7734,0.2517,0,0.802,0.3449,clean,0
jiis_trace_0234,jiis_trace_0234_s5,5,conflict_check,0.7626,0.665,0.3916,2,0.2585,0.5414,temporal_conflict,1
jiis_trace_0234,jiis_trace_0234_s6,6,answer_synthesis,0.8104,0.7471,0.3894,2,0.834,0.2113,clean,0
jiis_trace_0234,jiis_trace_0234_s7,7,query_decomposition,0.8184,0.8687,0.1284,1,0.8395,0.3355,clean,0
jiis_trace_0234,jiis_trace_0234_s8,8,entity_binding,0.9087,0.826,0.3022,3,0.8871,0.5324,clean,0
jiis_trace_0234,jiis_trace_0234_s9,9,evidence_retrieval,0.8735,0.6567,0.4051,2,0.7747,0.3877,clean,0
jiis_trace_0234,jiis_trace_0234_s10,10,relation_check,0.7686,0.7308,0.3324,3,0.858,0.7372,clean,0
jiis_trace_0235,jiis_trace_0235_s1,1,query_decomposition,0.7647,0.687,0.0836,1,0.7383,0.224,clean,0
jiis_trace_0235,jiis_trace_0235_s2,2,entity_binding,0.2971,0.6632,0.5754,3,0.8247,0.5559,entity_binding_error,1
jiis_trace_0235,jiis_trace_0235_s3,3,evidence_retrieval,0.785,0.8174,0.2483,3,0.6392,0.5264,clean,0
jiis_trace_0235,jiis_trace_0235_s4,4,relation_check,0.8695,0.7871,0.0988,2,0.7887,0.4568,clean,0
jiis_trace_0235,jiis_trace_0235_s5,5,conflict_check,0.7949,0.6418,0.3217,0,0.8018,0.745,clean,0
jiis_trace_0235,jiis_trace_0235_s6,6,answer_synthesis,0.741,0.8759,0.4614,0,0.5954,0.7047,clean,0
jiis_trace_0236,jiis_trace_0236_s1,1,query_decomposition,0.85,0.8389,0.5698,0,0.7438,0.7444,clean,0
jiis_trace_0236,jiis_trace_0236_s2,2,entity_binding,0.7982,0.8929,0.514,1,0.7005,0.87,clean,0
jiis_trace_0236,jiis_trace_0236_s3,3,evidence_retrieval,0.8259,0.3064,0.1023,0,0.6595,0.7535,missing_evidence,1
jiis_trace_0236,jiis_trace_0236_s4,4,relation_check,0.7899,0.8944,0.4394,0,0.5732,0.7157,clean,0
jiis_trace_0236,jiis_trace_0236_s5,5,conflict_check,0.8435,0.6327,0.4186,3,0.6108,0.3287,clean,0
jiis_trace_0236,jiis_trace_0236_s6,6,answer_synthesis,0.7312,0.6349,0.3128,1,0.652,0.425,clean,0
jiis_trace_0236,jiis_trace_0236_s7,7,query_decomposition,0.8685,0.6804,0.4527,2,0.6864,0.7753,clean,0
jiis_trace_0237,jiis_trace_0237_s1,1,query_decomposition,0.7223,0.8799,0.4181,2,0.5778,0.3827,clean,0
jiis_trace_0237,jiis_trace_0237_s2,2,entity_binding,0.8026,0.7923,0.2182,3,0.5925,0.6537,clean,0
jiis_trace_0237,jiis_trace_0237_s3,3,evidence_retrieval,0.8717,0.8489,0.8555,3,0.7656,0.6396,duplicate_support,1
jiis_trace_0237,jiis_trace_0237_s4,4,relation_check,0.7911,0.7643,0.85,3,0.878,0.8952,duplicate_support,1
jiis_trace_0237,jiis_trace_0237_s5,5,conflict_check,0.8804,0.7181,0.8546,0,0.7298,0.4873,duplicate_support,1
jiis_trace_0237,jiis_trace_0237_s6,6,answer_synthesis,0.7881,0.7165,0.1856,0,0.5753,0.7842,clean,0
jiis_trace_0237,jiis_trace_0237_s7,7,query_decomposition,0.8796,0.6963,0.1683,3,0.5814,0.6438,clean,0
jiis_trace_0237,jiis_trace_0237_s8,8,entity_binding,0.8477,0.8408,0.174,0,0.8525,0.4188,clean,0
jiis_trace_0238,jiis_trace_0238_s1,1,query_decomposition,0.7979,0.8008,0.1336,1,0.6343,0.2269,clean,0
jiis_trace_0238,jiis_trace_0238_s2,2,entity_binding,0.7232,0.8,0.2428,3,0.8001,0.278,dependency_bottleneck,1
jiis_trace_0238,jiis_trace_0238_s3,3,evidence_retrieval,0.9131,0.8,0.2142,3,0.6812,0.3183,dependency_bottleneck,1
jiis_trace_0238,jiis_trace_0238_s4,4,relation_check,0.8157,0.6979,0.2363,1,0.6139,0.6949,clean,0
jiis_trace_0238,jiis_trace_0238_s5,5,conflict_check,0.7959,0.8328,0.3555,1,0.6181,0.5274,clean,0
jiis_trace_0238,jiis_trace_0238_s6,6,answer_synthesis,0.8302,0.8978,0.3879,2,0.8972,0.2523,clean,0
jiis_trace_0238,jiis_trace_0238_s7,7,query_decomposition,0.737,0.8939,0.4768,3,0.6582,0.6257,clean,0
jiis_trace_0238,jiis_trace_0238_s8,8,entity_binding,0.8603,0.8852,0.2532,0,0.7455,0.4393,clean,0
jiis_trace_0238,jiis_trace_0238_s9,9,evidence_retrieval,0.8882,0.8292,0.1617,1,0.8629,0.3595,clean,0
jiis_trace_0239,jiis_trace_0239_s1,1,query_decomposition,0.8079,0.7111,0.2828,2,0.7408,0.4933,clean,0
jiis_trace_0239,jiis_trace_0239_s2,2,entity_binding,0.8586,0.6459,0.5762,0,0.8523,0.8689,clean,0
jiis_trace_0239,jiis_trace_0239_s3,3,evidence_retrieval,0.7638,0.8555,0.6159,3,0.6063,0.5733,clean,0
jiis_trace_0239,jiis_trace_0239_s4,4,relation_check,0.831,0.632,0.3456,2,0.5819,0.72,clean,0
jiis_trace_0239,jiis_trace_0239_s5,5,conflict_check,0.8266,0.8219,0.6211,3,0.2864,0.6662,temporal_conflict,1
jiis_trace_0239,jiis_trace_0239_s6,6,answer_synthesis,0.8675,0.8728,0.1661,2,0.6804,0.555,clean,0
jiis_trace_0239,jiis_trace_0239_s7,7,query_decomposition,0.7499,0.6824,0.4943,3,0.8751,0.819,clean,0
jiis_trace_0239,jiis_trace_0239_s8,8,entity_binding,0.9191,0.7984,0.0842,0,0.8025,0.3141,clean,0
jiis_trace_0239,jiis_trace_0239_s9,9,evidence_retrieval,0.8143,0.6248,0.6079,1,0.8153,0.4637,clean,0
jiis_trace_0239,jiis_trace_0239_s10,10,relation_check,0.7454,0.8272,0.5698,1,0.6063,0.4311,clean,0
jiis_trace_0240,jiis_trace_0240_s1,1,query_decomposition,0.7739,0.6744,0.4077,3,0.5962,0.6934,clean,0
jiis_trace_0240,jiis_trace_0240_s2,2,entity_binding,0.3284,0.8177,0.4669,2,0.7532,0.4616,entity_binding_error,1
jiis_trace_0240,jiis_trace_0240_s3,3,evidence_retrieval,0.8137,0.7839,0.1165,3,0.5621,0.8365,clean,0
jiis_trace_0240,jiis_trace_0240_s4,4,relation_check,0.7799,0.8565,0.2241,2,0.8236,0.6447,clean,0
jiis_trace_0240,jiis_trace_0240_s5,5,conflict_check,0.8439,0.7011,0.5608,2,0.742,0.3905,clean,0
jiis_trace_0240,jiis_trace_0240_s6,6,answer_synthesis,0.8723,0.8827,0.3345,2,0.7551,0.4651,clean,0
jiis_trace_0241,jiis_trace_0241_s1,1,query_decomposition,0.7964,0.6732,0.4904,3,0.5836,0.3738,clean,0
jiis_trace_0241,jiis_trace_0241_s2,2,entity_binding,0.8568,0.765,0.4871,3,0.58,0.7499,clean,0
jiis_trace_0241,jiis_trace_0241_s3,3,evidence_retrieval,0.8826,0.3143,0.3081,0,0.6599,0.3384,missing_evidence,1
jiis_trace_0241,jiis_trace_0241_s4,4,relation_check,0.8245,0.6381,0.4211,1,0.8044,0.2205,clean,0
jiis_trace_0241,jiis_trace_0241_s5,5,conflict_check,0.9174,0.6207,0.2705,3,0.7358,0.8053,clean,0
jiis_trace_0241,jiis_trace_0241_s6,6,answer_synthesis,0.8886,0.7485,0.5427,0,0.6284,0.3693,clean,0
jiis_trace_0241,jiis_trace_0241_s7,7,query_decomposition,0.8147,0.8201,0.388,0,0.8639,0.6792,clean,0
jiis_trace_0242,jiis_trace_0242_s1,1,query_decomposition,0.8379,0.6279,0.3068,2,0.8153,0.615,clean,0
jiis_trace_0242,jiis_trace_0242_s2,2,entity_binding,0.7698,0.8413,0.1719,1,0.6403,0.7762,clean,0
jiis_trace_0242,jiis_trace_0242_s3,3,evidence_retrieval,0.8002,0.8,0.8415,1,0.664,0.4245,duplicate_support,1
jiis_trace_0242,jiis_trace_0242_s4,4,relation_check,0.7243,0.7455,0.828,3,0.7963,0.8625,duplicate_support,1
jiis_trace_0242,jiis_trace_0242_s5,5,conflict_check,0.8556,0.8001,0.8434,1,0.7447,0.7347,duplicate_support,1
jiis_trace_0242,jiis_trace_0242_s6,6,answer_synthesis,0.7893,0.7311,0.2905,1,0.6156,0.2809,clean,0
jiis_trace_0242,jiis_trace_0242_s7,7,query_decomposition,0.8989,0.8203,0.204,0,0.703,0.6506,clean,0
jiis_trace_0242,jiis_trace_0242_s8,8,entity_binding,0.8094,0.7554,0.3574,2,0.8997,0.8783,clean,0
jiis_trace_0243,jiis_trace_0243_s1,1,query_decomposition,0.8007,0.8873,0.3129,2,0.6898,0.4044,clean,0
jiis_trace_0243,jiis_trace_0243_s2,2,entity_binding,0.8435,0.8,0.2061,3,0.6602,0.5164,dependency_bottleneck,1
jiis_trace_0243,jiis_trace_0243_s3,3,evidence_retrieval,0.7928,0.8,0.4901,3,0.627,0.2871,dependency_bottleneck,1
jiis_trace_0243,jiis_trace_0243_s4,4,relation_check,0.9012,0.7122,0.4884,2,0.8329,0.2983,clean,0
jiis_trace_0243,jiis_trace_0243_s5,5,conflict_check,0.776,0.7757,0.545,0,0.5521,0.3253,clean,0
jiis_trace_0243,jiis_trace_0243_s6,6,answer_synthesis,0.8265,0.7668,0.1084,2,0.6049,0.612,clean,0
jiis_trace_0243,jiis_trace_0243_s7,7,query_decomposition,0.8274,0.6265,0.5698,3,0.8017,0.8904,clean,0
jiis_trace_0243,jiis_trace_0243_s8,8,entity_binding,0.8888,0.8727,0.367,1,0.6836,0.8296,clean,0
jiis_trace_0243,jiis_trace_0243_s9,9,evidence_retrieval,0.793,0.6834,0.3832,1,0.658,0.5198,clean,0
jiis_trace_0244,jiis_trace_0244_s1,1,query_decomposition,0.7707,0.7788,0.6166,0,0.7205,0.7042,clean,0
jiis_trace_0244,jiis_trace_0244_s2,2,entity_binding,0.8276,0.744,0.2353,1,0.6094,0.4889,clean,0
jiis_trace_0244,jiis_trace_0244_s3,3,evidence_retrieval,0.9116,0.7946,0.5124,3,0.5714,0.5901,clean,0
jiis_trace_0244,jiis_trace_0244_s4,4,relation_check,0.7719,0.8797,0.3188,1,0.7121,0.5077,clean,0
jiis_trace_0244,jiis_trace_0244_s5,5,conflict_check,0.7571,0.6763,0.2675,0,0.2735,0.7192,temporal_conflict,1
jiis_trace_0244,jiis_trace_0244_s6,6,answer_synthesis,0.7898,0.6662,0.19,1,0.7014,0.2598,clean,0
jiis_trace_0244,jiis_trace_0244_s7,7,query_decomposition,0.9042,0.8363,0.2357,1,0.598,0.6047,clean,0
jiis_trace_0244,jiis_trace_0244_s8,8,entity_binding,0.8655,0.8128,0.1345,3,0.801,0.3981,clean,0
jiis_trace_0244,jiis_trace_0244_s9,9,evidence_retrieval,0.8052,0.8471,0.1843,0,0.7474,0.292,clean,0
jiis_trace_0244,jiis_trace_0244_s10,10,relation_check,0.8061,0.7728,0.12,2,0.6321,0.7698,clean,0
jiis_trace_0245,jiis_trace_0245_s1,1,query_decomposition,0.7203,0.7481,0.1071,1,0.684,0.2854,clean,0
jiis_trace_0245,jiis_trace_0245_s2,2,entity_binding,0.2831,0.8439,0.5987,3,0.6599,0.8603,entity_binding_error,1
jiis_trace_0245,jiis_trace_0245_s3,3,evidence_retrieval,0.9091,0.7059,0.2463,0,0.8816,0.7453,clean,0
jiis_trace_0245,jiis_trace_0245_s4,4,relation_check,0.8504,0.8501,0.4349,3,0.8638,0.267,clean,0
jiis_trace_0245,jiis_trace_0245_s5,5,conflict_check,0.8384,0.7527,0.181,0,0.7033,0.6706,clean,0
jiis_trace_0245,jiis_trace_0245_s6,6,answer_synthesis,0.7709,0.8068,0.4555,0,0.76,0.4124,clean,0
jiis_trace_0246,jiis_trace_0246_s1,1,query_decomposition,0.8229,0.7593,0.597,1,0.7983,0.7808,clean,0
jiis_trace_0246,jiis_trace_0246_s2,2,entity_binding,0.88,0.6839,0.1148,2,0.7072,0.7869,clean,0
jiis_trace_0246,jiis_trace_0246_s3,3,evidence_retrieval,0.7478,0.3365,0.5262,0,0.7068,0.5486,missing_evidence,1
jiis_trace_0246,jiis_trace_0246_s4,4,relation_check,0.7652,0.7155,0.2387,0,0.7988,0.5004,clean,0
jiis_trace_0246,jiis_trace_0246_s5,5,conflict_check,0.7345,0.691,0.3195,1,0.8417,0.3533,clean,0
jiis_trace_0246,jiis_trace_0246_s6,6,answer_synthesis,0.7422,0.8666,0.4042,2,0.852,0.3955,clean,0
jiis_trace_0246,jiis_trace_0246_s7,7,query_decomposition,0.8056,0.6899,0.2214,3,0.6553,0.6261,clean,0
jiis_trace_0247,jiis_trace_0247_s1,1,query_decomposition,0.7364,0.7945,0.5237,3,0.6323,0.466,clean,0
jiis_trace_0247,jiis_trace_0247_s2,2,entity_binding,0.918,0.7682,0.5397,2,0.8859,0.2039,clean,0
jiis_trace_0247,jiis_trace_0247_s3,3,evidence_retrieval,0.9187,0.7769,0.8311,1,0.5921,0.4108,duplicate_support,1
jiis_trace_0247,jiis_trace_0247_s4,4,relation_check,0.8706,0.8515,0.8572,3,0.6568,0.7228,duplicate_support,1
jiis_trace_0247,jiis_trace_0247_s5,5,conflict_check,0.9166,0.7874,0.8453,2,0.8719,0.7964,duplicate_support,1
jiis_trace_0247,jiis_trace_0247_s6,6,answer_synthesis,0.847,0.637,0.5181,3,0.8536,0.5855,clean,0
jiis_trace_0247,jiis_trace_0247_s7,7,query_decomposition,0.8854,0.7517,0.3399,2,0.5593,0.8144,clean,0
jiis_trace_0247,jiis_trace_0247_s8,8,entity_binding,0.7563,0.7338,0.2833,2,0.8684,0.5466,clean,0
jiis_trace_0248,jiis_trace_0248_s1,1,query_decomposition,0.7683,0.7871,0.3985,2,0.7911,0.602,clean,0
jiis_trace_0248,jiis_trace_0248_s2,2,entity_binding,0.7612,0.8491,0.144,3,0.7178,0.232,dependency_bottleneck,1
jiis_trace_0248,jiis_trace_0248_s3,3,evidence_retrieval,0.7776,0.8,0.1637,3,0.7097,0.8444,dependency_bottleneck,1
jiis_trace_0248,jiis_trace_0248_s4,4,relation_check,0.8183,0.6871,0.3554,1,0.717,0.8286,clean,0
jiis_trace_0248,jiis_trace_0248_s5,5,conflict_check,0.912,0.6895,0.1566,3,0.7492,0.3486,clean,0
jiis_trace_0248,jiis_trace_0248_s6,6,answer_synthesis,0.7566,0.6478,0.4129,3,0.8146,0.8898,clean,0
jiis_trace_0248,jiis_trace_0248_s7,7,query_decomposition,0.9135,0.8847,0.4594,0,0.7442,0.845,clean,0
jiis_trace_0248,jiis_trace_0248_s8,8,entity_binding,0.7423,0.7914,0.083,0,0.8263,0.648,clean,0
jiis_trace_0248,jiis_trace_0248_s9,9,evidence_retrieval,0.8975,0.893,0.3858,2,0.6459,0.4809,clean,0
jiis_trace_0249,jiis_trace_0249_s1,1,query_decomposition,0.8302,0.7666,0.4202,3,0.6131,0.4704,clean,0
jiis_trace_0249,jiis_trace_0249_s2,2,entity_binding,0.84,0.788,0.1969,0,0.6517,0.5856,clean,0
jiis_trace_0249,jiis_trace_0249_s3,3,evidence_retrieval,0.8874,0.6319,0.3905,0,0.5511,0.3172,clean,0
jiis_trace_0249,jiis_trace_0249_s4,4,relation_check,0.9054,0.6294,0.5,0,0.8495,0.7672,clean,0
jiis_trace_0249,jiis_trace_0249_s5,5,conflict_check,0.8196,0.7981,0.1869,0,0.22,0.2313,temporal_conflict,1
jiis_trace_0249,jiis_trace_0249_s6,6,answer_synthesis,0.8089,0.6714,0.5616,1,0.7719,0.3067,clean,0
jiis_trace_0249,jiis_trace_0249_s7,7,query_decomposition,0.9119,0.8026,0.0909,3,0.7891,0.3384,clean,0
jiis_trace_0249,jiis_trace_0249_s8,8,entity_binding,0.8196,0.8778,0.3465,1,0.5507,0.8023,clean,0
jiis_trace_0249,jiis_trace_0249_s9,9,evidence_retrieval,0.777,0.8333,0.4612,0,0.6296,0.2942,clean,0
jiis_trace_0249,jiis_trace_0249_s10,10,relation_check,0.8722,0.6969,0.5305,3,0.5675,0.8901,clean,0
jiis_trace_0250,jiis_trace_0250_s1,1,query_decomposition,0.8712,0.8517,0.4383,3,0.7197,0.3919,clean,0
jiis_trace_0250,jiis_trace_0250_s2,2,entity_binding,0.2877,0.6929,0.2761,2,0.5746,0.3687,entity_binding_error,1
jiis_trace_0250,jiis_trace_0250_s3,3,evidence_retrieval,0.7702,0.8403,0.345,0,0.7977,0.5083,clean,0
jiis_trace_0250,jiis_trace_0250_s4,4,relation_check,0.8626,0.673,0.3153,0,0.72,0.6847,clean,0
jiis_trace_0250,jiis_trace_0250_s5,5,conflict_check,0.855,0.7178,0.4976,2,0.8941,0.7714,clean,0
jiis_trace_0250,jiis_trace_0250_s6,6,answer_synthesis,0.8762,0.6905,0.5223,2,0.6508,0.7855,clean,0
jiis_trace_0251,jiis_trace_0251_s1,1,query_decomposition,0.8095,0.8022,0.5804,2,0.6011,0.6406,clean,0
jiis_trace_0251,jiis_trace_0251_s2,2,entity_binding,0.8791,0.6279,0.3907,2,0.7084,0.5889,clean,0
jiis_trace_0251,jiis_trace_0251_s3,3,evidence_retrieval,0.9023,0.3079,0.1328,3,0.5617,0.5115,missing_evidence,1
jiis_trace_0251,jiis_trace_0251_s4,4,relation_check,0.9147,0.6496,0.6102,1,0.7372,0.4418,clean,0
jiis_trace_0251,jiis_trace_0251_s5,5,conflict_check,0.8848,0.8197,0.4845,0,0.6093,0.2971,clean,0
jiis_trace_0251,jiis_trace_0251_s6,6,answer_synthesis,0.7527,0.8196,0.4057,3,0.6012,0.5989,clean,0
jiis_trace_0251,jiis_trace_0251_s7,7,query_decomposition,0.8589,0.8551,0.2491,0,0.7659,0.8997,clean,0
jiis_trace_0252,jiis_trace_0252_s1,1,query_decomposition,0.7495,0.6709,0.4921,3,0.6793,0.6442,clean,0
jiis_trace_0252,jiis_trace_0252_s2,2,entity_binding,0.8899,0.8992,0.3307,1,0.6404,0.7295,clean,0
jiis_trace_0252,jiis_trace_0252_s3,3,evidence_retrieval,0.9154,0.8666,0.8244,2,0.7125,0.7908,duplicate_support,1
jiis_trace_0252,jiis_trace_0252_s4,4,relation_check,0.768,0.7754,0.8309,2,0.6198,0.7039,duplicate_support,1
jiis_trace_0252,jiis_trace_0252_s5,5,conflict_check,0.8849,0.7446,0.8335,1,0.6721,0.2436,duplicate_support,1
jiis_trace_0252,jiis_trace_0252_s6,6,answer_synthesis,0.8409,0.7221,0.5048,3,0.8394,0.5161,clean,0
jiis_trace_0252,jiis_trace_0252_s7,7,query_decomposition,0.9164,0.7344,0.3615,2,0.6157,0.6477,clean,0
jiis_trace_0252,jiis_trace_0252_s8,8,entity_binding,0.8406,0.81,0.5579,3,0.6547,0.9,clean,0
jiis_trace_0253,jiis_trace_0253_s1,1,query_decomposition,0.8621,0.7177,0.3589,1,0.5566,0.5854,clean,0
jiis_trace_0253,jiis_trace_0253_s2,2,entity_binding,0.8779,0.8,0.25,3,0.6987,0.3941,dependency_bottleneck,1
jiis_trace_0253,jiis_trace_0253_s3,3,evidence_retrieval,0.8067,0.845,0.1345,3,0.5643,0.5577,dependency_bottleneck,1
jiis_trace_0253,jiis_trace_0253_s4,4,relation_check,0.9068,0.7691,0.3144,3,0.8229,0.3653,clean,0
jiis_trace_0253,jiis_trace_0253_s5,5,conflict_check,0.8609,0.7954,0.3329,0,0.6801,0.3964,clean,0
jiis_trace_0253,jiis_trace_0253_s6,6,answer_synthesis,0.7651,0.6989,0.5662,0,0.5743,0.253,clean,0
jiis_trace_0253,jiis_trace_0253_s7,7,query_decomposition,0.7965,0.8549,0.0933,2,0.7725,0.8236,clean,0
jiis_trace_0253,jiis_trace_0253_s8,8,entity_binding,0.8596,0.6895,0.2642,1,0.6165,0.4289,clean,0
jiis_trace_0253,jiis_trace_0253_s9,9,evidence_retrieval,0.9149,0.6627,0.6106,3,0.565,0.6229,clean,0
jiis_trace_0254,jiis_trace_0254_s1,1,query_decomposition,0.8688,0.7891,0.2515,3,0.7898,0.3301,clean,0
jiis_trace_0254,jiis_trace_0254_s2,2,entity_binding,0.8692,0.6273,0.6076,3,0.5914,0.8808,clean,0
jiis_trace_0254,jiis_trace_0254_s3,3,evidence_retrieval,0.7623,0.6989,0.5511,1,0.8325,0.7469,clean,0
jiis_trace_0254,jiis_trace_0254_s4,4,relation_check,0.9004,0.6412,0.3913,3,0.8501,0.8967,clean,0
jiis_trace_0254,jiis_trace_0254_s5,5,conflict_check,0.7287,0.6897,0.4502,0,0.2654,0.2649,temporal_conflict,1
jiis_trace_0254,jiis_trace_0254_s6,6,answer_synthesis,0.9068,0.6924,0.3924,3,0.5613,0.2915,clean,0
jiis_trace_0254,jiis_trace_0254_s7,7,query_decomposition,0.8875,0.8814,0.1164,1,0.8262,0.6876,clean,0
jiis_trace_0254,jiis_trace_0254_s8,8,entity_binding,0.843,0.8539,0.525,3,0.7849,0.6367,clean,0
jiis_trace_0254,jiis_trace_0254_s9,9,evidence_retrieval,0.8095,0.8907,0.3249,0,0.7264,0.6467,clean,0
jiis_trace_0254,jiis_trace_0254_s10,10,relation_check,0.8843,0.829,0.5143,1,0.8037,0.8803,clean,0
jiis_trace_0255,jiis_trace_0255_s1,1,query_decomposition,0.9024,0.6458,0.1763,1,0.8476,0.3561,clean,0
jiis_trace_0255,jiis_trace_0255_s2,2,entity_binding,0.3188,0.6636,0.3722,0,0.8389,0.8738,entity_binding_error,1
jiis_trace_0255,jiis_trace_0255_s3,3,evidence_retrieval,0.8721,0.8361,0.1771,0,0.5764,0.3357,clean,0
jiis_trace_0255,jiis_trace_0255_s4,4,relation_check,0.8238,0.8813,0.3129,1,0.6493,0.4506,clean,0
jiis_trace_0255,jiis_trace_0255_s5,5,conflict_check,0.7619,0.638,0.1292,3,0.7112,0.8911,clean,0
jiis_trace_0255,jiis_trace_0255_s6,6,answer_synthesis,0.7992,0.6602,0.2466,1,0.6243,0.2492,clean,0
jiis_trace_0256,jiis_trace_0256_s1,1,query_decomposition,0.9029,0.83,0.4313,3,0.6535,0.5391,clean,0
jiis_trace_0256,jiis_trace_0256_s2,2,entity_binding,0.8163,0.7628,0.5163,1,0.7469,0.5571,clean,0
jiis_trace_0256,jiis_trace_0256_s3,3,evidence_retrieval,0.9111,0.3087,0.5777,2,0.7663,0.7471,missing_evidence,1
jiis_trace_0256,jiis_trace_0256_s4,4,relation_check,0.8572,0.7703,0.1619,3,0.738,0.2111,clean,0
jiis_trace_0256,jiis_trace_0256_s5,5,conflict_check,0.8481,0.6605,0.3385,2,0.7378,0.3486,clean,0
jiis_trace_0256,jiis_trace_0256_s6,6,answer_synthesis,0.838,0.6876,0.3186,3,0.7437,0.5664,clean,0
jiis_trace_0256,jiis_trace_0256_s7,7,query_decomposition,0.7962,0.8864,0.2666,1,0.5615,0.6748,clean,0
jiis_trace_0257,jiis_trace_0257_s1,1,query_decomposition,0.7527,0.6489,0.4128,2,0.7698,0.5596,clean,0
jiis_trace_0257,jiis_trace_0257_s2,2,entity_binding,0.8231,0.7773,0.1868,2,0.8923,0.2454,clean,0
jiis_trace_0257,jiis_trace_0257_s3,3,evidence_retrieval,0.8991,0.7934,0.8584,0,0.6283,0.6857,duplicate_support,1
jiis_trace_0257,jiis_trace_0257_s4,4,relation_check,0.8832,0.8917,0.8447,3,0.831,0.3939,duplicate_support,1
jiis_trace_0257,jiis_trace_0257_s5,5,conflict_check,0.8623,0.7996,0.8479,0,0.8045,0.4671,duplicate_support,1
jiis_trace_0257,jiis_trace_0257_s6,6,answer_synthesis,0.805,0.7854,0.3142,1,0.6618,0.4857,clean,0
jiis_trace_0257,jiis_trace_0257_s7,7,query_decomposition,0.9163,0.7708,0.117,0,0.7148,0.4359,clean,0
jiis_trace_0257,jiis_trace_0257_s8,8,entity_binding,0.7571,0.6552,0.1316,2,0.7102,0.2425,clean,0
jiis_trace_0258,jiis_trace_0258_s1,1,query_decomposition,0.7884,0.6921,0.63,1,0.626,0.6094,clean,0
jiis_trace_0258,jiis_trace_0258_s2,2,entity_binding,0.7513,0.8163,0.1021,3,0.7924,0.4822,dependency_bottleneck,1
jiis_trace_0258,jiis_trace_0258_s3,3,evidence_retrieval,0.8293,0.8084,0.3001,3,0.6281,0.3305,dependency_bottleneck,1
jiis_trace_0258,jiis_trace_0258_s4,4,relation_check,0.8159,0.704,0.4317,2,0.7332,0.4047,clean,0
jiis_trace_0258,jiis_trace_0258_s5,5,conflict_check,0.7812,0.6316,0.4484,3,0.7707,0.2395,clean,0
jiis_trace_0258,jiis_trace_0258_s6,6,answer_synthesis,0.8,0.7466,0.1337,1,0.6318,0.8727,clean,0
jiis_trace_0258,jiis_trace_0258_s7,7,query_decomposition,0.8179,0.7783,0.4969,3,0.6206,0.8316,clean,0
jiis_trace_0258,jiis_trace_0258_s8,8,entity_binding,0.7704,0.7502,0.5233,3,0.7471,0.2832,clean,0
jiis_trace_0258,jiis_trace_0258_s9,9,evidence_retrieval,0.7226,0.7439,0.4986,3,0.5644,0.8257,clean,0
jiis_trace_0259,jiis_trace_0259_s1,1,query_decomposition,0.7902,0.8647,0.566,1,0.5854,0.4143,clean,0
jiis_trace_0259,jiis_trace_0259_s2,2,entity_binding,0.7233,0.7708,0.0886,3,0.8558,0.8519,clean,0
jiis_trace_0259,jiis_trace_0259_s3,3,evidence_retrieval,0.9148,0.7564,0.3501,2,0.7875,0.6846,clean,0
jiis_trace_0259,jiis_trace_0259_s4,4,relation_check,0.8009,0.7981,0.4096,1,0.7074,0.8092,clean,0
jiis_trace_0259,jiis_trace_0259_s5,5,conflict_check,0.7804,0.8068,0.396,1,0.2828,0.4579,temporal_conflict,1
jiis_trace_0259,jiis_trace_0259_s6,6,answer_synthesis,0.8051,0.8548,0.4838,0,0.5564,0.4325,clean,0
jiis_trace_0259,jiis_trace_0259_s7,7,query_decomposition,0.9098,0.6492,0.5427,2,0.6846,0.4369,clean,0
jiis_trace_0259,jiis_trace_0259_s8,8,entity_binding,0.802,0.8214,0.5885,1,0.8299,0.6978,clean,0
jiis_trace_0259,jiis_trace_0259_s9,9,evidence_retrieval,0.7992,0.824,0.1881,0,0.6228,0.3496,clean,0
jiis_trace_0259,jiis_trace_0259_s10,10,relation_check,0.791,0.6795,0.5054,1,0.7797,0.7858,clean,0
jiis_trace_0260,jiis_trace_0260_s1,1,query_decomposition,0.8385,0.7643,0.3392,0,0.8173,0.2117,clean,0
jiis_trace_0260,jiis_trace_0260_s2,2,entity_binding,0.3383,0.8112,0.3697,2,0.7485,0.3094,entity_binding_error,1
jiis_trace_0260,jiis_trace_0260_s3,3,evidence_retrieval,0.8649,0.6635,0.5048,0,0.6455,0.888,clean,0
jiis_trace_0260,jiis_trace_0260_s4,4,relation_check,0.837,0.7575,0.0965,2,0.7889,0.3007,clean,0
jiis_trace_0260,jiis_trace_0260_s5,5,conflict_check,0.8755,0.6899,0.2278,3,0.6325,0.8769,clean,0
jiis_trace_0260,jiis_trace_0260_s6,6,answer_synthesis,0.77,0.7758,0.4115,2,0.7825,0.7216,clean,0
jiis_trace_0261,jiis_trace_0261_s1,1,query_decomposition,0.8996,0.6638,0.4923,1,0.7127,0.6332,clean,0
jiis_trace_0261,jiis_trace_0261_s2,2,entity_binding,0.851,0.6431,0.4394,2,0.6441,0.8169,clean,0
jiis_trace_0261,jiis_trace_0261_s3,3,evidence_retrieval,0.722,0.3302,0.3525,3,0.5859,0.8948,missing_evidence,1
jiis_trace_0261,jiis_trace_0261_s4,4,relation_check,0.9141,0.6325,0.4797,0,0.8726,0.6911,clean,0
jiis_trace_0261,jiis_trace_0261_s5,5,conflict_check,0.9195,0.7385,0.4919,2,0.8175,0.8773,clean,0
jiis_trace_0261,jiis_trace_0261_s6,6,answer_synthesis,0.735,0.793,0.4064,1,0.6392,0.722,clean,0
jiis_trace_0261,jiis_trace_0261_s7,7,query_decomposition,0.7278,0.6741,0.3632,2,0.8111,0.2421,clean,0
jiis_trace_0262,jiis_trace_0262_s1,1,query_decomposition,0.8717,0.6316,0.6267,2,0.7402,0.4847,clean,0
jiis_trace_0262,jiis_trace_0262_s2,2,entity_binding,0.7709,0.8386,0.4355,0,0.7379,0.4945,clean,0
jiis_trace_0262,jiis_trace_0262_s3,3,evidence_retrieval,0.9066,0.7838,0.8239,3,0.8547,0.4971,duplicate_support,1
jiis_trace_0262,jiis_trace_0262_s4,4,relation_check,0.7374,0.8578,0.8548,0,0.8481,0.8249,duplicate_support,1
jiis_trace_0262,jiis_trace_0262_s5,5,conflict_check,0.7923,0.7428,0.8408,1,0.7385,0.7879,duplicate_support,1
jiis_trace_0262,jiis_trace_0262_s6,6,answer_synthesis,0.8085,0.8012,0.3115,0,0.85,0.8092,clean,0
jiis_trace_0262,jiis_trace_0262_s7,7,query_decomposition,0.7447,0.7333,0.5557,0,0.6098,0.8487,clean,0
jiis_trace_0262,jiis_trace_0262_s8,8,entity_binding,0.789,0.8202,0.5913,1,0.6222,0.72,clean,0
jiis_trace_0263,jiis_trace_0263_s1,1,query_decomposition,0.7334,0.631,0.4681,1,0.7745,0.5149,clean,0
jiis_trace_0263,jiis_trace_0263_s2,2,entity_binding,0.731,0.849,0.3906,3,0.8024,0.4239,dependency_bottleneck,1
jiis_trace_0263,jiis_trace_0263_s3,3,evidence_retrieval,0.7512,0.8,0.5695,3,0.8362,0.4682,dependency_bottleneck,1
jiis_trace_0263,jiis_trace_0263_s4,4,relation_check,0.789,0.7589,0.1526,0,0.6206,0.7369,clean,0
jiis_trace_0263,jiis_trace_0263_s5,5,conflict_check,0.8816,0.7265,0.093,0,0.5789,0.6028,clean,0
jiis_trace_0263,jiis_trace_0263_s6,6,answer_synthesis,0.8315,0.6206,0.1572,1,0.6141,0.4372,clean,0
jiis_trace_0263,jiis_trace_0263_s7,7,query_decomposition,0.8093,0.8399,0.2415,3,0.8112,0.7975,clean,0
jiis_trace_0263,jiis_trace_0263_s8,8,entity_binding,0.8837,0.7973,0.2289,3,0.8244,0.6002,clean,0
jiis_trace_0263,jiis_trace_0263_s9,9,evidence_retrieval,0.7221,0.7836,0.0919,3,0.685,0.6022,clean,0
jiis_trace_0264,jiis_trace_0264_s1,1,query_decomposition,0.7297,0.8222,0.5605,3,0.7478,0.7444,clean,0
jiis_trace_0264,jiis_trace_0264_s2,2,entity_binding,0.7754,0.7281,0.564,1,0.8789,0.7183,clean,0
jiis_trace_0264,jiis_trace_0264_s3,3,evidence_retrieval,0.848,0.7695,0.176,3,0.6015,0.8408,clean,0
jiis_trace_0264,jiis_trace_0264_s4,4,relation_check,0.897,0.6223,0.5517,3,0.5919,0.2334,clean,0
jiis_trace_0264,jiis_trace_0264_s5,5,conflict_check,0.8335,0.8488,0.3824,0,0.2284,0.7084,temporal_conflict,1
jiis_trace_0264,jiis_trace_0264_s6,6,answer_synthesis,0.87,0.7899,0.4305,0,0.6744,0.3629,clean,0
jiis_trace_0264,jiis_trace_0264_s7,7,query_decomposition,0.7928,0.8482,0.4125,3,0.6763,0.2482,clean,0
jiis_trace_0264,jiis_trace_0264_s8,8,entity_binding,0.8676,0.8086,0.4484,3,0.5759,0.6192,clean,0
jiis_trace_0264,jiis_trace_0264_s9,9,evidence_retrieval,0.7864,0.6217,0.3484,2,0.8472,0.414,clean,0
jiis_trace_0264,jiis_trace_0264_s10,10,relation_check,0.9009,0.815,0.2331,1,0.7028,0.5153,clean,0
jiis_trace_0265,jiis_trace_0265_s1,1,query_decomposition,0.7837,0.6482,0.5468,3,0.5583,0.8717,clean,0
jiis_trace_0265,jiis_trace_0265_s2,2,entity_binding,0.2805,0.7416,0.1032,0,0.6775,0.8908,entity_binding_error,1
jiis_trace_0265,jiis_trace_0265_s3,3,evidence_retrieval,0.8468,0.7659,0.3285,3,0.8712,0.2318,clean,0
jiis_trace_0265,jiis_trace_0265_s4,4,relation_check,0.8275,0.8381,0.4813,2,0.7426,0.2193,clean,0
jiis_trace_0265,jiis_trace_0265_s5,5,conflict_check,0.7889,0.627,0.2742,2,0.6722,0.6826,clean,0
jiis_trace_0265,jiis_trace_0265_s6,6,answer_synthesis,0.8163,0.8254,0.3333,2,0.8107,0.8328,clean,0
jiis_trace_0266,jiis_trace_0266_s1,1,query_decomposition,0.8361,0.755,0.1768,3,0.8663,0.32,clean,0
jiis_trace_0266,jiis_trace_0266_s2,2,entity_binding,0.8337,0.8721,0.3561,2,0.7138,0.45,clean,0
jiis_trace_0266,jiis_trace_0266_s3,3,evidence_retrieval,0.8716,0.3408,0.5903,1,0.7917,0.8096,missing_evidence,1
jiis_trace_0266,jiis_trace_0266_s4,4,relation_check,0.8369,0.815,0.0895,3,0.6035,0.3761,clean,0
jiis_trace_0266,jiis_trace_0266_s5,5,conflict_check,0.8049,0.8504,0.1986,1,0.8385,0.2265,clean,0
jiis_trace_0266,jiis_trace_0266_s6,6,answer_synthesis,0.764,0.6596,0.3496,2,0.8442,0.4104,clean,0
jiis_trace_0266,jiis_trace_0266_s7,7,query_decomposition,0.795,0.7478,0.4137,0,0.627,0.7699,clean,0
jiis_trace_0267,jiis_trace_0267_s1,1,query_decomposition,0.8763,0.7793,0.4798,2,0.7543,0.4966,clean,0
jiis_trace_0267,jiis_trace_0267_s2,2,entity_binding,0.878,0.7389,0.1185,2,0.8647,0.4641,clean,0
jiis_trace_0267,jiis_trace_0267_s3,3,evidence_retrieval,0.8542,0.8805,0.847,2,0.8513,0.6195,duplicate_support,1
jiis_trace_0267,jiis_trace_0267_s4,4,relation_check,0.8539,0.6526,0.8338,0,0.5763,0.864,duplicate_support,1
jiis_trace_0267,jiis_trace_0267_s5,5,conflict_check,0.8915,0.6957,0.8578,1,0.8314,0.5519,duplicate_support,1
jiis_trace_0267,jiis_trace_0267_s6,6,answer_synthesis,0.8646,0.7772,0.6285,0,0.8651,0.768,clean,0
jiis_trace_0267,jiis_trace_0267_s7,7,query_decomposition,0.7777,0.7203,0.2148,3,0.766,0.7954,clean,0
jiis_trace_0267,jiis_trace_0267_s8,8,entity_binding,0.7787,0.8002,0.3718,0,0.769,0.2784,clean,0
jiis_trace_0268,jiis_trace_0268_s1,1,query_decomposition,0.8262,0.8055,0.3177,2,0.7676,0.4418,clean,0
jiis_trace_0268,jiis_trace_0268_s2,2,entity_binding,0.7713,0.8282,0.2849,3,0.7007,0.6669,dependency_bottleneck,1
jiis_trace_0268,jiis_trace_0268_s3,3,evidence_retrieval,0.8917,0.8856,0.4778,3,0.5947,0.8372,dependency_bottleneck,1
jiis_trace_0268,jiis_trace_0268_s4,4,relation_check,0.8307,0.807,0.2525,1,0.881,0.2089,clean,0
jiis_trace_0268,jiis_trace_0268_s5,5,conflict_check,0.7634,0.7431,0.3504,0,0.8011,0.5639,clean,0
jiis_trace_0268,jiis_trace_0268_s6,6,answer_synthesis,0.7464,0.8353,0.3697,3,0.8719,0.2665,clean,0
jiis_trace_0268,jiis_trace_0268_s7,7,query_decomposition,0.8705,0.8769,0.4106,0,0.832,0.6633,clean,0
jiis_trace_0268,jiis_trace_0268_s8,8,entity_binding,0.7832,0.8433,0.4307,0,0.6195,0.5692,clean,0
jiis_trace_0268,jiis_trace_0268_s9,9,evidence_retrieval,0.8793,0.7429,0.6011,3,0.5649,0.4348,clean,0
jiis_trace_0269,jiis_trace_0269_s1,1,query_decomposition,0.8177,0.7095,0.2103,1,0.7543,0.2376,clean,0
jiis_trace_0269,jiis_trace_0269_s2,2,entity_binding,0.8665,0.8408,0.3957,3,0.7581,0.8553,clean,0
jiis_trace_0269,jiis_trace_0269_s3,3,evidence_retrieval,0.7399,0.8373,0.4008,0,0.7245,0.8695,clean,0
jiis_trace_0269,jiis_trace_0269_s4,4,relation_check,0.7948,0.8846,0.4853,3,0.8382,0.4692,clean,0
jiis_trace_0269,jiis_trace_0269_s5,5,conflict_check,0.7992,0.7128,0.4664,0,0.2661,0.4459,temporal_conflict,1
jiis_trace_0269,jiis_trace_0269_s6,6,answer_synthesis,0.8412,0.6472,0.1898,3,0.8329,0.2491,clean,0
jiis_trace_0269,jiis_trace_0269_s7,7,query_decomposition,0.7445,0.7921,0.4157,3,0.8044,0.6306,clean,0
jiis_trace_0269,jiis_trace_0269_s8,8,entity_binding,0.871,0.717,0.5477,3,0.6518,0.5672,clean,0
jiis_trace_0269,jiis_trace_0269_s9,9,evidence_retrieval,0.893,0.8444,0.3544,2,0.7272,0.3952,clean,0
jiis_trace_0269,jiis_trace_0269_s10,10,relation_check,0.8937,0.8055,0.1616,3,0.7063,0.4935,clean,0
jiis_trace_0270,jiis_trace_0270_s1,1,query_decomposition,0.7755,0.7083,0.3541,3,0.7333,0.3051,clean,0
jiis_trace_0270,jiis_trace_0270_s2,2,entity_binding,0.3205,0.7145,0.3657,1,0.7267,0.3839,entity_binding_error,1
jiis_trace_0270,jiis_trace_0270_s3,3,evidence_retrieval,0.8465,0.8704,0.255,3,0.7133,0.2219,clean,0
jiis_trace_0270,jiis_trace_0270_s4,4,relation_check,0.7913,0.7065,0.3307,2,0.6754,0.3729,clean,0
jiis_trace_0270,jiis_trace_0270_s5,5,conflict_check,0.7533,0.7922,0.5094,1,0.8,0.3526,clean,0
jiis_trace_0270,jiis_trace_0270_s6,6,answer_synthesis,0.7209,0.6554,0.3956,2,0.7323,0.4994,clean,0
jiis_trace_0271,jiis_trace_0271_s1,1,query_decomposition,0.7946,0.7443,0.1357,2,0.8564,0.3761,clean,0
jiis_trace_0271,jiis_trace_0271_s2,2,entity_binding,0.888,0.7834,0.1945,2,0.671,0.5472,clean,0
jiis_trace_0271,jiis_trace_0271_s3,3,evidence_retrieval,0.7332,0.3372,0.3437,2,0.7753,0.2669,missing_evidence,1
jiis_trace_0271,jiis_trace_0271_s4,4,relation_check,0.8271,0.7226,0.4173,2,0.7708,0.6294,clean,0
jiis_trace_0271,jiis_trace_0271_s5,5,conflict_check,0.8011,0.8212,0.5218,0,0.8645,0.2996,clean,0
jiis_trace_0271,jiis_trace_0271_s6,6,answer_synthesis,0.8057,0.6491,0.1312,3,0.609,0.8359,clean,0
jiis_trace_0271,jiis_trace_0271_s7,7,query_decomposition,0.7888,0.7545,0.4064,3,0.5539,0.5799,clean,0
jiis_trace_0272,jiis_trace_0272_s1,1,query_decomposition,0.8378,0.7488,0.2086,2,0.6652,0.6282,clean,0
jiis_trace_0272,jiis_trace_0272_s2,2,entity_binding,0.8426,0.7828,0.45,2,0.7243,0.2641,clean,0
jiis_trace_0272,jiis_trace_0272_s3,3,evidence_retrieval,0.8155,0.8273,0.824,0,0.5996,0.6386,duplicate_support,1
jiis_trace_0272,jiis_trace_0272_s4,4,relation_check,0.8202,0.6747,0.8459,2,0.7752,0.5526,duplicate_support,1
jiis_trace_0272,jiis_trace_0272_s5,5,conflict_check,0.7222,0.852,0.8279,1,0.702,0.3318,duplicate_support,1
jiis_trace_0272,jiis_trace_0272_s6,6,answer_synthesis,0.8074,0.8511,0.4217,3,0.7523,0.3271,clean,0
jiis_trace_0272,jiis_trace_0272_s7,7,query_decomposition,0.7698,0.6673,0.6139,2,0.839,0.8594,clean,0
jiis_trace_0272,jiis_trace_0272_s8,8,entity_binding,0.8425,0.8783,0.086,3,0.8839,0.7334,clean,0
jiis_trace_0273,jiis_trace_0273_s1,1,query_decomposition,0.9134,0.7941,0.0957,1,0.7997,0.2728,clean,0
jiis_trace_0273,jiis_trace_0273_s2,2,entity_binding,0.9175,0.8,0.5212,3,0.6616,0.5053,dependency_bottleneck,1
jiis_trace_0273,jiis_trace_0273_s3,3,evidence_retrieval,0.7478,0.8169,0.1148,3,0.7293,0.5474,dependency_bottleneck,1
jiis_trace_0273,jiis_trace_0273_s4,4,relation_check,0.8425,0.8348,0.4259,0,0.7838,0.5049,clean,0
jiis_trace_0273,jiis_trace_0273_s5,5,conflict_check,0.7884,0.8425,0.4026,3,0.8949,0.6284,clean,0
jiis_trace_0273,jiis_trace_0273_s6,6,answer_synthesis,0.7836,0.7018,0.1612,3,0.7424,0.6293,clean,0
jiis_trace_0273,jiis_trace_0273_s7,7,query_decomposition,0.8203,0.7334,0.0885,2,0.8567,0.3448,clean,0
jiis_trace_0273,jiis_trace_0273_s8,8,entity_binding,0.9084,0.7725,0.2993,0,0.7133,0.8115,clean,0
jiis_trace_0273,jiis_trace_0273_s9,9,evidence_retrieval,0.7411,0.8441,0.3285,3,0.8203,0.6167,clean,0
jiis_trace_0274,jiis_trace_0274_s1,1,query_decomposition,0.8415,0.8084,0.3738,0,0.5791,0.6067,clean,0
jiis_trace_0274,jiis_trace_0274_s2,2,entity_binding,0.7306,0.7082,0.2019,3,0.6191,0.7808,clean,0
jiis_trace_0274,jiis_trace_0274_s3,3,evidence_retrieval,0.8435,0.8682,0.3866,3,0.8204,0.7211,clean,0
jiis_trace_0274,jiis_trace_0274_s4,4,relation_check,0.8691,0.6653,0.526,0,0.817,0.681,clean,0
jiis_trace_0274,jiis_trace_0274_s5,5,conflict_check,0.7577,0.8948,0.327,0,0.238,0.555,temporal_conflict,1
jiis_trace_0274,jiis_trace_0274_s6,6,answer_synthesis,0.808,0.7814,0.1206,3,0.6877,0.4167,clean,0
jiis_trace_0274,jiis_trace_0274_s7,7,query_decomposition,0.7622,0.767,0.18,3,0.7366,0.6508,clean,0
jiis_trace_0274,jiis_trace_0274_s8,8,entity_binding,0.7766,0.8885,0.3017,2,0.7318,0.6668,clean,0
jiis_trace_0274,jiis_trace_0274_s9,9,evidence_retrieval,0.8368,0.6445,0.4517,0,0.7565,0.7381,clean,0
jiis_trace_0274,jiis_trace_0274_s10,10,relation_check,0.7608,0.8097,0.3766,2,0.6649,0.5533,clean,0
jiis_trace_0275,jiis_trace_0275_s1,1,query_decomposition,0.8289,0.731,0.5702,3,0.6371,0.5836,clean,0
jiis_trace_0275,jiis_trace_0275_s2,2,entity_binding,0.3099,0.7921,0.383,1,0.8598,0.4279,entity_binding_error,1
jiis_trace_0275,jiis_trace_0275_s3,3,evidence_retrieval,0.7699,0.7482,0.4878,1,0.7651,0.7236,clean,0
jiis_trace_0275,jiis_trace_0275_s4,4,relation_check,0.7314,0.7682,0.1715,2,0.578,0.4002,clean,0
jiis_trace_0275,jiis_trace_0275_s5,5,conflict_check,0.7888,0.895,0.2733,3,0.728,0.8068,clean,0
jiis_trace_0275,jiis_trace_0275_s6,6,answer_synthesis,0.8716,0.6966,0.3249,1,0.8531,0.8761,clean,0
jiis_trace_0276,jiis_trace_0276_s1,1,query_decomposition,0.8463,0.8063,0.2451,3,0.5971,0.8861,clean,0
jiis_trace_0276,jiis_trace_0276_s2,2,entity_binding,0.8596,0.6213,0.4999,1,0.8605,0.8819,clean,0
jiis_trace_0276,jiis_trace_0276_s3,3,evidence_retrieval,0.8134,0.3164,0.4669,2,0.7733,0.3934,missing_evidence,1
jiis_trace_0276,jiis_trace_0276_s4,4,relation_check,0.8902,0.7893,0.5793,1,0.6105,0.2853,clean,0
jiis_trace_0276,jiis_trace_0276_s5,5,conflict_check,0.7435,0.649,0.6017,2,0.5626,0.2217,clean,0
jiis_trace_0276,jiis_trace_0276_s6,6,answer_synthesis,0.7358,0.6527,0.6023,3,0.7744,0.324,clean,0
jiis_trace_0276,jiis_trace_0276_s7,7,query_decomposition,0.9038,0.6522,0.1283,0,0.8168,0.6936,clean,0
jiis_trace_0277,jiis_trace_0277_s1,1,query_decomposition,0.8457,0.7287,0.1992,2,0.7973,0.2695,clean,0
jiis_trace_0277,jiis_trace_0277_s2,2,entity_binding,0.8312,0.6807,0.3263,3,0.8789,0.398,clean,0
jiis_trace_0277,jiis_trace_0277_s3,3,evidence_retrieval,0.8038,0.8949,0.8397,1,0.6548,0.2207,duplicate_support,1
jiis_trace_0277,jiis_trace_0277_s4,4,relation_check,0.7923,0.6803,0.8483,2,0.8942,0.8078,duplicate_support,1
jiis_trace_0277,jiis_trace_0277_s5,5,conflict_check,0.7843,0.7012,0.833,1,0.656,0.6369,duplicate_support,1
jiis_trace_0277,jiis_trace_0277_s6,6,answer_synthesis,0.7387,0.748,0.5698,0,0.6918,0.8681,clean,0
jiis_trace_0277,jiis_trace_0277_s7,7,query_decomposition,0.7839,0.8971,0.1819,2,0.689,0.4534,clean,0
jiis_trace_0277,jiis_trace_0277_s8,8,entity_binding,0.8706,0.8371,0.3687,3,0.7053,0.3248,clean,0
jiis_trace_0278,jiis_trace_0278_s1,1,query_decomposition,0.7997,0.7227,0.3339,3,0.6489,0.492,clean,0
jiis_trace_0278,jiis_trace_0278_s2,2,entity_binding,0.7291,0.8,0.6199,3,0.5667,0.7462,dependency_bottleneck,1
jiis_trace_0278,jiis_trace_0278_s3,3,evidence_retrieval,0.9145,0.8,0.2044,3,0.5844,0.2561,dependency_bottleneck,1
jiis_trace_0278,jiis_trace_0278_s4,4,relation_check,0.8017,0.7009,0.3721,2,0.5929,0.6129,clean,0
jiis_trace_0278,jiis_trace_0278_s5,5,conflict_check,0.7433,0.7947,0.1336,3,0.6662,0.8361,clean,0
jiis_trace_0278,jiis_trace_0278_s6,6,answer_synthesis,0.8409,0.8514,0.2462,2,0.6404,0.3928,clean,0
jiis_trace_0278,jiis_trace_0278_s7,7,query_decomposition,0.9145,0.6512,0.4423,0,0.6037,0.7955,clean,0
jiis_trace_0278,jiis_trace_0278_s8,8,entity_binding,0.7601,0.8212,0.5041,3,0.8455,0.8581,clean,0
jiis_trace_0278,jiis_trace_0278_s9,9,evidence_retrieval,0.7974,0.7081,0.476,1,0.6499,0.7354,clean,0
jiis_trace_0279,jiis_trace_0279_s1,1,query_decomposition,0.8385,0.7282,0.3709,2,0.8285,0.542,clean,0
jiis_trace_0279,jiis_trace_0279_s2,2,entity_binding,0.8553,0.8724,0.1757,1,0.552,0.4477,clean,0
jiis_trace_0279,jiis_trace_0279_s3,3,evidence_retrieval,0.9038,0.8191,0.192,1,0.8854,0.8317,clean,0
jiis_trace_0279,jiis_trace_0279_s4,4,relation_check,0.8189,0.7919,0.1483,1,0.6216,0.4713,clean,0
jiis_trace_0279,jiis_trace_0279_s5,5,conflict_check,0.8967,0.7121,0.4979,2,0.2711,0.3019,temporal_conflict,1
jiis_trace_0279,jiis_trace_0279_s6,6,answer_synthesis,0.8023,0.8285,0.2779,1,0.6454,0.8877,clean,0
jiis_trace_0279,jiis_trace_0279_s7,7,query_decomposition,0.747,0.8885,0.3002,3,0.7216,0.8842,clean,0
jiis_trace_0279,jiis_trace_0279_s8,8,entity_binding,0.8877,0.6859,0.2848,3,0.8951,0.6625,clean,0
jiis_trace_0279,jiis_trace_0279_s9,9,evidence_retrieval,0.8202,0.7696,0.4974,1,0.6714,0.448,clean,0
jiis_trace_0279,jiis_trace_0279_s10,10,relation_check,0.8676,0.7581,0.201,1,0.6261,0.7547,clean,0
jiis_trace_0280,jiis_trace_0280_s1,1,query_decomposition,0.7466,0.8781,0.2046,2,0.7939,0.4427,clean,0
jiis_trace_0280,jiis_trace_0280_s2,2,entity_binding,0.3087,0.6825,0.5187,2,0.6136,0.5925,entity_binding_error,1
jiis_trace_0280,jiis_trace_0280_s3,3,evidence_retrieval,0.8793,0.8191,0.3959,1,0.6613,0.7629,clean,0
jiis_trace_0280,jiis_trace_0280_s4,4,relation_check,0.8312,0.7433,0.5073,2,0.8948,0.7914,clean,0
jiis_trace_0280,jiis_trace_0280_s5,5,conflict_check,0.7553,0.7079,0.2803,2,0.6585,0.6732,clean,0
jiis_trace_0280,jiis_trace_0280_s6,6,answer_synthesis,0.8161,0.763,0.3708,1,0.6967,0.341,clean,0
jiis_trace_0281,jiis_trace_0281_s1,1,query_decomposition,0.8741,0.7646,0.2575,2,0.7302,0.5597,clean,0
jiis_trace_0281,jiis_trace_0281_s2,2,entity_binding,0.9137,0.7559,0.5358,3,0.7658,0.8346,clean,0
jiis_trace_0281,jiis_trace_0281_s3,3,evidence_retrieval,0.7415,0.3282,0.1321,3,0.8944,0.7521,missing_evidence,1
jiis_trace_0281,jiis_trace_0281_s4,4,relation_check,0.8643,0.717,0.1249,1,0.8612,0.482,clean,0
jiis_trace_0281,jiis_trace_0281_s5,5,conflict_check,0.7217,0.691,0.4355,3,0.6071,0.2285,clean,0
jiis_trace_0281,jiis_trace_0281_s6,6,answer_synthesis,0.8715,0.8001,0.3519,1,0.7704,0.5928,clean,0
jiis_trace_0281,jiis_trace_0281_s7,7,query_decomposition,0.7558,0.8529,0.1353,3,0.8499,0.8526,clean,0
jiis_trace_0282,jiis_trace_0282_s1,1,query_decomposition,0.855,0.8612,0.2067,0,0.7778,0.5825,clean,0
jiis_trace_0282,jiis_trace_0282_s2,2,entity_binding,0.9065,0.6294,0.1173,2,0.8373,0.8578,clean,0
jiis_trace_0282,jiis_trace_0282_s3,3,evidence_retrieval,0.7479,0.7592,0.8343,1,0.7744,0.7511,duplicate_support,1
jiis_trace_0282,jiis_trace_0282_s4,4,relation_check,0.7412,0.6649,0.8232,1,0.5539,0.5958,duplicate_support,1
jiis_trace_0282,jiis_trace_0282_s5,5,conflict_check,0.8771,0.8323,0.8349,2,0.599,0.3609,duplicate_support,1
jiis_trace_0282,jiis_trace_0282_s6,6,answer_synthesis,0.8839,0.6947,0.1351,2,0.5553,0.7864,clean,0
jiis_trace_0282,jiis_trace_0282_s7,7,query_decomposition,0.9074,0.6711,0.3428,3,0.5536,0.701,clean,0
jiis_trace_0282,jiis_trace_0282_s8,8,entity_binding,0.761,0.8573,0.5182,0,0.7093,0.8554,clean,0
jiis_trace_0283,jiis_trace_0283_s1,1,query_decomposition,0.9027,0.6376,0.4112,3,0.6595,0.3205,clean,0
jiis_trace_0283,jiis_trace_0283_s2,2,entity_binding,0.7906,0.8,0.1882,3,0.639,0.4926,dependency_bottleneck,1
jiis_trace_0283,jiis_trace_0283_s3,3,evidence_retrieval,0.8094,0.8045,0.502,3,0.7265,0.6845,dependency_bottleneck,1
jiis_trace_0283,jiis_trace_0283_s4,4,relation_check,0.7877,0.6638,0.5262,3,0.7802,0.3527,clean,0
jiis_trace_0283,jiis_trace_0283_s5,5,conflict_check,0.9189,0.7868,0.3763,0,0.5961,0.459,clean,0
jiis_trace_0283,jiis_trace_0283_s6,6,answer_synthesis,0.7741,0.8753,0.5822,3,0.5652,0.2032,clean,0
jiis_trace_0283,jiis_trace_0283_s7,7,query_decomposition,0.914,0.7561,0.2856,1,0.5853,0.6771,clean,0
jiis_trace_0283,jiis_trace_0283_s8,8,entity_binding,0.8131,0.7699,0.4284,3,0.6004,0.3631,clean,0
jiis_trace_0283,jiis_trace_0283_s9,9,evidence_retrieval,0.8709,0.6756,0.5801,3,0.648,0.5095,clean,0
jiis_trace_0284,jiis_trace_0284_s1,1,query_decomposition,0.8525,0.6917,0.4627,3,0.8385,0.5166,clean,0
jiis_trace_0284,jiis_trace_0284_s2,2,entity_binding,0.8671,0.681,0.4976,3,0.8135,0.364,clean,0
jiis_trace_0284,jiis_trace_0284_s3,3,evidence_retrieval,0.8857,0.6701,0.2164,3,0.5913,0.54,clean,0
jiis_trace_0284,jiis_trace_0284_s4,4,relation_check,0.7758,0.7276,0.0833,3,0.8549,0.614,clean,0
jiis_trace_0284,jiis_trace_0284_s5,5,conflict_check,0.8566,0.7922,0.5559,2,0.2581,0.3802,temporal_conflict,1
jiis_trace_0284,jiis_trace_0284_s6,6,answer_synthesis,0.8085,0.7568,0.2428,2,0.8116,0.5441,clean,0
jiis_trace_0284,jiis_trace_0284_s7,7,query_decomposition,0.8808,0.8204,0.5593,2,0.8467,0.7779,clean,0
jiis_trace_0284,jiis_trace_0284_s8,8,entity_binding,0.8542,0.6748,0.2474,2,0.633,0.2444,clean,0
jiis_trace_0284,jiis_trace_0284_s9,9,evidence_retrieval,0.7966,0.6664,0.1095,2,0.784,0.6297,clean,0
jiis_trace_0284,jiis_trace_0284_s10,10,relation_check,0.8925,0.7507,0.3871,0,0.8483,0.859,clean,0
jiis_trace_0285,jiis_trace_0285_s1,1,query_decomposition,0.8627,0.6236,0.484,1,0.7252,0.8454,clean,0
jiis_trace_0285,jiis_trace_0285_s2,2,entity_binding,0.3282,0.8584,0.1545,0,0.8209,0.6023,entity_binding_error,1
jiis_trace_0285,jiis_trace_0285_s3,3,evidence_retrieval,0.8648,0.6625,0.1555,2,0.8271,0.298,clean,0
jiis_trace_0285,jiis_trace_0285_s4,4,relation_check,0.7727,0.7596,0.2558,1,0.7062,0.3658,clean,0
jiis_trace_0285,jiis_trace_0285_s5,5,conflict_check,0.8673,0.8847,0.1528,1,0.7781,0.7515,clean,0
jiis_trace_0285,jiis_trace_0285_s6,6,answer_synthesis,0.836,0.6928,0.5803,1,0.6361,0.8748,clean,0
jiis_trace_0286,jiis_trace_0286_s1,1,query_decomposition,0.8529,0.6638,0.3568,3,0.6742,0.3819,clean,0
jiis_trace_0286,jiis_trace_0286_s2,2,entity_binding,0.7874,0.8686,0.38,1,0.8688,0.3965,clean,0
jiis_trace_0286,jiis_trace_0286_s3,3,evidence_retrieval,0.7615,0.3546,0.2271,3,0.8947,0.6119,missing_evidence,1
jiis_trace_0286,jiis_trace_0286_s4,4,relation_check,0.8268,0.6832,0.5776,2,0.7545,0.6725,clean,0
jiis_trace_0286,jiis_trace_0286_s5,5,conflict_check,0.8211,0.6866,0.2741,2,0.8291,0.6716,clean,0
jiis_trace_0286,jiis_trace_0286_s6,6,answer_synthesis,0.9191,0.6381,0.4226,1,0.6111,0.3848,clean,0
jiis_trace_0286,jiis_trace_0286_s7,7,query_decomposition,0.7357,0.8517,0.4924,0,0.8319,0.3659,clean,0
jiis_trace_0287,jiis_trace_0287_s1,1,query_decomposition,0.8907,0.7612,0.2513,0,0.724,0.5671,clean,0
jiis_trace_0287,jiis_trace_0287_s2,2,entity_binding,0.9176,0.8459,0.0835,0,0.8872,0.8682,clean,0
jiis_trace_0287,jiis_trace_0287_s3,3,evidence_retrieval,0.7781,0.6846,0.8445,0,0.7151,0.7003,duplicate_support,1
jiis_trace_0287,jiis_trace_0287_s4,4,relation_check,0.9123,0.6773,0.8334,0,0.7302,0.6089,duplicate_support,1
jiis_trace_0287,jiis_trace_0287_s5,5,conflict_check,0.8232,0.8017,0.8241,0,0.5726,0.7323,duplicate_support,1
jiis_trace_0287,jiis_trace_0287_s6,6,answer_synthesis,0.7733,0.6301,0.3783,1,0.7585,0.8431,clean,0
jiis_trace_0287,jiis_trace_0287_s7,7,query_decomposition,0.7245,0.7067,0.1843,0,0.8258,0.7374,clean,0
jiis_trace_0287,jiis_trace_0287_s8,8,entity_binding,0.9146,0.7591,0.4933,0,0.6203,0.4284,clean,0
jiis_trace_0288,jiis_trace_0288_s1,1,query_decomposition,0.7249,0.7936,0.1619,1,0.8202,0.4545,clean,0
jiis_trace_0288,jiis_trace_0288_s2,2,entity_binding,0.8602,0.8255,0.2743,3,0.8847,0.6322,dependency_bottleneck,1
jiis_trace_0288,jiis_trace_0288_s3,3,evidence_retrieval,0.7866,0.8,0.3696,3,0.7129,0.6683,dependency_bottleneck,1
jiis_trace_0288,jiis_trace_0288_s4,4,relation_check,0.734,0.7624,0.1227,1,0.6965,0.6161,clean,0
jiis_trace_0288,jiis_trace_0288_s5,5,conflict_check,0.9127,0.7057,0.5388,2,0.5836,0.357,clean,0
jiis_trace_0288,jiis_trace_0288_s6,6,answer_synthesis,0.7494,0.8983,0.5241,3,0.725,0.3489,clean,0
jiis_trace_0288,jiis_trace_0288_s7,7,query_decomposition,0.8814,0.773,0.4096,1,0.684,0.4038,clean,0
jiis_trace_0288,jiis_trace_0288_s8,8,entity_binding,0.7343,0.6305,0.0882,2,0.8161,0.7047,clean,0
jiis_trace_0288,jiis_trace_0288_s9,9,evidence_retrieval,0.9058,0.7657,0.4994,3,0.6648,0.5521,clean,0
jiis_trace_0289,jiis_trace_0289_s1,1,query_decomposition,0.835,0.7751,0.5085,3,0.5951,0.3473,clean,0
jiis_trace_0289,jiis_trace_0289_s2,2,entity_binding,0.895,0.7639,0.1425,0,0.769,0.6751,clean,0
jiis_trace_0289,jiis_trace_0289_s3,3,evidence_retrieval,0.7801,0.7821,0.0884,3,0.6502,0.7785,clean,0
jiis_trace_0289,jiis_trace_0289_s4,4,relation_check,0.851,0.6668,0.0905,0,0.7245,0.383,clean,0
jiis_trace_0289,jiis_trace_0289_s5,5,conflict_check,0.7935,0.7194,0.3249,2,0.2887,0.5451,temporal_conflict,1
jiis_trace_0289,jiis_trace_0289_s6,6,answer_synthesis,0.9159,0.884,0.3753,3,0.7583,0.8122,clean,0
jiis_trace_0289,jiis_trace_0289_s7,7,query_decomposition,0.731,0.7651,0.2332,3,0.8852,0.3304,clean,0
jiis_trace_0289,jiis_trace_0289_s8,8,entity_binding,0.8048,0.7223,0.5993,2,0.8097,0.7574,clean,0
jiis_trace_0289,jiis_trace_0289_s9,9,evidence_retrieval,0.9048,0.7941,0.5854,0,0.8649,0.6947,clean,0
jiis_trace_0289,jiis_trace_0289_s10,10,relation_check,0.8726,0.6946,0.3294,3,0.5953,0.7195,clean,0
jiis_trace_0290,jiis_trace_0290_s1,1,query_decomposition,0.7696,0.6775,0.3772,1,0.7562,0.2962,clean,0
jiis_trace_0290,jiis_trace_0290_s2,2,entity_binding,0.2848,0.7959,0.4801,3,0.7676,0.2007,entity_binding_error,1
jiis_trace_0290,jiis_trace_0290_s3,3,evidence_retrieval,0.7296,0.6664,0.2396,2,0.6254,0.8444,clean,0
jiis_trace_0290,jiis_trace_0290_s4,4,relation_check,0.7509,0.8156,0.444,2,0.6286,0.2346,clean,0
jiis_trace_0290,jiis_trace_0290_s5,5,conflict_check,0.912,0.8927,0.5079,2,0.8627,0.6154,clean,0
jiis_trace_0290,jiis_trace_0290_s6,6,answer_synthesis,0.8325,0.7253,0.1347,1,0.8102,0.3459,clean,0
jiis_trace_0291,jiis_trace_0291_s1,1,query_decomposition,0.8514,0.8762,0.5108,0,0.7446,0.5461,clean,0
jiis_trace_0291,jiis_trace_0291_s2,2,entity_binding,0.8164,0.7933,0.6002,2,0.5958,0.8866,clean,0
jiis_trace_0291,jiis_trace_0291_s3,3,evidence_retrieval,0.7759,0.3228,0.3246,3,0.8838,0.7463,missing_evidence,1
jiis_trace_0291,jiis_trace_0291_s4,4,relation_check,0.8611,0.6605,0.3436,3,0.5672,0.7664,clean,0
jiis_trace_0291,jiis_trace_0291_s5,5,conflict_check,0.762,0.6418,0.2884,2,0.6388,0.8687,clean,0
jiis_trace_0291,jiis_trace_0291_s6,6,answer_synthesis,0.8315,0.7643,0.1024,1,0.759,0.2412,clean,0
jiis_trace_0291,jiis_trace_0291_s7,7,query_decomposition,0.7624,0.8781,0.1796,0,0.6707,0.7169,clean,0
jiis_trace_0292,jiis_trace_0292_s1,1,query_decomposition,0.9063,0.8938,0.4611,1,0.8468,0.7535,clean,0
jiis_trace_0292,jiis_trace_0292_s2,2,entity_binding,0.7447,0.7838,0.2903,0,0.8333,0.2352,clean,0
jiis_trace_0292,jiis_trace_0292_s3,3,evidence_retrieval,0.7216,0.7553,0.8523,2,0.6253,0.6066,duplicate_support,1
jiis_trace_0292,jiis_trace_0292_s4,4,relation_check,0.8639,0.6527,0.8339,3,0.6615,0.7391,duplicate_support,1
jiis_trace_0292,jiis_trace_0292_s5,5,conflict_check,0.8946,0.7105,0.8536,1,0.6178,0.6726,duplicate_support,1
jiis_trace_0292,jiis_trace_0292_s6,6,answer_synthesis,0.8071,0.6292,0.3007,1,0.5568,0.3902,clean,0
jiis_trace_0292,jiis_trace_0292_s7,7,query_decomposition,0.8069,0.6799,0.4441,3,0.792,0.2713,clean,0
jiis_trace_0292,jiis_trace_0292_s8,8,entity_binding,0.8702,0.7919,0.2916,2,0.8699,0.394,clean,0
jiis_trace_0293,jiis_trace_0293_s1,1,query_decomposition,0.7364,0.6647,0.5399,3,0.6069,0.8569,clean,0
jiis_trace_0293,jiis_trace_0293_s2,2,entity_binding,0.8828,0.8,0.4055,3,0.5719,0.6262,dependency_bottleneck,1
jiis_trace_0293,jiis_trace_0293_s3,3,evidence_retrieval,0.8144,0.8,0.1335,3,0.6372,0.4336,dependency_bottleneck,1
jiis_trace_0293,jiis_trace_0293_s4,4,relation_check,0.916,0.8445,0.5635,2,0.859,0.4195,clean,0
jiis_trace_0293,jiis_trace_0293_s5,5,conflict_check,0.902,0.7514,0.1597,2,0.7543,0.6303,clean,0
jiis_trace_0293,jiis_trace_0293_s6,6,answer_synthesis,0.9104,0.6249,0.0836,1,0.6839,0.4693,clean,0
jiis_trace_0293,jiis_trace_0293_s7,7,query_decomposition,0.887,0.7424,0.3953,0,0.8389,0.7434,clean,0
jiis_trace_0293,jiis_trace_0293_s8,8,entity_binding,0.9194,0.8739,0.2757,2,0.5961,0.8647,clean,0
jiis_trace_0293,jiis_trace_0293_s9,9,evidence_retrieval,0.7669,0.8521,0.3855,3,0.6411,0.6455,clean,0
jiis_trace_0294,jiis_trace_0294_s1,1,query_decomposition,0.7573,0.859,0.1338,1,0.8996,0.7385,clean,0
jiis_trace_0294,jiis_trace_0294_s2,2,entity_binding,0.8036,0.8879,0.37,3,0.6222,0.2143,clean,0
jiis_trace_0294,jiis_trace_0294_s3,3,evidence_retrieval,0.7986,0.7019,0.4013,3,0.6016,0.8049,clean,0
jiis_trace_0294,jiis_trace_0294_s4,4,relation_check,0.8136,0.6301,0.1375,1,0.5793,0.7383,clean,0
jiis_trace_0294,jiis_trace_0294_s5,5,conflict_check,0.9066,0.8004,0.4741,0,0.2267,0.3967,temporal_conflict,1
jiis_trace_0294,jiis_trace_0294_s6,6,answer_synthesis,0.8868,0.7534,0.4176,0,0.8566,0.8184,clean,0
jiis_trace_0294,jiis_trace_0294_s7,7,query_decomposition,0.7656,0.755,0.3467,2,0.6214,0.4702,clean,0
jiis_trace_0294,jiis_trace_0294_s8,8,entity_binding,0.7583,0.8695,0.495,1,0.8592,0.6936,clean,0
jiis_trace_0294,jiis_trace_0294_s9,9,evidence_retrieval,0.8474,0.8527,0.3279,1,0.6052,0.4077,clean,0
jiis_trace_0294,jiis_trace_0294_s10,10,relation_check,0.8888,0.7096,0.2786,2,0.7546,0.3186,clean,0
jiis_trace_0295,jiis_trace_0295_s1,1,query_decomposition,0.7732,0.7315,0.1721,1,0.5896,0.5651,clean,0
jiis_trace_0295,jiis_trace_0295_s2,2,entity_binding,0.334,0.7096,0.4358,1,0.8975,0.6305,entity_binding_error,1
jiis_trace_0295,jiis_trace_0295_s3,3,evidence_retrieval,0.8112,0.893,0.2563,1,0.7711,0.3084,clean,0
jiis_trace_0295,jiis_trace_0295_s4,4,relation_check,0.7753,0.6803,0.4899,2,0.7432,0.2637,clean,0
jiis_trace_0295,jiis_trace_0295_s5,5,conflict_check,0.7928,0.819,0.4201,0,0.6094,0.2576,clean,0
jiis_trace_0295,jiis_trace_0295_s6,6,answer_synthesis,0.8418,0.8369,0.5961,1,0.673,0.3854,clean,0
jiis_trace_0296,jiis_trace_0296_s1,1,query_decomposition,0.8875,0.7025,0.1513,2,0.5658,0.2051,clean,0
jiis_trace_0296,jiis_trace_0296_s2,2,entity_binding,0.8974,0.7341,0.2503,0,0.5958,0.2805,clean,0
jiis_trace_0296,jiis_trace_0296_s3,3,evidence_retrieval,0.7207,0.3569,0.1175,2,0.6755,0.8155,missing_evidence,1
jiis_trace_0296,jiis_trace_0296_s4,4,relation_check,0.9067,0.8622,0.182,0,0.6354,0.2911,clean,0
jiis_trace_0296,jiis_trace_0296_s5,5,conflict_check,0.8162,0.64,0.1609,1,0.638,0.5751,clean,0
jiis_trace_0296,jiis_trace_0296_s6,6,answer_synthesis,0.8959,0.7533,0.1011,2,0.6257,0.3411,clean,0
jiis_trace_0296,jiis_trace_0296_s7,7,query_decomposition,0.8792,0.6751,0.6066,3,0.8169,0.6935,clean,0
jiis_trace_0297,jiis_trace_0297_s1,1,query_decomposition,0.7733,0.7341,0.465,3,0.5968,0.8438,clean,0
jiis_trace_0297,jiis_trace_0297_s2,2,entity_binding,0.9023,0.7371,0.4334,1,0.6022,0.4563,clean,0
jiis_trace_0297,jiis_trace_0297_s3,3,evidence_retrieval,0.9062,0.8433,0.851,0,0.8399,0.3048,duplicate_support,1
jiis_trace_0297,jiis_trace_0297_s4,4,relation_check,0.8446,0.7026,0.8226,1,0.5553,0.8419,duplicate_support,1
jiis_trace_0297,jiis_trace_0297_s5,5,conflict_check,0.7588,0.7969,0.8585,1,0.6544,0.8308,duplicate_support,1
jiis_trace_0297,jiis_trace_0297_s6,6,answer_synthesis,0.831,0.7792,0.4121,3,0.6377,0.6979,clean,0
jiis_trace_0297,jiis_trace_0297_s7,7,query_decomposition,0.9075,0.6331,0.2841,0,0.6928,0.5314,clean,0
jiis_trace_0297,jiis_trace_0297_s8,8,entity_binding,0.8877,0.8914,0.5901,2,0.8974,0.2792,clean,0
jiis_trace_0298,jiis_trace_0298_s1,1,query_decomposition,0.7788,0.6969,0.3363,0,0.8449,0.4245,clean,0
jiis_trace_0298,jiis_trace_0298_s2,2,entity_binding,0.7577,0.8,0.5355,3,0.7186,0.4322,dependency_bottleneck,1
jiis_trace_0298,jiis_trace_0298_s3,3,evidence_retrieval,0.8324,0.8,0.6167,3,0.7323,0.4011,dependency_bottleneck,1
jiis_trace_0298,jiis_trace_0298_s4,4,relation_check,0.7381,0.8484,0.2926,2,0.7621,0.8802,clean,0
jiis_trace_0298,jiis_trace_0298_s5,5,conflict_check,0.8073,0.8784,0.4734,2,0.8818,0.2738,clean,0
jiis_trace_0298,jiis_trace_0298_s6,6,answer_synthesis,0.7816,0.8874,0.464,3,0.7316,0.715,clean,0
jiis_trace_0298,jiis_trace_0298_s7,7,query_decomposition,0.8668,0.6792,0.2431,2,0.8701,0.8168,clean,0
jiis_trace_0298,jiis_trace_0298_s8,8,entity_binding,0.8128,0.7916,0.3366,3,0.5752,0.2694,clean,0
jiis_trace_0298,jiis_trace_0298_s9,9,evidence_retrieval,0.7675,0.6988,0.538,2,0.5829,0.7273,clean,0
jiis_trace_0299,jiis_trace_0299_s1,1,query_decomposition,0.8566,0.7871,0.1587,2,0.6404,0.4686,clean,0
jiis_trace_0299,jiis_trace_0299_s2,2,entity_binding,0.8715,0.8239,0.472,2,0.8006,0.4528,clean,0
jiis_trace_0299,jiis_trace_0299_s3,3,evidence_retrieval,0.8329,0.652,0.4826,0,0.811,0.7274,clean,0
jiis_trace_0299,jiis_trace_0299_s4,4,relation_check,0.7792,0.6502,0.3346,1,0.6551,0.3071,clean,0
jiis_trace_0299,jiis_trace_0299_s5,5,conflict_check,0.8036,0.7805,0.5357,3,0.2863,0.3592,temporal_conflict,1
jiis_trace_0299,jiis_trace_0299_s6,6,answer_synthesis,0.9038,0.8885,0.3718,0,0.728,0.7498,clean,0
jiis_trace_0299,jiis_trace_0299_s7,7,query_decomposition,0.8489,0.7962,0.2366,0,0.5802,0.5487,clean,0
jiis_trace_0299,jiis_trace_0299_s8,8,entity_binding,0.8507,0.7344,0.0851,3,0.8803,0.5875,clean,0
jiis_trace_0299,jiis_trace_0299_s9,9,evidence_retrieval,0.8109,0.7579,0.606,0,0.7726,0.2722,clean,0
jiis_trace_0299,jiis_trace_0299_s10,10,relation_check,0.741,0.8439,0.3234,3,0.8851,0.23,clean,0
jiis_trace_0300,jiis_trace_0300_s1,1,query_decomposition,0.7948,0.7046,0.1349,2,0.6149,0.6561,clean,0
jiis_trace_0300,jiis_trace_0300_s2,2,entity_binding,0.2833,0.7031,0.5795,0,0.5812,0.5527,entity_binding_error,1
jiis_trace_0300,jiis_trace_0300_s3,3,evidence_retrieval,0.7412,0.899,0.546,1,0.8349,0.2446,clean,0
jiis_trace_0300,jiis_trace_0300_s4,4,relation_check,0.8393,0.6699,0.2375,0,0.6134,0.5683,clean,0
jiis_trace_0300,jiis_trace_0300_s5,5,conflict_check,0.7315,0.8983,0.5636,0,0.6717,0.8151,clean,0
jiis_trace_0300,jiis_trace_0300_s6,6,answer_synthesis,0.7876,0.6867,0.1373,1,0.8824,0.5359,clean,0
jiis_trace_0301,jiis_trace_0301_s1,1,query_decomposition,0.8867,0.889,0.2571,2,0.7772,0.4242,clean,0
jiis_trace_0301,jiis_trace_0301_s2,2,entity_binding,0.8649,0.6393,0.5918,2,0.6402,0.284,clean,0
jiis_trace_0301,jiis_trace_0301_s3,3,evidence_retrieval,0.756,0.3011,0.1969,0,0.7799,0.7312,missing_evidence,1
jiis_trace_0301,jiis_trace_0301_s4,4,relation_check,0.7362,0.6785,0.5499,2,0.7324,0.638,clean,0
jiis_trace_0301,jiis_trace_0301_s5,5,conflict_check,0.8914,0.7408,0.4203,0,0.7299,0.3952,clean,0
jiis_trace_0301,jiis_trace_0301_s6,6,answer_synthesis,0.8942,0.83,0.3387,2,0.8783,0.2413,clean,0
jiis_trace_0301,jiis_trace_0301_s7,7,query_decomposition,0.8054,0.6849,0.3269,3,0.6901,0.2925,clean,0
jiis_trace_0302,jiis_trace_0302_s1,1,query_decomposition,0.8383,0.6353,0.5146,0,0.7981,0.6515,clean,0
jiis_trace_0302,jiis_trace_0302_s2,2,entity_binding,0.8634,0.8595,0.454,2,0.5913,0.4589,clean,0
jiis_trace_0302,jiis_trace_0302_s3,3,evidence_retrieval,0.8562,0.7848,0.8525,3,0.7035,0.7284,duplicate_support,1
jiis_trace_0302,jiis_trace_0302_s4,4,relation_check,0.8143,0.7928,0.8456,3,0.6231,0.3663,duplicate_support,1
jiis_trace_0302,jiis_trace_0302_s5,5,conflict_check,0.7272,0.8203,0.8279,0,0.7532,0.8772,duplicate_support,1
jiis_trace_0302,jiis_trace_0302_s6,6,answer_synthesis,0.8731,0.8885,0.1678,0,0.5617,0.3021,clean,0
jiis_trace_0302,jiis_trace_0302_s7,7,query_decomposition,0.7638,0.7895,0.2478,1,0.6544,0.7882,clean,0
jiis_trace_0302,jiis_trace_0302_s8,8,entity_binding,0.8853,0.7161,0.3314,2,0.729,0.3444,clean,0
jiis_trace_0303,jiis_trace_0303_s1,1,query_decomposition,0.756,0.7485,0.4875,0,0.6401,0.6167,clean,0
jiis_trace_0303,jiis_trace_0303_s2,2,entity_binding,0.7887,0.8652,0.0838,3,0.797,0.3539,dependency_bottleneck,1
jiis_trace_0303,jiis_trace_0303_s3,3,evidence_retrieval,0.8686,0.8751,0.132,3,0.8341,0.3612,dependency_bottleneck,1
jiis_trace_0303,jiis_trace_0303_s4,4,relation_check,0.8917,0.6226,0.161,0,0.8217,0.4766,clean,0
jiis_trace_0303,jiis_trace_0303_s5,5,conflict_check,0.7643,0.8814,0.2374,0,0.7577,0.653,clean,0
jiis_trace_0303,jiis_trace_0303_s6,6,answer_synthesis,0.7739,0.8201,0.4946,3,0.864,0.8118,clean,0
jiis_trace_0303,jiis_trace_0303_s7,7,query_decomposition,0.9061,0.7498,0.5278,2,0.7646,0.6077,clean,0
jiis_trace_0303,jiis_trace_0303_s8,8,entity_binding,0.8293,0.8946,0.5676,1,0.7331,0.2632,clean,0
jiis_trace_0303,jiis_trace_0303_s9,9,evidence_retrieval,0.8051,0.6944,0.5551,2,0.8824,0.5628,clean,0
jiis_trace_0304,jiis_trace_0304_s1,1,query_decomposition,0.7565,0.8034,0.4681,2,0.7274,0.5457,clean,0
jiis_trace_0304,jiis_trace_0304_s2,2,entity_binding,0.726,0.7531,0.3185,2,0.7199,0.6367,clean,0
jiis_trace_0304,jiis_trace_0304_s3,3,evidence_retrieval,0.7721,0.6738,0.4651,2,0.8336,0.47,clean,0
jiis_trace_0304,jiis_trace_0304_s4,4,relation_check,0.9196,0.756,0.4535,2,0.8365,0.4681,clean,0
jiis_trace_0304,jiis_trace_0304_s5,5,conflict_check,0.8989,0.8653,0.5361,0,0.2309,0.4362,temporal_conflict,1
jiis_trace_0304,jiis_trace_0304_s6,6,answer_synthesis,0.8435,0.864,0.4044,3,0.8909,0.2426,clean,0
jiis_trace_0304,jiis_trace_0304_s7,7,query_decomposition,0.8094,0.7485,0.5725,1,0.6973,0.5231,clean,0
jiis_trace_0304,jiis_trace_0304_s8,8,entity_binding,0.8865,0.7997,0.3862,0,0.8511,0.527,clean,0
jiis_trace_0304,jiis_trace_0304_s9,9,evidence_retrieval,0.8851,0.8227,0.254,1,0.7907,0.864,clean,0
jiis_trace_0304,jiis_trace_0304_s10,10,relation_check,0.8731,0.6243,0.2386,1,0.6834,0.8938,clean,0
jiis_trace_0305,jiis_trace_0305_s1,1,query_decomposition,0.9022,0.6736,0.1182,0,0.6044,0.6433,clean,0
jiis_trace_0305,jiis_trace_0305_s2,2,entity_binding,0.2923,0.787,0.3075,3,0.6503,0.7827,entity_binding_error,1
jiis_trace_0305,jiis_trace_0305_s3,3,evidence_retrieval,0.8425,0.7195,0.4458,0,0.8039,0.4314,clean,0
jiis_trace_0305,jiis_trace_0305_s4,4,relation_check,0.8447,0.6864,0.4044,2,0.6225,0.6482,clean,0
jiis_trace_0305,jiis_trace_0305_s5,5,conflict_check,0.8428,0.8783,0.3223,2,0.5763,0.3246,clean,0
jiis_trace_0305,jiis_trace_0305_s6,6,answer_synthesis,0.7268,0.7601,0.1302,2,0.6993,0.58,clean,0
jiis_trace_0306,jiis_trace_0306_s1,1,query_decomposition,0.8657,0.833,0.1453,2,0.7031,0.3139,clean,0
jiis_trace_0306,jiis_trace_0306_s2,2,entity_binding,0.7938,0.8023,0.2598,2,0.8622,0.5758,clean,0
jiis_trace_0306,jiis_trace_0306_s3,3,evidence_retrieval,0.7459,0.3105,0.0813,3,0.8986,0.2821,missing_evidence,1
jiis_trace_0306,jiis_trace_0306_s4,4,relation_check,0.8169,0.7394,0.3411,2,0.6333,0.816,clean,0
jiis_trace_0306,jiis_trace_0306_s5,5,conflict_check,0.892,0.672,0.3585,2,0.6115,0.5968,clean,0
jiis_trace_0306,jiis_trace_0306_s6,6,answer_synthesis,0.8046,0.7167,0.6142,1,0.8144,0.3691,clean,0
jiis_trace_0306,jiis_trace_0306_s7,7,query_decomposition,0.7622,0.7476,0.2026,1,0.5655,0.7248,clean,0
jiis_trace_0307,jiis_trace_0307_s1,1,query_decomposition,0.755,0.841,0.0903,0,0.7829,0.792,clean,0
jiis_trace_0307,jiis_trace_0307_s2,2,entity_binding,0.7327,0.8974,0.5023,1,0.5992,0.4684,clean,0
jiis_trace_0307,jiis_trace_0307_s3,3,evidence_retrieval,0.9,0.8298,0.8461,3,0.7721,0.2141,duplicate_support,1
jiis_trace_0307,jiis_trace_0307_s4,4,relation_check,0.7409,0.7999,0.859,2,0.887,0.4064,duplicate_support,1
jiis_trace_0307,jiis_trace_0307_s5,5,conflict_check,0.874,0.8233,0.8445,2,0.8175,0.4823,duplicate_support,1
jiis_trace_0307,jiis_trace_0307_s6,6,answer_synthesis,0.7224,0.7042,0.1665,3,0.8284,0.85,clean,0
jiis_trace_0307,jiis_trace_0307_s7,7,query_decomposition,0.7831,0.6703,0.2234,0,0.7722,0.6993,clean,0
jiis_trace_0307,jiis_trace_0307_s8,8,entity_binding,0.7522,0.799,0.3171,3,0.755,0.7584,clean,0
jiis_trace_0308,jiis_trace_0308_s1,1,query_decomposition,0.7771,0.751,0.4233,2,0.624,0.7038,clean,0
jiis_trace_0308,jiis_trace_0308_s2,2,entity_binding,0.8579,0.8,0.2357,3,0.7364,0.6547,dependency_bottleneck,1
jiis_trace_0308,jiis_trace_0308_s3,3,evidence_retrieval,0.8466,0.8196,0.4878,3,0.8573,0.4383,dependency_bottleneck,1
jiis_trace_0308,jiis_trace_0308_s4,4,relation_check,0.8854,0.8562,0.38,1,0.6524,0.2132,clean,0
jiis_trace_0308,jiis_trace_0308_s5,5,conflict_check,0.9115,0.7944,0.3472,3,0.6967,0.6439,clean,0
jiis_trace_0308,jiis_trace_0308_s6,6,answer_synthesis,0.7269,0.7831,0.2586,3,0.8286,0.8981,clean,0
jiis_trace_0308,jiis_trace_0308_s7,7,query_decomposition,0.8825,0.8374,0.1862,0,0.8337,0.4365,clean,0
jiis_trace_0308,jiis_trace_0308_s8,8,entity_binding,0.8324,0.6816,0.341,1,0.6308,0.5931,clean,0
jiis_trace_0308,jiis_trace_0308_s9,9,evidence_retrieval,0.7424,0.7104,0.565,0,0.6743,0.5324,clean,0
jiis_trace_0309,jiis_trace_0309_s1,1,query_decomposition,0.7925,0.6591,0.63,3,0.6254,0.7628,clean,0
jiis_trace_0309,jiis_trace_0309_s2,2,entity_binding,0.7937,0.851,0.1146,1,0.8592,0.3963,clean,0
jiis_trace_0309,jiis_trace_0309_s3,3,evidence_retrieval,0.8367,0.6719,0.5692,3,0.6456,0.449,clean,0
jiis_trace_0309,jiis_trace_0309_s4,4,relation_check,0.8384,0.714,0.3585,3,0.6885,0.6196,clean,0
jiis_trace_0309,jiis_trace_0309_s5,5,conflict_check,0.9013,0.682,0.4367,0,0.2981,0.5035,temporal_conflict,1
jiis_trace_0309,jiis_trace_0309_s6,6,answer_synthesis,0.8876,0.7675,0.3176,1,0.6393,0.7721,clean,0
jiis_trace_0309,jiis_trace_0309_s7,7,query_decomposition,0.8258,0.6586,0.4265,0,0.761,0.5042,clean,0
jiis_trace_0309,jiis_trace_0309_s8,8,entity_binding,0.835,0.688,0.1857,0,0.7437,0.2147,clean,0
jiis_trace_0309,jiis_trace_0309_s9,9,evidence_retrieval,0.72,0.8927,0.4211,3,0.6958,0.8782,clean,0
jiis_trace_0309,jiis_trace_0309_s10,10,relation_check,0.7501,0.794,0.4147,0,0.7064,0.4268,clean,0
jiis_trace_0310,jiis_trace_0310_s1,1,query_decomposition,0.7825,0.8164,0.1835,0,0.6776,0.545,clean,0
jiis_trace_0310,jiis_trace_0310_s2,2,entity_binding,0.2996,0.7256,0.2125,3,0.704,0.5957,entity_binding_error,1
jiis_trace_0310,jiis_trace_0310_s3,3,evidence_retrieval,0.7628,0.8706,0.5361,3,0.649,0.5587,clean,0
jiis_trace_0310,jiis_trace_0310_s4,4,relation_check,0.9165,0.7372,0.1127,1,0.8324,0.8417,clean,0
jiis_trace_0310,jiis_trace_0310_s5,5,conflict_check,0.9118,0.8913,0.5448,3,0.736,0.59,clean,0
jiis_trace_0310,jiis_trace_0310_s6,6,answer_synthesis,0.7663,0.8609,0.551,0,0.6694,0.215,clean,0
jiis_trace_0311,jiis_trace_0311_s1,1,query_decomposition,0.7529,0.8688,0.2853,3,0.7252,0.845,clean,0
jiis_trace_0311,jiis_trace_0311_s2,2,entity_binding,0.7564,0.7573,0.6128,1,0.5887,0.4697,clean,0
jiis_trace_0311,jiis_trace_0311_s3,3,evidence_retrieval,0.903,0.3237,0.3698,3,0.5655,0.8564,missing_evidence,1
jiis_trace_0311,jiis_trace_0311_s4,4,relation_check,0.872,0.8085,0.1367,3,0.7854,0.8663,clean,0
jiis_trace_0311,jiis_trace_0311_s5,5,conflict_check,0.8696,0.6609,0.4851,1,0.7344,0.6823,clean,0
jiis_trace_0311,jiis_trace_0311_s6,6,answer_synthesis,0.8229,0.7451,0.5786,3,0.7818,0.4181,clean,0
jiis_trace_0311,jiis_trace_0311_s7,7,query_decomposition,0.8602,0.8758,0.5472,0,0.6985,0.666,clean,0
jiis_trace_0312,jiis_trace_0312_s1,1,query_decomposition,0.749,0.7088,0.2357,1,0.8681,0.3279,clean,0
jiis_trace_0312,jiis_trace_0312_s2,2,entity_binding,0.9045,0.6284,0.0814,2,0.5942,0.2939,clean,0
jiis_trace_0312,jiis_trace_0312_s3,3,evidence_retrieval,0.7947,0.668,0.8291,1,0.6227,0.3276,duplicate_support,1
jiis_trace_0312,jiis_trace_0312_s4,4,relation_check,0.84,0.8494,0.8568,2,0.7528,0.2303,duplicate_support,1
jiis_trace_0312,jiis_trace_0312_s5,5,conflict_check,0.8918,0.6255,0.8455,3,0.6446,0.8745,duplicate_support,1
jiis_trace_0312,jiis_trace_0312_s6,6,answer_synthesis,0.8466,0.7834,0.4516,2,0.6798,0.247,clean,0
jiis_trace_0312,jiis_trace_0312_s7,7,query_decomposition,0.8752,0.712,0.5957,0,0.8692,0.3978,clean,0
jiis_trace_0312,jiis_trace_0312_s8,8,entity_binding,0.8377,0.7124,0.1178,0,0.892,0.2807,clean,0
jiis_trace_0313,jiis_trace_0313_s1,1,query_decomposition,0.8982,0.832,0.2,2,0.7046,0.6109,clean,0
jiis_trace_0313,jiis_trace_0313_s2,2,entity_binding,0.9117,0.8,0.3536,3,0.8571,0.4304,dependency_bottleneck,1
jiis_trace_0313,jiis_trace_0313_s3,3,evidence_retrieval,0.756,0.8831,0.3687,3,0.8529,0.5609,dependency_bottleneck,1
jiis_trace_0313,jiis_trace_0313_s4,4,relation_check,0.7782,0.8631,0.1313,1,0.8693,0.2801,clean,0
jiis_trace_0313,jiis_trace_0313_s5,5,conflict_check,0.8326,0.6748,0.5405,0,0.8783,0.6041,clean,0
jiis_trace_0313,jiis_trace_0313_s6,6,answer_synthesis,0.7679,0.8458,0.0913,3,0.5926,0.6231,clean,0
jiis_trace_0313,jiis_trace_0313_s7,7,query_decomposition,0.7886,0.8071,0.2659,0,0.8749,0.3645,clean,0
jiis_trace_0313,jiis_trace_0313_s8,8,entity_binding,0.807,0.7833,0.2899,1,0.7866,0.4192,clean,0
jiis_trace_0313,jiis_trace_0313_s9,9,evidence_retrieval,0.7463,0.8486,0.5516,0,0.7546,0.6697,clean,0
jiis_trace_0314,jiis_trace_0314_s1,1,query_decomposition,0.913,0.7249,0.4903,2,0.8151,0.47,clean,0
jiis_trace_0314,jiis_trace_0314_s2,2,entity_binding,0.795,0.7807,0.3407,2,0.7174,0.4444,clean,0
jiis_trace_0314,jiis_trace_0314_s3,3,evidence_retrieval,0.7526,0.7191,0.15,1,0.5893,0.7536,clean,0
jiis_trace_0314,jiis_trace_0314_s4,4,relation_check,0.8864,0.8928,0.3576,3,0.8371,0.6197,clean,0
jiis_trace_0314,jiis_trace_0314_s5,5,conflict_check,0.8647,0.8045,0.1678,0,0.2929,0.4319,temporal_conflict,1
jiis_trace_0314,jiis_trace_0314_s6,6,answer_synthesis,0.7649,0.7716,0.3372,1,0.6514,0.5374,clean,0
jiis_trace_0314,jiis_trace_0314_s7,7,query_decomposition,0.7458,0.8716,0.5651,2,0.8138,0.4316,clean,0
jiis_trace_0314,jiis_trace_0314_s8,8,entity_binding,0.8799,0.8109,0.4423,1,0.7668,0.5376,clean,0
jiis_trace_0314,jiis_trace_0314_s9,9,evidence_retrieval,0.8442,0.79,0.1881,2,0.7878,0.5055,clean,0
jiis_trace_0314,jiis_trace_0314_s10,10,relation_check,0.8347,0.6661,0.1212,1,0.7113,0.2233,clean,0
jiis_trace_0315,jiis_trace_0315_s1,1,query_decomposition,0.854,0.8034,0.1553,2,0.8553,0.428,clean,0
jiis_trace_0315,jiis_trace_0315_s2,2,entity_binding,0.2925,0.7844,0.2316,2,0.6651,0.2161,entity_binding_error,1
jiis_trace_0315,jiis_trace_0315_s3,3,evidence_retrieval,0.808,0.6809,0.3337,2,0.5779,0.652,clean,0
jiis_trace_0315,jiis_trace_0315_s4,4,relation_check,0.8348,0.7287,0.5824,2,0.8156,0.4734,clean,0
jiis_trace_0315,jiis_trace_0315_s5,5,conflict_check,0.8545,0.6436,0.1914,3,0.8475,0.6626,clean,0
jiis_trace_0315,jiis_trace_0315_s6,6,answer_synthesis,0.8142,0.8913,0.5634,0,0.8062,0.6415,clean,0
jiis_trace_0316,jiis_trace_0316_s1,1,query_decomposition,0.9041,0.7173,0.5463,1,0.5772,0.7908,clean,0
jiis_trace_0316,jiis_trace_0316_s2,2,entity_binding,0.8726,0.8275,0.2677,1,0.5911,0.5089,clean,0
jiis_trace_0316,jiis_trace_0316_s3,3,evidence_retrieval,0.7598,0.3498,0.6007,1,0.8242,0.7923,missing_evidence,1
jiis_trace_0316,jiis_trace_0316_s4,4,relation_check,0.8753,0.7039,0.6133,3,0.7586,0.6534,clean,0
jiis_trace_0316,jiis_trace_0316_s5,5,conflict_check,0.8316,0.6266,0.2171,2,0.8487,0.8819,clean,0
jiis_trace_0316,jiis_trace_0316_s6,6,answer_synthesis,0.7586,0.6392,0.1819,1,0.5908,0.2548,clean,0
jiis_trace_0316,jiis_trace_0316_s7,7,query_decomposition,0.8042,0.6438,0.49,3,0.7984,0.459,clean,0
jiis_trace_0317,jiis_trace_0317_s1,1,query_decomposition,0.7547,0.8256,0.1607,1,0.5735,0.6395,clean,0
jiis_trace_0317,jiis_trace_0317_s2,2,entity_binding,0.7596,0.6339,0.4099,3,0.6031,0.4039,clean,0
jiis_trace_0317,jiis_trace_0317_s3,3,evidence_retrieval,0.7763,0.8165,0.8405,2,0.6986,0.2971,duplicate_support,1
jiis_trace_0317,jiis_trace_0317_s4,4,relation_check,0.9187,0.753,0.823,1,0.7581,0.8507,duplicate_support,1
jiis_trace_0317,jiis_trace_0317_s5,5,conflict_check,0.8022,0.6953,0.8428,3,0.8573,0.585,duplicate_support,1
jiis_trace_0317,jiis_trace_0317_s6,6,answer_synthesis,0.8196,0.851,0.3488,2,0.7018,0.7989,clean,0
jiis_trace_0317,jiis_trace_0317_s7,7,query_decomposition,0.8838,0.8227,0.4112,1,0.7209,0.7239,clean,0
jiis_trace_0317,jiis_trace_0317_s8,8,entity_binding,0.9139,0.6767,0.6227,1,0.7415,0.7425,clean,0
jiis_trace_0318,jiis_trace_0318_s1,1,query_decomposition,0.9052,0.7541,0.2013,1,0.564,0.3685,clean,0
jiis_trace_0318,jiis_trace_0318_s2,2,entity_binding,0.7748,0.8,0.3065,3,0.6765,0.8576,dependency_bottleneck,1
jiis_trace_0318,jiis_trace_0318_s3,3,evidence_retrieval,0.802,0.8284,0.0942,3,0.7979,0.3184,dependency_bottleneck,1
jiis_trace_0318,jiis_trace_0318_s4,4,relation_check,0.9125,0.7536,0.2057,1,0.7895,0.5025,clean,0
jiis_trace_0318,jiis_trace_0318_s5,5,conflict_check,0.7528,0.7911,0.4918,1,0.5617,0.7585,clean,0
jiis_trace_0318,jiis_trace_0318_s6,6,answer_synthesis,0.7881,0.668,0.5457,2,0.5578,0.7375,clean,0
jiis_trace_0318,jiis_trace_0318_s7,7,query_decomposition,0.8868,0.8542,0.4845,1,0.8407,0.7635,clean,0
jiis_trace_0318,jiis_trace_0318_s8,8,entity_binding,0.7449,0.8733,0.0872,1,0.6114,0.5746,clean,0
jiis_trace_0318,jiis_trace_0318_s9,9,evidence_retrieval,0.7583,0.8792,0.3441,3,0.8043,0.6585,clean,0
jiis_trace_0319,jiis_trace_0319_s1,1,query_decomposition,0.7645,0.6899,0.4279,1,0.8986,0.7038,clean,0
jiis_trace_0319,jiis_trace_0319_s2,2,entity_binding,0.8006,0.6404,0.5654,2,0.5613,0.5842,clean,0
jiis_trace_0319,jiis_trace_0319_s3,3,evidence_retrieval,0.84,0.6648,0.3649,2,0.67,0.7407,clean,0
jiis_trace_0319,jiis_trace_0319_s4,4,relation_check,0.7272,0.8976,0.0896,0,0.8742,0.4131,clean,0
jiis_trace_0319,jiis_trace_0319_s5,5,conflict_check,0.791,0.8613,0.1138,1,0.2928,0.647,temporal_conflict,1
jiis_trace_0319,jiis_trace_0319_s6,6,answer_synthesis,0.7363,0.8921,0.3923,2,0.6122,0.8747,clean,0
jiis_trace_0319,jiis_trace_0319_s7,7,query_decomposition,0.8746,0.6459,0.3181,3,0.8764,0.5144,clean,0
jiis_trace_0319,jiis_trace_0319_s8,8,entity_binding,0.7323,0.8152,0.0948,0,0.6618,0.2986,clean,0
jiis_trace_0319,jiis_trace_0319_s9,9,evidence_retrieval,0.8159,0.7997,0.1494,1,0.7577,0.5801,clean,0
jiis_trace_0319,jiis_trace_0319_s10,10,relation_check,0.8636,0.7161,0.3732,2,0.7538,0.5556,clean,0
jiis_trace_0320,jiis_trace_0320_s1,1,query_decomposition,0.7315,0.8586,0.3678,3,0.566,0.7748,clean,0
jiis_trace_0320,jiis_trace_0320_s2,2,entity_binding,0.2893,0.6907,0.2431,0,0.8018,0.8888,entity_binding_error,1
jiis_trace_0320,jiis_trace_0320_s3,3,evidence_retrieval,0.9092,0.6422,0.218,0,0.7598,0.3114,clean,0
jiis_trace_0320,jiis_trace_0320_s4,4,relation_check,0.8321,0.6615,0.5016,1,0.782,0.4171,clean,0
jiis_trace_0320,jiis_trace_0320_s5,5,conflict_check,0.8145,0.8055,0.4674,2,0.5683,0.7823,clean,0
jiis_trace_0320,jiis_trace_0320_s6,6,answer_synthesis,0.888,0.8341,0.5767,1,0.5624,0.6005,clean,0
jiis_trace_0321,jiis_trace_0321_s1,1,query_decomposition,0.8011,0.8772,0.1618,0,0.7027,0.5763,clean,0
jiis_trace_0321,jiis_trace_0321_s2,2,entity_binding,0.8695,0.6239,0.5145,0,0.8763,0.6246,clean,0
jiis_trace_0321,jiis_trace_0321_s3,3,evidence_retrieval,0.8752,0.3175,0.3251,0,0.6781,0.2118,missing_evidence,1
jiis_trace_0321,jiis_trace_0321_s4,4,relation_check,0.8929,0.6426,0.3677,3,0.6778,0.358,clean,0
jiis_trace_0321,jiis_trace_0321_s5,5,conflict_check,0.828,0.6682,0.3438,1,0.8539,0.627,clean,0
jiis_trace_0321,jiis_trace_0321_s6,6,answer_synthesis,0.9183,0.7077,0.3071,0,0.6891,0.3414,clean,0
jiis_trace_0321,jiis_trace_0321_s7,7,query_decomposition,0.8005,0.8765,0.5367,3,0.7059,0.6693,clean,0
jiis_trace_0322,jiis_trace_0322_s1,1,query_decomposition,0.7731,0.7087,0.28,0,0.6647,0.2706,clean,0
jiis_trace_0322,jiis_trace_0322_s2,2,entity_binding,0.8372,0.6867,0.5261,3,0.6363,0.255,clean,0
jiis_trace_0322,jiis_trace_0322_s3,3,evidence_retrieval,0.8362,0.7145,0.8377,0,0.662,0.4208,duplicate_support,1
jiis_trace_0322,jiis_trace_0322_s4,4,relation_check,0.8089,0.6267,0.8213,0,0.8429,0.8302,duplicate_support,1
jiis_trace_0322,jiis_trace_0322_s5,5,conflict_check,0.7717,0.6988,0.822,0,0.873,0.2893,duplicate_support,1
jiis_trace_0322,jiis_trace_0322_s6,6,answer_synthesis,0.9072,0.6303,0.343,3,0.7943,0.5887,clean,0
jiis_trace_0322,jiis_trace_0322_s7,7,query_decomposition,0.8423,0.6499,0.3461,2,0.8061,0.6827,clean,0
jiis_trace_0322,jiis_trace_0322_s8,8,entity_binding,0.8522,0.8222,0.2274,0,0.8546,0.6653,clean,0
jiis_trace_0323,jiis_trace_0323_s1,1,query_decomposition,0.9176,0.7069,0.4036,2,0.8442,0.2755,clean,0
jiis_trace_0323,jiis_trace_0323_s2,2,entity_binding,0.752,0.8,0.1943,3,0.8283,0.6929,dependency_bottleneck,1
jiis_trace_0323,jiis_trace_0323_s3,3,evidence_retrieval,0.8858,0.8,0.0956,3,0.554,0.6452,dependency_bottleneck,1
jiis_trace_0323,jiis_trace_0323_s4,4,relation_check,0.7712,0.6588,0.5248,3,0.624,0.312,clean,0
jiis_trace_0323,jiis_trace_0323_s5,5,conflict_check,0.8877,0.6603,0.293,2,0.6913,0.7706,clean,0
jiis_trace_0323,jiis_trace_0323_s6,6,answer_synthesis,0.7995,0.6232,0.5806,0,0.8073,0.7345,clean,0
jiis_trace_0323,jiis_trace_0323_s7,7,query_decomposition,0.7952,0.8204,0.4387,2,0.7989,0.298,clean,0
jiis_trace_0323,jiis_trace_0323_s8,8,entity_binding,0.7254,0.847,0.4238,0,0.64,0.8187,clean,0
jiis_trace_0323,jiis_trace_0323_s9,9,evidence_retrieval,0.8013,0.845,0.3276,3,0.7304,0.2682,clean,0
jiis_trace_0324,jiis_trace_0324_s1,1,query_decomposition,0.9061,0.6282,0.2424,3,0.6067,0.2312,clean,0
jiis_trace_0324,jiis_trace_0324_s2,2,entity_binding,0.7389,0.7021,0.1839,1,0.601,0.7671,clean,0
jiis_trace_0324,jiis_trace_0324_s3,3,evidence_retrieval,0.7729,0.8213,0.5016,0,0.8037,0.8502,clean,0
jiis_trace_0324,jiis_trace_0324_s4,4,relation_check,0.7933,0.8555,0.091,1,0.6594,0.6435,clean,0
jiis_trace_0324,jiis_trace_0324_s5,5,conflict_check,0.7703,0.7285,0.1072,0,0.2309,0.345,temporal_conflict,1
jiis_trace_0324,jiis_trace_0324_s6,6,answer_synthesis,0.8001,0.7827,0.3723,3,0.8214,0.3159,clean,0
jiis_trace_0324,jiis_trace_0324_s7,7,query_decomposition,0.8325,0.8772,0.4328,3,0.6264,0.4594,clean,0
jiis_trace_0324,jiis_trace_0324_s8,8,entity_binding,0.8195,0.712,0.4807,0,0.6096,0.4911,clean,0
jiis_trace_0324,jiis_trace_0324_s9,9,evidence_retrieval,0.7575,0.8681,0.3968,3,0.697,0.6472,clean,0
jiis_trace_0324,jiis_trace_0324_s10,10,relation_check,0.8718,0.638,0.4786,2,0.8608,0.3594,clean,0
jiis_trace_0325,jiis_trace_0325_s1,1,query_decomposition,0.8725,0.7885,0.4259,2,0.8447,0.6225,clean,0
jiis_trace_0325,jiis_trace_0325_s2,2,entity_binding,0.3341,0.6924,0.5924,3,0.7808,0.5245,entity_binding_error,1
jiis_trace_0325,jiis_trace_0325_s3,3,evidence_retrieval,0.8841,0.7103,0.5031,0,0.8359,0.686,clean,0
jiis_trace_0325,jiis_trace_0325_s4,4,relation_check,0.8803,0.88,0.6192,2,0.8429,0.5249,clean,0
jiis_trace_0325,jiis_trace_0325_s5,5,conflict_check,0.8644,0.8588,0.4365,3,0.5784,0.6672,clean,0
jiis_trace_0325,jiis_trace_0325_s6,6,answer_synthesis,0.8832,0.7727,0.5779,1,0.8232,0.464,clean,0
jiis_trace_0326,jiis_trace_0326_s1,1,query_decomposition,0.8176,0.8859,0.4546,2,0.5956,0.4641,clean,0
jiis_trace_0326,jiis_trace_0326_s2,2,entity_binding,0.8287,0.6544,0.5422,0,0.6697,0.4617,clean,0
jiis_trace_0326,jiis_trace_0326_s3,3,evidence_retrieval,0.9092,0.3286,0.5101,0,0.758,0.2891,missing_evidence,1
jiis_trace_0326,jiis_trace_0326_s4,4,relation_check,0.7968,0.8145,0.5864,3,0.8404,0.6989,clean,0
jiis_trace_0326,jiis_trace_0326_s5,5,conflict_check,0.8966,0.7858,0.6092,2,0.8435,0.8275,clean,0
jiis_trace_0326,jiis_trace_0326_s6,6,answer_synthesis,0.8125,0.716,0.173,1,0.7653,0.5222,clean,0
jiis_trace_0326,jiis_trace_0326_s7,7,query_decomposition,0.8451,0.7126,0.2996,2,0.6498,0.3268,clean,0
jiis_trace_0327,jiis_trace_0327_s1,1,query_decomposition,0.8574,0.8218,0.6112,2,0.8767,0.5123,clean,0
jiis_trace_0327,jiis_trace_0327_s2,2,entity_binding,0.8988,0.8675,0.4807,0,0.7633,0.4873,clean,0
jiis_trace_0327,jiis_trace_0327_s3,3,evidence_retrieval,0.7408,0.8032,0.8551,0,0.7106,0.3021,duplicate_support,1
jiis_trace_0327,jiis_trace_0327_s4,4,relation_check,0.8657,0.6325,0.8226,3,0.6173,0.8744,duplicate_support,1
jiis_trace_0327,jiis_trace_0327_s5,5,conflict_check,0.7342,0.7674,0.8257,3,0.6337,0.2969,duplicate_support,1
jiis_trace_0327,jiis_trace_0327_s6,6,answer_synthesis,0.7968,0.7804,0.164,0,0.7277,0.6588,clean,0
jiis_trace_0327,jiis_trace_0327_s7,7,query_decomposition,0.7472,0.7608,0.3417,2,0.7449,0.583,clean,0
jiis_trace_0327,jiis_trace_0327_s8,8,entity_binding,0.7886,0.8571,0.2215,1,0.8397,0.4071,clean,0
jiis_trace_0328,jiis_trace_0328_s1,1,query_decomposition,0.8641,0.7473,0.2967,0,0.7007,0.229,clean,0
jiis_trace_0328,jiis_trace_0328_s2,2,entity_binding,0.9034,0.8,0.4919,3,0.829,0.4956,dependency_bottleneck,1
jiis_trace_0328,jiis_trace_0328_s3,3,evidence_retrieval,0.8836,0.8,0.514,3,0.8122,0.6269,dependency_bottleneck,1
jiis_trace_0328,jiis_trace_0328_s4,4,relation_check,0.879,0.8505,0.2604,0,0.7538,0.2503,clean,0
jiis_trace_0328,jiis_trace_0328_s5,5,conflict_check,0.7507,0.7723,0.3041,0,0.6771,0.6388,clean,0
jiis_trace_0328,jiis_trace_0328_s6,6,answer_synthesis,0.8439,0.7339,0.3493,0,0.878,0.6163,clean,0
jiis_trace_0328,jiis_trace_0328_s7,7,query_decomposition,0.9091,0.6901,0.6112,0,0.8892,0.6004,clean,0
jiis_trace_0328,jiis_trace_0328_s8,8,entity_binding,0.8019,0.6625,0.4436,2,0.554,0.258,clean,0
jiis_trace_0328,jiis_trace_0328_s9,9,evidence_retrieval,0.8613,0.85,0.2889,0,0.6266,0.5225,clean,0
jiis_trace_0329,jiis_trace_0329_s1,1,query_decomposition,0.8058,0.7815,0.429,1,0.5759,0.2621,clean,0
jiis_trace_0329,jiis_trace_0329_s2,2,entity_binding,0.8136,0.6362,0.2817,1,0.5591,0.8409,clean,0
jiis_trace_0329,jiis_trace_0329_s3,3,evidence_retrieval,0.7972,0.7997,0.3915,2,0.7083,0.8638,clean,0
jiis_trace_0329,jiis_trace_0329_s4,4,relation_check,0.7572,0.7684,0.4182,3,0.5939,0.237,clean,0
jiis_trace_0329,jiis_trace_0329_s5,5,conflict_check,0.8009,0.6255,0.1763,2,0.2869,0.5766,temporal_conflict,1
jiis_trace_0329,jiis_trace_0329_s6,6,answer_synthesis,0.8766,0.6777,0.4044,1,0.8964,0.2203,clean,0
jiis_trace_0329,jiis_trace_0329_s7,7,query_decomposition,0.9029,0.854,0.4842,3,0.8686,0.7288,clean,0
jiis_trace_0329,jiis_trace_0329_s8,8,entity_binding,0.8845,0.7494,0.148,0,0.678,0.6571,clean,0
jiis_trace_0329,jiis_trace_0329_s9,9,evidence_retrieval,0.7709,0.8569,0.5583,0,0.8132,0.7792,clean,0
jiis_trace_0329,jiis_trace_0329_s10,10,relation_check,0.9141,0.8963,0.4253,3,0.7421,0.5736,clean,0
jiis_trace_0330,jiis_trace_0330_s1,1,query_decomposition,0.8886,0.7187,0.5593,2,0.6685,0.6075,clean,0
jiis_trace_0330,jiis_trace_0330_s2,2,entity_binding,0.3279,0.7437,0.5321,2,0.8409,0.4495,entity_binding_error,1
jiis_trace_0330,jiis_trace_0330_s3,3,evidence_retrieval,0.9094,0.7946,0.2783,2,0.7568,0.3241,clean,0
jiis_trace_0330,jiis_trace_0330_s4,4,relation_check,0.8677,0.7833,0.4558,2,0.7409,0.4042,clean,0
jiis_trace_0330,jiis_trace_0330_s5,5,conflict_check,0.9034,0.6595,0.4732,2,0.7851,0.4455,clean,0
jiis_trace_0330,jiis_trace_0330_s6,6,answer_synthesis,0.9016,0.6804,0.5576,2,0.8763,0.5811,clean,0
jiis_trace_0331,jiis_trace_0331_s1,1,query_decomposition,0.7748,0.7939,0.4963,3,0.6431,0.2925,clean,0
jiis_trace_0331,jiis_trace_0331_s2,2,entity_binding,0.8241,0.7816,0.3566,3,0.7055,0.6936,clean,0
jiis_trace_0331,jiis_trace_0331_s3,3,evidence_retrieval,0.8525,0.3007,0.5246,0,0.5966,0.5119,missing_evidence,1
jiis_trace_0331,jiis_trace_0331_s4,4,relation_check,0.8759,0.8588,0.0893,0,0.7698,0.6967,clean,0
jiis_trace_0331,jiis_trace_0331_s5,5,conflict_check,0.9194,0.7742,0.5705,1,0.6399,0.7134,clean,0
jiis_trace_0331,jiis_trace_0331_s6,6,answer_synthesis,0.854,0.655,0.346,0,0.8886,0.799,clean,0
jiis_trace_0331,jiis_trace_0331_s7,7,query_decomposition,0.8008,0.6692,0.246,1,0.7837,0.8548,clean,0
jiis_trace_0332,jiis_trace_0332_s1,1,query_decomposition,0.726,0.6603,0.2007,0,0.698,0.5684,clean,0
jiis_trace_0332,jiis_trace_0332_s2,2,entity_binding,0.7539,0.6858,0.2751,1,0.7146,0.3849,clean,0
jiis_trace_0332,jiis_trace_0332_s3,3,evidence_retrieval,0.7388,0.763,0.8583,0,0.6181,0.3007,duplicate_support,1
jiis_trace_0332,jiis_trace_0332_s4,4,relation_check,0.8146,0.8959,0.8573,0,0.8019,0.8782,duplicate_support,1
jiis_trace_0332,jiis_trace_0332_s5,5,conflict_check,0.8243,0.6838,0.8402,3,0.6982,0.4411,duplicate_support,1
jiis_trace_0332,jiis_trace_0332_s6,6,answer_synthesis,0.8229,0.8942,0.47,2,0.6737,0.5115,clean,0
jiis_trace_0332,jiis_trace_0332_s7,7,query_decomposition,0.8139,0.775,0.1518,2,0.6318,0.6464,clean,0
jiis_trace_0332,jiis_trace_0332_s8,8,entity_binding,0.8322,0.6964,0.1623,0,0.6813,0.3027,clean,0
jiis_trace_0333,jiis_trace_0333_s1,1,query_decomposition,0.9029,0.8775,0.5564,0,0.6521,0.7595,clean,0
jiis_trace_0333,jiis_trace_0333_s2,2,entity_binding,0.7595,0.8,0.4093,3,0.8941,0.6477,dependency_bottleneck,1
jiis_trace_0333,jiis_trace_0333_s3,3,evidence_retrieval,0.7944,0.8,0.5546,3,0.853,0.233,dependency_bottleneck,1
jiis_trace_0333,jiis_trace_0333_s4,4,relation_check,0.7316,0.6512,0.5617,1,0.8283,0.8292,clean,0
jiis_trace_0333,jiis_trace_0333_s5,5,conflict_check,0.7898,0.7808,0.4197,1,0.7471,0.2734,clean,0
jiis_trace_0333,jiis_trace_0333_s6,6,answer_synthesis,0.7697,0.8709,0.1831,2,0.6202,0.3699,clean,0
jiis_trace_0333,jiis_trace_0333_s7,7,query_decomposition,0.8646,0.7045,0.3106,3,0.6288,0.2863,clean,0
jiis_trace_0333,jiis_trace_0333_s8,8,entity_binding,0.9193,0.7194,0.3587,3,0.8354,0.2962,clean,0
jiis_trace_0333,jiis_trace_0333_s9,9,evidence_retrieval,0.7382,0.6533,0.1005,1,0.6887,0.4243,clean,0
jiis_trace_0334,jiis_trace_0334_s1,1,query_decomposition,0.8663,0.8549,0.2989,0,0.8489,0.788,clean,0
jiis_trace_0334,jiis_trace_0334_s2,2,entity_binding,0.8368,0.6994,0.6126,0,0.5854,0.6321,clean,0
jiis_trace_0334,jiis_trace_0334_s3,3,evidence_retrieval,0.7262,0.6251,0.4779,0,0.6755,0.8224,clean,0
jiis_trace_0334,jiis_trace_0334_s4,4,relation_check,0.7238,0.8611,0.3871,3,0.6386,0.4267,clean,0
jiis_trace_0334,jiis_trace_0334_s5,5,conflict_check,0.7669,0.7576,0.5673,2,0.2258,0.6677,temporal_conflict,1
jiis_trace_0334,jiis_trace_0334_s6,6,answer_synthesis,0.8958,0.868,0.2279,2,0.567,0.37,clean,0
jiis_trace_0334,jiis_trace_0334_s7,7,query_decomposition,0.8958,0.7023,0.0914,1,0.8228,0.5992,clean,0
jiis_trace_0334,jiis_trace_0334_s8,8,entity_binding,0.8406,0.7898,0.1524,1,0.8348,0.4278,clean,0
jiis_trace_0334,jiis_trace_0334_s9,9,evidence_retrieval,0.7884,0.8714,0.4374,2,0.6186,0.3224,clean,0
jiis_trace_0334,jiis_trace_0334_s10,10,relation_check,0.8371,0.6945,0.5715,3,0.7566,0.5602,clean,0
jiis_trace_0335,jiis_trace_0335_s1,1,query_decomposition,0.7263,0.7547,0.1218,1,0.8868,0.3232,clean,0
jiis_trace_0335,jiis_trace_0335_s2,2,entity_binding,0.334,0.7808,0.1494,2,0.8598,0.2726,entity_binding_error,1
jiis_trace_0335,jiis_trace_0335_s3,3,evidence_retrieval,0.9048,0.6333,0.1025,0,0.8531,0.779,clean,0
jiis_trace_0335,jiis_trace_0335_s4,4,relation_check,0.8717,0.7134,0.1997,1,0.8473,0.8111,clean,0
jiis_trace_0335,jiis_trace_0335_s5,5,conflict_check,0.7253,0.8835,0.2403,2,0.8833,0.2805,clean,0
jiis_trace_0335,jiis_trace_0335_s6,6,answer_synthesis,0.744,0.8051,0.2346,1,0.8952,0.5134,clean,0
jiis_trace_0336,jiis_trace_0336_s1,1,query_decomposition,0.7385,0.7138,0.1784,3,0.8203,0.4025,clean,0
jiis_trace_0336,jiis_trace_0336_s2,2,entity_binding,0.8735,0.6612,0.3402,3,0.8291,0.3584,clean,0
jiis_trace_0336,jiis_trace_0336_s3,3,evidence_retrieval,0.8438,0.3112,0.178,3,0.6717,0.6141,missing_evidence,1
jiis_trace_0336,jiis_trace_0336_s4,4,relation_check,0.8444,0.8659,0.2909,1,0.7086,0.2732,clean,0
jiis_trace_0336,jiis_trace_0336_s5,5,conflict_check,0.8064,0.8105,0.2739,1,0.7333,0.7158,clean,0
jiis_trace_0336,jiis_trace_0336_s6,6,answer_synthesis,0.8995,0.699,0.6288,2,0.6863,0.5638,clean,0
jiis_trace_0336,jiis_trace_0336_s7,7,query_decomposition,0.7699,0.6271,0.4267,2,0.8043,0.8035,clean,0
jiis_trace_0337,jiis_trace_0337_s1,1,query_decomposition,0.7281,0.7413,0.4323,1,0.6483,0.6364,clean,0
jiis_trace_0337,jiis_trace_0337_s2,2,entity_binding,0.8334,0.7654,0.44,0,0.8103,0.6907,clean,0
jiis_trace_0337,jiis_trace_0337_s3,3,evidence_retrieval,0.7434,0.6746,0.8524,0,0.8913,0.4641,duplicate_support,1
jiis_trace_0337,jiis_trace_0337_s4,4,relation_check,0.8547,0.8973,0.8411,3,0.8607,0.2896,duplicate_support,1
jiis_trace_0337,jiis_trace_0337_s5,5,conflict_check,0.9045,0.8395,0.8232,0,0.5905,0.7243,duplicate_support,1
jiis_trace_0337,jiis_trace_0337_s6,6,answer_synthesis,0.8462,0.6579,0.621,1,0.8028,0.2372,clean,0
jiis_trace_0337,jiis_trace_0337_s7,7,query_decomposition,0.8331,0.7713,0.5421,0,0.6019,0.6144,clean,0
jiis_trace_0337,jiis_trace_0337_s8,8,entity_binding,0.8576,0.7514,0.3198,1,0.8279,0.4628,clean,0
jiis_trace_0338,jiis_trace_0338_s1,1,query_decomposition,0.8584,0.7611,0.4274,0,0.8465,0.8977,clean,0
jiis_trace_0338,jiis_trace_0338_s2,2,entity_binding,0.7417,0.8,0.391,3,0.6635,0.4986,dependency_bottleneck,1
jiis_trace_0338,jiis_trace_0338_s3,3,evidence_retrieval,0.9171,0.8,0.2634,3,0.6071,0.8109,dependency_bottleneck,1
jiis_trace_0338,jiis_trace_0338_s4,4,relation_check,0.7261,0.6991,0.1704,0,0.5824,0.6108,clean,0
jiis_trace_0338,jiis_trace_0338_s5,5,conflict_check,0.7796,0.802,0.2328,2,0.7203,0.2061,clean,0
jiis_trace_0338,jiis_trace_0338_s6,6,answer_synthesis,0.8266,0.8569,0.4596,3,0.8749,0.38,clean,0
jiis_trace_0338,jiis_trace_0338_s7,7,query_decomposition,0.8052,0.8654,0.1213,2,0.6944,0.2456,clean,0
jiis_trace_0338,jiis_trace_0338_s8,8,entity_binding,0.7662,0.7425,0.1014,2,0.6965,0.6686,clean,0
jiis_trace_0338,jiis_trace_0338_s9,9,evidence_retrieval,0.8116,0.689,0.5007,0,0.7661,0.432,clean,0
jiis_trace_0339,jiis_trace_0339_s1,1,query_decomposition,0.9099,0.7282,0.5914,1,0.8876,0.4264,clean,0
jiis_trace_0339,jiis_trace_0339_s2,2,entity_binding,0.7989,0.8933,0.5657,1,0.8374,0.6633,clean,0
jiis_trace_0339,jiis_trace_0339_s3,3,evidence_retrieval,0.7721,0.668,0.5498,2,0.6942,0.6251,clean,0
jiis_trace_0339,jiis_trace_0339_s4,4,relation_check,0.7705,0.6605,0.1782,2,0.6863,0.6434,clean,0
jiis_trace_0339,jiis_trace_0339_s5,5,conflict_check,0.91,0.694,0.5868,1,0.2346,0.4636,temporal_conflict,1
jiis_trace_0339,jiis_trace_0339_s6,6,answer_synthesis,0.7672,0.8183,0.1085,0,0.6097,0.6551,clean,0
jiis_trace_0339,jiis_trace_0339_s7,7,query_decomposition,0.8141,0.7509,0.2049,0,0.624,0.3831,clean,0
jiis_trace_0339,jiis_trace_0339_s8,8,entity_binding,0.8989,0.6317,0.3529,2,0.5728,0.5823,clean,0
jiis_trace_0339,jiis_trace_0339_s9,9,evidence_retrieval,0.7312,0.7477,0.2366,1,0.8736,0.4053,clean,0
jiis_trace_0339,jiis_trace_0339_s10,10,relation_check,0.8165,0.7467,0.4062,1,0.6025,0.5341,clean,0
jiis_trace_0340,jiis_trace_0340_s1,1,query_decomposition,0.8594,0.6314,0.1538,2,0.6425,0.377,clean,0
jiis_trace_0340,jiis_trace_0340_s2,2,entity_binding,0.2961,0.6964,0.1368,3,0.8807,0.3913,entity_binding_error,1
jiis_trace_0340,jiis_trace_0340_s3,3,evidence_retrieval,0.8142,0.8638,0.1249,1,0.6235,0.4788,clean,0
jiis_trace_0340,jiis_trace_0340_s4,4,relation_check,0.8416,0.857,0.4703,2,0.8214,0.3574,clean,0
jiis_trace_0340,jiis_trace_0340_s5,5,conflict_check,0.8453,0.7192,0.166,0,0.5799,0.6109,clean,0
jiis_trace_0340,jiis_trace_0340_s6,6,answer_synthesis,0.7416,0.8423,0.2779,0,0.8649,0.5096,clean,0
jiis_trace_0341,jiis_trace_0341_s1,1,query_decomposition,0.8562,0.6415,0.4603,2,0.6316,0.5788,clean,0
jiis_trace_0341,jiis_trace_0341_s2,2,entity_binding,0.8393,0.7834,0.6224,1,0.8135,0.8158,clean,0
jiis_trace_0341,jiis_trace_0341_s3,3,evidence_retrieval,0.895,0.3186,0.4192,0,0.801,0.8091,missing_evidence,1
jiis_trace_0341,jiis_trace_0341_s4,4,relation_check,0.9178,0.7098,0.1402,1,0.8988,0.3276,clean,0
jiis_trace_0341,jiis_trace_0341_s5,5,conflict_check,0.798,0.6644,0.4584,2,0.7383,0.2738,clean,0
jiis_trace_0341,jiis_trace_0341_s6,6,answer_synthesis,0.8,0.7767,0.1404,1,0.6576,0.7216,clean,0
jiis_trace_0341,jiis_trace_0341_s7,7,query_decomposition,0.8312,0.6466,0.4691,2,0.7274,0.2738,clean,0
jiis_trace_0342,jiis_trace_0342_s1,1,query_decomposition,0.7261,0.6659,0.4344,2,0.6544,0.3562,clean,0
jiis_trace_0342,jiis_trace_0342_s2,2,entity_binding,0.8538,0.6508,0.558,1,0.7053,0.7751,clean,0
jiis_trace_0342,jiis_trace_0342_s3,3,evidence_retrieval,0.8995,0.8441,0.8301,2,0.8679,0.8556,duplicate_support,1
jiis_trace_0342,jiis_trace_0342_s4,4,relation_check,0.9038,0.7535,0.8566,0,0.5597,0.5177,duplicate_support,1
jiis_trace_0342,jiis_trace_0342_s5,5,conflict_check,0.876,0.7418,0.8216,3,0.8123,0.6366,duplicate_support,1
jiis_trace_0342,jiis_trace_0342_s6,6,answer_synthesis,0.8522,0.8301,0.2731,0,0.6564,0.4479,clean,0
jiis_trace_0342,jiis_trace_0342_s7,7,query_decomposition,0.7866,0.7431,0.334,2,0.6038,0.217,clean,0
jiis_trace_0342,jiis_trace_0342_s8,8,entity_binding,0.9097,0.6485,0.5191,1,0.5619,0.4492,clean,0
jiis_trace_0343,jiis_trace_0343_s1,1,query_decomposition,0.912,0.6716,0.2481,3,0.6739,0.8917,clean,0
jiis_trace_0343,jiis_trace_0343_s2,2,entity_binding,0.8679,0.8,0.5841,3,0.5913,0.7449,dependency_bottleneck,1
jiis_trace_0343,jiis_trace_0343_s3,3,evidence_retrieval,0.7581,0.8,0.48,3,0.7305,0.6267,dependency_bottleneck,1
jiis_trace_0343,jiis_trace_0343_s4,4,relation_check,0.7652,0.7725,0.3896,1,0.6903,0.6273,clean,0
jiis_trace_0343,jiis_trace_0343_s5,5,conflict_check,0.8071,0.6359,0.5826,3,0.6839,0.4293,clean,0
jiis_trace_0343,jiis_trace_0343_s6,6,answer_synthesis,0.7233,0.6982,0.3506,1,0.8252,0.3988,clean,0
jiis_trace_0343,jiis_trace_0343_s7,7,query_decomposition,0.8637,0.7468,0.5865,0,0.8947,0.5434,clean,0
jiis_trace_0343,jiis_trace_0343_s8,8,entity_binding,0.816,0.7789,0.2076,1,0.6664,0.6443,clean,0
jiis_trace_0343,jiis_trace_0343_s9,9,evidence_retrieval,0.7949,0.6991,0.6172,2,0.7732,0.4666,clean,0
jiis_trace_0344,jiis_trace_0344_s1,1,query_decomposition,0.8443,0.7648,0.3155,0,0.8878,0.4264,clean,0
jiis_trace_0344,jiis_trace_0344_s2,2,entity_binding,0.8475,0.6592,0.3013,2,0.8723,0.8314,clean,0
jiis_trace_0344,jiis_trace_0344_s3,3,evidence_retrieval,0.8754,0.7258,0.4379,1,0.8147,0.3861,clean,0
jiis_trace_0344,jiis_trace_0344_s4,4,relation_check,0.8398,0.7691,0.1652,3,0.8204,0.413,clean,0
jiis_trace_0344,jiis_trace_0344_s5,5,conflict_check,0.8584,0.809,0.1013,0,0.2909,0.6794,temporal_conflict,1
jiis_trace_0344,jiis_trace_0344_s6,6,answer_synthesis,0.8374,0.7119,0.4625,0,0.6954,0.3689,clean,0
jiis_trace_0344,jiis_trace_0344_s7,7,query_decomposition,0.8688,0.7661,0.4209,0,0.8819,0.3924,clean,0
jiis_trace_0344,jiis_trace_0344_s8,8,entity_binding,0.7336,0.7764,0.4401,2,0.6613,0.3419,clean,0
jiis_trace_0344,jiis_trace_0344_s9,9,evidence_retrieval,0.903,0.7138,0.0808,2,0.7857,0.8653,clean,0
jiis_trace_0344,jiis_trace_0344_s10,10,relation_check,0.7806,0.7502,0.2135,3,0.7418,0.5643,clean,0
jiis_trace_0345,jiis_trace_0345_s1,1,query_decomposition,0.7484,0.854,0.454,2,0.6097,0.738,clean,0
jiis_trace_0345,jiis_trace_0345_s2,2,entity_binding,0.3219,0.7195,0.3305,0,0.5504,0.352,entity_binding_error,1
jiis_trace_0345,jiis_trace_0345_s3,3,evidence_retrieval,0.8103,0.7803,0.1745,1,0.5611,0.6585,clean,0
jiis_trace_0345,jiis_trace_0345_s4,4,relation_check,0.7246,0.7841,0.3154,0,0.6137,0.5179,clean,0
jiis_trace_0345,jiis_trace_0345_s5,5,conflict_check,0.9067,0.7583,0.5246,1,0.7557,0.5965,clean,0
jiis_trace_0345,jiis_trace_0345_s6,6,answer_synthesis,0.7352,0.7728,0.2182,1,0.7487,0.4986,clean,0
jiis_trace_0346,jiis_trace_0346_s1,1,query_decomposition,0.8018,0.8875,0.2597,0,0.6334,0.5605,clean,0
jiis_trace_0346,jiis_trace_0346_s2,2,entity_binding,0.8475,0.7861,0.4977,0,0.8968,0.8596,clean,0
jiis_trace_0346,jiis_trace_0346_s3,3,evidence_retrieval,0.7227,0.3482,0.3197,3,0.8129,0.3428,missing_evidence,1
jiis_trace_0346,jiis_trace_0346_s4,4,relation_check,0.8026,0.6406,0.3904,0,0.7824,0.3267,clean,0
jiis_trace_0346,jiis_trace_0346_s5,5,conflict_check,0.7666,0.6802,0.6035,2,0.7391,0.2766,clean,0
jiis_trace_0346,jiis_trace_0346_s6,6,answer_synthesis,0.7505,0.6243,0.3113,1,0.5794,0.3181,clean,0
jiis_trace_0346,jiis_trace_0346_s7,7,query_decomposition,0.8077,0.883,0.1024,0,0.6195,0.8503,clean,0
jiis_trace_0347,jiis_trace_0347_s1,1,query_decomposition,0.7863,0.6597,0.6088,0,0.7048,0.594,clean,0
jiis_trace_0347,jiis_trace_0347_s2,2,entity_binding,0.8759,0.8538,0.4801,0,0.7574,0.5295,clean,0
jiis_trace_0347,jiis_trace_0347_s3,3,evidence_retrieval,0.8355,0.7209,0.827,1,0.8368,0.8274,duplicate_support,1
jiis_trace_0347,jiis_trace_0347_s4,4,relation_check,0.8546,0.8971,0.8546,1,0.7064,0.3838,duplicate_support,1
jiis_trace_0347,jiis_trace_0347_s5,5,conflict_check,0.7756,0.7533,0.843,3,0.6422,0.793,duplicate_support,1
jiis_trace_0347,jiis_trace_0347_s6,6,answer_synthesis,0.7439,0.8824,0.4828,1,0.6981,0.6324,clean,0
jiis_trace_0347,jiis_trace_0347_s7,7,query_decomposition,0.8385,0.6694,0.2808,3,0.6572,0.8316,clean,0
jiis_trace_0347,jiis_trace_0347_s8,8,entity_binding,0.8896,0.7248,0.6103,3,0.6668,0.2942,clean,0
jiis_trace_0348,jiis_trace_0348_s1,1,query_decomposition,0.7868,0.7067,0.5557,3,0.672,0.2447,clean,0
jiis_trace_0348,jiis_trace_0348_s2,2,entity_binding,0.8862,0.8,0.4444,3,0.6505,0.3076,dependency_bottleneck,1
jiis_trace_0348,jiis_trace_0348_s3,3,evidence_retrieval,0.8532,0.8386,0.549,3,0.6087,0.6646,dependency_bottleneck,1
jiis_trace_0348,jiis_trace_0348_s4,4,relation_check,0.8986,0.6741,0.1903,3,0.639,0.7618,clean,0
jiis_trace_0348,jiis_trace_0348_s5,5,conflict_check,0.8631,0.6778,0.4702,3,0.8205,0.5653,clean,0
jiis_trace_0348,jiis_trace_0348_s6,6,answer_synthesis,0.8234,0.7916,0.6252,3,0.6406,0.3821,clean,0
jiis_trace_0348,jiis_trace_0348_s7,7,query_decomposition,0.8041,0.6849,0.1635,0,0.6013,0.8867,clean,0
jiis_trace_0348,jiis_trace_0348_s8,8,entity_binding,0.7592,0.6659,0.5439,2,0.7122,0.5903,clean,0
jiis_trace_0348,jiis_trace_0348_s9,9,evidence_retrieval,0.8081,0.6711,0.4808,1,0.8013,0.8051,clean,0
jiis_trace_0349,jiis_trace_0349_s1,1,query_decomposition,0.8033,0.7645,0.3822,1,0.7064,0.5914,clean,0
jiis_trace_0349,jiis_trace_0349_s2,2,entity_binding,0.7928,0.695,0.1281,3,0.5951,0.7394,clean,0
jiis_trace_0349,jiis_trace_0349_s3,3,evidence_retrieval,0.7683,0.8261,0.389,3,0.8648,0.3553,clean,0
jiis_trace_0349,jiis_trace_0349_s4,4,relation_check,0.8142,0.8257,0.1649,1,0.574,0.597,clean,0
jiis_trace_0349,jiis_trace_0349_s5,5,conflict_check,0.7657,0.6994,0.2148,2,0.2485,0.6817,temporal_conflict,1
jiis_trace_0349,jiis_trace_0349_s6,6,answer_synthesis,0.7614,0.7257,0.2446,0,0.6814,0.3552,clean,0
jiis_trace_0349,jiis_trace_0349_s7,7,query_decomposition,0.8448,0.8867,0.3054,0,0.769,0.3841,clean,0
jiis_trace_0349,jiis_trace_0349_s8,8,entity_binding,0.8356,0.8592,0.3947,2,0.613,0.739,clean,0
jiis_trace_0349,jiis_trace_0349_s9,9,evidence_retrieval,0.9193,0.8408,0.4184,1,0.6936,0.2517,clean,0
jiis_trace_0349,jiis_trace_0349_s10,10,relation_check,0.7919,0.8566,0.5272,1,0.7054,0.7042,clean,0
jiis_trace_0350,jiis_trace_0350_s1,1,query_decomposition,0.7712,0.6918,0.3537,2,0.5768,0.8644,clean,0
jiis_trace_0350,jiis_trace_0350_s2,2,entity_binding,0.3025,0.7661,0.2881,0,0.6416,0.7211,entity_binding_error,1
jiis_trace_0350,jiis_trace_0350_s3,3,evidence_retrieval,0.7655,0.6409,0.3788,1,0.6738,0.5694,clean,0
jiis_trace_0350,jiis_trace_0350_s4,4,relation_check,0.8535,0.6753,0.5573,0,0.7012,0.8916,clean,0
jiis_trace_0350,jiis_trace_0350_s5,5,conflict_check,0.901,0.6664,0.4589,0,0.8492,0.5888,clean,0
jiis_trace_0350,jiis_trace_0350_s6,6,answer_synthesis,0.8948,0.8012,0.1282,2,0.8061,0.4701,clean,0
jiis_trace_0351,jiis_trace_0351_s1,1,query_decomposition,0.8755,0.6513,0.4375,1,0.651,0.3783,clean,0
jiis_trace_0351,jiis_trace_0351_s2,2,entity_binding,0.7266,0.8648,0.1256,2,0.8263,0.66,clean,0
jiis_trace_0351,jiis_trace_0351_s3,3,evidence_retrieval,0.9001,0.3488,0.3558,2,0.661,0.4445,missing_evidence,1
jiis_trace_0351,jiis_trace_0351_s4,4,relation_check,0.8929,0.7253,0.4343,2,0.6421,0.3596,clean,0
jiis_trace_0351,jiis_trace_0351_s5,5,conflict_check,0.7816,0.7876,0.4677,0,0.7858,0.5618,clean,0
jiis_trace_0351,jiis_trace_0351_s6,6,answer_synthesis,0.841,0.7403,0.3903,3,0.7005,0.6065,clean,0
jiis_trace_0351,jiis_trace_0351_s7,7,query_decomposition,0.7374,0.871,0.2311,3,0.7404,0.4347,clean,0
jiis_trace_0352,jiis_trace_0352_s1,1,query_decomposition,0.9139,0.6619,0.133,3,0.7357,0.3094,clean,0
jiis_trace_0352,jiis_trace_0352_s2,2,entity_binding,0.8613,0.6674,0.2701,3,0.5937,0.7606,clean,0
jiis_trace_0352,jiis_trace_0352_s3,3,evidence_retrieval,0.807,0.7062,0.8394,3,0.6581,0.2164,duplicate_support,1
jiis_trace_0352,jiis_trace_0352_s4,4,relation_check,0.8292,0.7445,0.8272,0,0.7351,0.8333,duplicate_support,1
jiis_trace_0352,jiis_trace_0352_s5,5,conflict_check,0.7972,0.622,0.8255,0,0.7625,0.5273,duplicate_support,1
jiis_trace_0352,jiis_trace_0352_s6,6,answer_synthesis,0.8557,0.7565,0.2768,1,0.7881,0.5524,clean,0
jiis_trace_0352,jiis_trace_0352_s7,7,query_decomposition,0.8434,0.8798,0.531,2,0.8939,0.8534,clean,0
jiis_trace_0352,jiis_trace_0352_s8,8,entity_binding,0.795,0.6954,0.2159,2,0.6586,0.5495,clean,0
jiis_trace_0353,jiis_trace_0353_s1,1,query_decomposition,0.879,0.8081,0.0929,0,0.6386,0.2898,clean,0
jiis_trace_0353,jiis_trace_0353_s2,2,entity_binding,0.7331,0.8,0.3281,3,0.6012,0.8043,dependency_bottleneck,1
jiis_trace_0353,jiis_trace_0353_s3,3,evidence_retrieval,0.7712,0.8,0.1283,3,0.8389,0.7108,dependency_bottleneck,1
jiis_trace_0353,jiis_trace_0353_s4,4,relation_check,0.7796,0.8634,0.0967,1,0.6959,0.5834,clean,0
jiis_trace_0353,jiis_trace_0353_s5,5,conflict_check,0.741,0.7446,0.1736,3,0.8986,0.2654,clean,0
jiis_trace_0353,jiis_trace_0353_s6,6,answer_synthesis,0.7538,0.8288,0.3581,2,0.5696,0.8385,clean,0
jiis_trace_0353,jiis_trace_0353_s7,7,query_decomposition,0.8976,0.7484,0.4643,0,0.7708,0.2246,clean,0
jiis_trace_0353,jiis_trace_0353_s8,8,entity_binding,0.7504,0.8862,0.5664,1,0.6554,0.4241,clean,0
jiis_trace_0353,jiis_trace_0353_s9,9,evidence_retrieval,0.9051,0.7941,0.2807,0,0.6249,0.2263,clean,0
jiis_trace_0354,jiis_trace_0354_s1,1,query_decomposition,0.8804,0.6266,0.104,3,0.6045,0.6565,clean,0
jiis_trace_0354,jiis_trace_0354_s2,2,entity_binding,0.7861,0.6497,0.3853,2,0.6929,0.2885,clean,0
jiis_trace_0354,jiis_trace_0354_s3,3,evidence_retrieval,0.761,0.8048,0.0804,3,0.7222,0.8687,clean,0
jiis_trace_0354,jiis_trace_0354_s4,4,relation_check,0.7526,0.8551,0.2467,3,0.6345,0.4918,clean,0
jiis_trace_0354,jiis_trace_0354_s5,5,conflict_check,0.8503,0.7254,0.194,0,0.2433,0.507,temporal_conflict,1
jiis_trace_0354,jiis_trace_0354_s6,6,answer_synthesis,0.7372,0.7889,0.3529,0,0.8598,0.6146,clean,0
jiis_trace_0354,jiis_trace_0354_s7,7,query_decomposition,0.7379,0.8075,0.2548,2,0.5982,0.7955,clean,0
jiis_trace_0354,jiis_trace_0354_s8,8,entity_binding,0.7279,0.8522,0.0912,3,0.6557,0.5639,clean,0
jiis_trace_0354,jiis_trace_0354_s9,9,evidence_retrieval,0.8364,0.8553,0.109,2,0.5951,0.4633,clean,0
jiis_trace_0354,jiis_trace_0354_s10,10,relation_check,0.8369,0.8329,0.1446,3,0.8888,0.2766,clean,0
jiis_trace_0355,jiis_trace_0355_s1,1,query_decomposition,0.763,0.8089,0.2444,2,0.6758,0.3319,clean,0
jiis_trace_0355,jiis_trace_0355_s2,2,entity_binding,0.2913,0.8421,0.5051,1,0.8184,0.7928,entity_binding_error,1
jiis_trace_0355,jiis_trace_0355_s3,3,evidence_retrieval,0.7359,0.7221,0.1698,0,0.8336,0.523,clean,0
jiis_trace_0355,jiis_trace_0355_s4,4,relation_check,0.7308,0.6667,0.4724,3,0.6833,0.7341,clean,0
jiis_trace_0355,jiis_trace_0355_s5,5,conflict_check,0.778,0.7036,0.3705,3,0.6184,0.48,clean,0
jiis_trace_0355,jiis_trace_0355_s6,6,answer_synthesis,0.7717,0.7772,0.4059,0,0.8621,0.717,clean,0
jiis_trace_0356,jiis_trace_0356_s1,1,query_decomposition,0.8444,0.7623,0.1516,3,0.8484,0.8392,clean,0
jiis_trace_0356,jiis_trace_0356_s2,2,entity_binding,0.8391,0.7041,0.1061,3,0.8269,0.381,clean,0
jiis_trace_0356,jiis_trace_0356_s3,3,evidence_retrieval,0.7792,0.3424,0.3756,3,0.5968,0.7225,missing_evidence,1
jiis_trace_0356,jiis_trace_0356_s4,4,relation_check,0.7613,0.8082,0.4872,1,0.8932,0.4519,clean,0
jiis_trace_0356,jiis_trace_0356_s5,5,conflict_check,0.7659,0.8186,0.3619,0,0.733,0.3787,clean,0
jiis_trace_0356,jiis_trace_0356_s6,6,answer_synthesis,0.8847,0.798,0.521,0,0.8784,0.2642,clean,0
jiis_trace_0356,jiis_trace_0356_s7,7,query_decomposition,0.8169,0.7699,0.5759,3,0.8514,0.8795,clean,0
jiis_trace_0357,jiis_trace_0357_s1,1,query_decomposition,0.8981,0.8419,0.2086,3,0.7692,0.7963,clean,0
jiis_trace_0357,jiis_trace_0357_s2,2,entity_binding,0.7221,0.8514,0.5827,1,0.7968,0.3985,clean,0
jiis_trace_0357,jiis_trace_0357_s3,3,evidence_retrieval,0.8915,0.7852,0.8319,0,0.5898,0.7045,duplicate_support,1
jiis_trace_0357,jiis_trace_0357_s4,4,relation_check,0.8365,0.682,0.8413,1,0.81,0.6389,duplicate_support,1
jiis_trace_0357,jiis_trace_0357_s5,5,conflict_check,0.721,0.8768,0.8278,2,0.7831,0.3476,duplicate_support,1
jiis_trace_0357,jiis_trace_0357_s6,6,answer_synthesis,0.8823,0.667,0.4534,3,0.7455,0.8067,clean,0
jiis_trace_0357,jiis_trace_0357_s7,7,query_decomposition,0.7398,0.8689,0.1883,0,0.8893,0.5646,clean,0
jiis_trace_0357,jiis_trace_0357_s8,8,entity_binding,0.8467,0.704,0.4963,0,0.8007,0.3644,clean,0
jiis_trace_0358,jiis_trace_0358_s1,1,query_decomposition,0.8231,0.6218,0.2731,1,0.7659,0.8991,clean,0
jiis_trace_0358,jiis_trace_0358_s2,2,entity_binding,0.8651,0.8805,0.1269,3,0.6972,0.3981,dependency_bottleneck,1
jiis_trace_0358,jiis_trace_0358_s3,3,evidence_retrieval,0.8086,0.8108,0.405,3,0.849,0.2772,dependency_bottleneck,1
jiis_trace_0358,jiis_trace_0358_s4,4,relation_check,0.9039,0.7874,0.3487,2,0.7744,0.597,clean,0
jiis_trace_0358,jiis_trace_0358_s5,5,conflict_check,0.7596,0.7328,0.4116,3,0.5529,0.3996,clean,0
jiis_trace_0358,jiis_trace_0358_s6,6,answer_synthesis,0.9095,0.8431,0.569,1,0.8791,0.5315,clean,0
jiis_trace_0358,jiis_trace_0358_s7,7,query_decomposition,0.8795,0.8132,0.4985,0,0.7505,0.5459,clean,0
jiis_trace_0358,jiis_trace_0358_s8,8,entity_binding,0.7862,0.8601,0.595,3,0.8937,0.8369,clean,0
jiis_trace_0358,jiis_trace_0358_s9,9,evidence_retrieval,0.7344,0.6722,0.4945,3,0.8682,0.6056,clean,0
jiis_trace_0359,jiis_trace_0359_s1,1,query_decomposition,0.7264,0.6421,0.0864,2,0.7681,0.8556,clean,0
jiis_trace_0359,jiis_trace_0359_s2,2,entity_binding,0.825,0.6887,0.245,1,0.7231,0.2553,clean,0
jiis_trace_0359,jiis_trace_0359_s3,3,evidence_retrieval,0.782,0.7384,0.2163,0,0.8967,0.6502,clean,0
jiis_trace_0359,jiis_trace_0359_s4,4,relation_check,0.8124,0.8448,0.2923,3,0.8084,0.8097,clean,0
jiis_trace_0359,jiis_trace_0359_s5,5,conflict_check,0.8375,0.7111,0.6207,2,0.2639,0.2667,temporal_conflict,1
jiis_trace_0359,jiis_trace_0359_s6,6,answer_synthesis,0.7669,0.6484,0.6022,1,0.8296,0.6218,clean,0
jiis_trace_0359,jiis_trace_0359_s7,7,query_decomposition,0.7663,0.8194,0.2756,2,0.5977,0.7295,clean,0
jiis_trace_0359,jiis_trace_0359_s8,8,entity_binding,0.7661,0.7257,0.144,3,0.5842,0.5711,clean,0
jiis_trace_0359,jiis_trace_0359_s9,9,evidence_retrieval,0.8621,0.8766,0.3308,3,0.7395,0.709,clean,0
jiis_trace_0359,jiis_trace_0359_s10,10,relation_check,0.7778,0.8532,0.6086,1,0.6591,0.7402,clean,0
jiis_trace_0360,jiis_trace_0360_s1,1,query_decomposition,0.9195,0.6838,0.2786,1,0.6323,0.6169,clean,0
jiis_trace_0360,jiis_trace_0360_s2,2,entity_binding,0.2858,0.8019,0.3199,0,0.6843,0.241,entity_binding_error,1
jiis_trace_0360,jiis_trace_0360_s3,3,evidence_retrieval,0.8405,0.8628,0.1534,2,0.7941,0.5366,clean,0
jiis_trace_0360,jiis_trace_0360_s4,4,relation_check,0.7352,0.6349,0.399,0,0.6475,0.3837,clean,0
jiis_trace_0360,jiis_trace_0360_s5,5,conflict_check,0.8675,0.8118,0.6216,1,0.7967,0.5508,clean,0
jiis_trace_0360,jiis_trace_0360_s6,6,answer_synthesis,0.8438,0.7567,0.145,3,0.6423,0.7782,clean,0
jiis_trace_0361,jiis_trace_0361_s1,1,query_decomposition,0.8133,0.826,0.2267,0,0.6669,0.52,clean,0
jiis_trace_0361,jiis_trace_0361_s2,2,entity_binding,0.8852,0.6523,0.4723,0,0.6144,0.2558,clean,0
jiis_trace_0361,jiis_trace_0361_s3,3,evidence_retrieval,0.7794,0.3069,0.1135,1,0.8366,0.6332,missing_evidence,1
jiis_trace_0361,jiis_trace_0361_s4,4,relation_check,0.8034,0.7218,0.2168,0,0.6737,0.4198,clean,0
jiis_trace_0361,jiis_trace_0361_s5,5,conflict_check,0.7827,0.8455,0.1273,0,0.6506,0.799,clean,0
jiis_trace_0361,jiis_trace_0361_s6,6,answer_synthesis,0.7633,0.7809,0.1584,2,0.8736,0.5243,clean,0
jiis_trace_0361,jiis_trace_0361_s7,7,query_decomposition,0.913,0.8079,0.501,2,0.6613,0.4966,clean,0
jiis_trace_0362,jiis_trace_0362_s1,1,query_decomposition,0.7307,0.878,0.5223,0,0.8506,0.7068,clean,0
jiis_trace_0362,jiis_trace_0362_s2,2,entity_binding,0.743,0.7523,0.4958,0,0.7726,0.5915,clean,0
jiis_trace_0362,jiis_trace_0362_s3,3,evidence_retrieval,0.9026,0.6557,0.8295,0,0.8083,0.6316,duplicate_support,1
jiis_trace_0362,jiis_trace_0362_s4,4,relation_check,0.7659,0.7077,0.8481,2,0.5829,0.4551,duplicate_support,1
jiis_trace_0362,jiis_trace_0362_s5,5,conflict_check,0.8712,0.8381,0.8442,0,0.6794,0.4266,duplicate_support,1
jiis_trace_0362,jiis_trace_0362_s6,6,answer_synthesis,0.8705,0.7902,0.4171,0,0.6243,0.2766,clean,0
jiis_trace_0362,jiis_trace_0362_s7,7,query_decomposition,0.7601,0.7753,0.1532,2,0.637,0.3032,clean,0
jiis_trace_0362,jiis_trace_0362_s8,8,entity_binding,0.9074,0.66,0.282,2,0.7153,0.3053,clean,0
jiis_trace_0363,jiis_trace_0363_s1,1,query_decomposition,0.7674,0.8683,0.196,2,0.8962,0.2611,clean,0
jiis_trace_0363,jiis_trace_0363_s2,2,entity_binding,0.9112,0.8,0.0957,3,0.8731,0.2337,dependency_bottleneck,1
jiis_trace_0363,jiis_trace_0363_s3,3,evidence_retrieval,0.8,0.801,0.232,3,0.7931,0.4191,dependency_bottleneck,1
jiis_trace_0363,jiis_trace_0363_s4,4,relation_check,0.7451,0.7671,0.4009,1,0.8056,0.8518,clean,0
jiis_trace_0363,jiis_trace_0363_s5,5,conflict_check,0.8115,0.7388,0.5572,1,0.696,0.8252,clean,0
jiis_trace_0363,jiis_trace_0363_s6,6,answer_synthesis,0.8874,0.7345,0.109,2,0.6548,0.4254,clean,0
jiis_trace_0363,jiis_trace_0363_s7,7,query_decomposition,0.8889,0.6907,0.3428,3,0.5912,0.6725,clean,0
jiis_trace_0363,jiis_trace_0363_s8,8,entity_binding,0.7982,0.7501,0.3282,2,0.6528,0.6503,clean,0
jiis_trace_0363,jiis_trace_0363_s9,9,evidence_retrieval,0.7942,0.862,0.4656,0,0.7618,0.7043,clean,0
jiis_trace_0364,jiis_trace_0364_s1,1,query_decomposition,0.8442,0.8125,0.3833,1,0.8801,0.8469,clean,0
jiis_trace_0364,jiis_trace_0364_s2,2,entity_binding,0.8429,0.8681,0.6188,1,0.7969,0.4205,clean,0
jiis_trace_0364,jiis_trace_0364_s3,3,evidence_retrieval,0.7993,0.8751,0.6263,2,0.6822,0.211,clean,0
jiis_trace_0364,jiis_trace_0364_s4,4,relation_check,0.7753,0.6938,0.6202,1,0.7152,0.2661,clean,0
jiis_trace_0364,jiis_trace_0364_s5,5,conflict_check,0.8558,0.805,0.6244,3,0.2311,0.4956,temporal_conflict,1
jiis_trace_0364,jiis_trace_0364_s6,6,answer_synthesis,0.7866,0.6875,0.1966,0,0.6738,0.8435,clean,0
jiis_trace_0364,jiis_trace_0364_s7,7,query_decomposition,0.7812,0.888,0.4666,3,0.8855,0.7108,clean,0
jiis_trace_0364,jiis_trace_0364_s8,8,entity_binding,0.8834,0.8174,0.3681,2,0.7013,0.2274,clean,0
jiis_trace_0364,jiis_trace_0364_s9,9,evidence_retrieval,0.7864,0.7488,0.259,1,0.6792,0.6367,clean,0
jiis_trace_0364,jiis_trace_0364_s10,10,relation_check,0.7999,0.7191,0.6028,0,0.801,0.2566,clean,0
jiis_trace_0365,jiis_trace_0365_s1,1,query_decomposition,0.885,0.8434,0.1098,1,0.7436,0.3688,clean,0
jiis_trace_0365,jiis_trace_0365_s2,2,entity_binding,0.3345,0.6839,0.2321,3,0.58,0.2592,entity_binding_error,1
jiis_trace_0365,jiis_trace_0365_s3,3,evidence_retrieval,0.9062,0.7533,0.5547,0,0.5518,0.2874,clean,0
jiis_trace_0365,jiis_trace_0365_s4,4,relation_check,0.7257,0.7518,0.5497,3,0.7236,0.2661,clean,0
jiis_trace_0365,jiis_trace_0365_s5,5,conflict_check,0.8661,0.6489,0.5689,2,0.7411,0.88,clean,0
jiis_trace_0365,jiis_trace_0365_s6,6,answer_synthesis,0.816,0.8295,0.3787,3,0.7393,0.5028,clean,0
jiis_trace_0366,jiis_trace_0366_s1,1,query_decomposition,0.7554,0.7054,0.1593,2,0.7811,0.7691,clean,0
jiis_trace_0366,jiis_trace_0366_s2,2,entity_binding,0.8789,0.6669,0.1412,0,0.5652,0.8914,clean,0
jiis_trace_0366,jiis_trace_0366_s3,3,evidence_retrieval,0.8794,0.3167,0.5346,3,0.8055,0.8937,missing_evidence,1
jiis_trace_0366,jiis_trace_0366_s4,4,relation_check,0.8172,0.7186,0.1345,0,0.8988,0.2323,clean,0
jiis_trace_0366,jiis_trace_0366_s5,5,conflict_check,0.8486,0.8098,0.6262,0,0.6635,0.2023,clean,0
jiis_trace_0366,jiis_trace_0366_s6,6,answer_synthesis,0.7654,0.7439,0.4654,0,0.5886,0.6285,clean,0
jiis_trace_0366,jiis_trace_0366_s7,7,query_decomposition,0.8485,0.8441,0.4419,0,0.6899,0.3711,clean,0
jiis_trace_0367,jiis_trace_0367_s1,1,query_decomposition,0.9013,0.7507,0.3753,2,0.8289,0.8357,clean,0
jiis_trace_0367,jiis_trace_0367_s2,2,entity_binding,0.7539,0.6492,0.5071,0,0.7237,0.6316,clean,0
jiis_trace_0367,jiis_trace_0367_s3,3,evidence_retrieval,0.8563,0.7555,0.8388,1,0.6888,0.5787,duplicate_support,1
jiis_trace_0367,jiis_trace_0367_s4,4,relation_check,0.762,0.6947,0.8207,1,0.7499,0.6265,duplicate_support,1
jiis_trace_0367,jiis_trace_0367_s5,5,conflict_check,0.8522,0.7655,0.8578,0,0.6687,0.7435,duplicate_support,1
jiis_trace_0367,jiis_trace_0367_s6,6,answer_synthesis,0.7272,0.7541,0.5911,0,0.7445,0.6939,clean,0
jiis_trace_0367,jiis_trace_0367_s7,7,query_decomposition,0.8811,0.6956,0.3769,0,0.7483,0.2941,clean,0
jiis_trace_0367,jiis_trace_0367_s8,8,entity_binding,0.8554,0.711,0.6257,1,0.6822,0.4887,clean,0
jiis_trace_0368,jiis_trace_0368_s1,1,query_decomposition,0.7848,0.6512,0.2493,2,0.7717,0.4221,clean,0
jiis_trace_0368,jiis_trace_0368_s2,2,entity_binding,0.8555,0.8,0.2966,3,0.8914,0.7075,dependency_bottleneck,1
jiis_trace_0368,jiis_trace_0368_s3,3,evidence_retrieval,0.7348,0.8906,0.3098,3,0.7197,0.2558,dependency_bottleneck,1
jiis_trace_0368,jiis_trace_0368_s4,4,relation_check,0.7852,0.804,0.1753,3,0.7186,0.6617,clean,0
jiis_trace_0368,jiis_trace_0368_s5,5,conflict_check,0.7808,0.6347,0.5213,2,0.6844,0.6562,clean,0
jiis_trace_0368,jiis_trace_0368_s6,6,answer_synthesis,0.8995,0.8266,0.3277,1,0.8496,0.609,clean,0
jiis_trace_0368,jiis_trace_0368_s7,7,query_decomposition,0.8499,0.7588,0.4331,3,0.776,0.2282,clean,0
jiis_trace_0368,jiis_trace_0368_s8,8,entity_binding,0.7985,0.7709,0.6055,1,0.6316,0.8517,clean,0
jiis_trace_0368,jiis_trace_0368_s9,9,evidence_retrieval,0.8891,0.8537,0.0975,1,0.6253,0.3416,clean,0
jiis_trace_0369,jiis_trace_0369_s1,1,query_decomposition,0.9052,0.8029,0.0894,3,0.8018,0.4503,clean,0
jiis_trace_0369,jiis_trace_0369_s2,2,entity_binding,0.8441,0.8141,0.2743,2,0.5865,0.5626,clean,0
jiis_trace_0369,jiis_trace_0369_s3,3,evidence_retrieval,0.7996,0.6594,0.5899,2,0.8329,0.8374,clean,0
jiis_trace_0369,jiis_trace_0369_s4,4,relation_check,0.839,0.7224,0.629,3,0.626,0.8304,clean,0
jiis_trace_0369,jiis_trace_0369_s5,5,conflict_check,0.7509,0.771,0.5873,2,0.29,0.8176,temporal_conflict,1
jiis_trace_0369,jiis_trace_0369_s6,6,answer_synthesis,0.8253,0.811,0.3459,1,0.6272,0.4042,clean,0
jiis_trace_0369,jiis_trace_0369_s7,7,query_decomposition,0.7226,0.8042,0.1594,2,0.7013,0.3604,clean,0
jiis_trace_0369,jiis_trace_0369_s8,8,entity_binding,0.8242,0.785,0.4155,1,0.7863,0.4961,clean,0
jiis_trace_0369,jiis_trace_0369_s9,9,evidence_retrieval,0.8238,0.6581,0.5825,0,0.7816,0.8766,clean,0
jiis_trace_0369,jiis_trace_0369_s10,10,relation_check,0.8081,0.7712,0.4614,3,0.8492,0.4512,clean,0
jiis_trace_0370,jiis_trace_0370_s1,1,query_decomposition,0.7357,0.8853,0.4791,3,0.856,0.4434,clean,0
jiis_trace_0370,jiis_trace_0370_s2,2,entity_binding,0.3317,0.8254,0.5476,1,0.6565,0.6161,entity_binding_error,1
jiis_trace_0370,jiis_trace_0370_s3,3,evidence_retrieval,0.8492,0.8891,0.087,2,0.8567,0.4105,clean,0
jiis_trace_0370,jiis_trace_0370_s4,4,relation_check,0.7403,0.8934,0.3716,2,0.7763,0.2449,clean,0
jiis_trace_0370,jiis_trace_0370_s5,5,conflict_check,0.7735,0.8658,0.4228,3,0.669,0.8701,clean,0
jiis_trace_0370,jiis_trace_0370_s6,6,answer_synthesis,0.7316,0.8605,0.1804,3,0.8719,0.8947,clean,0
jiis_trace_0371,jiis_trace_0371_s1,1,query_decomposition,0.7477,0.6601,0.3381,3,0.6727,0.7812,clean,0
jiis_trace_0371,jiis_trace_0371_s2,2,entity_binding,0.7224,0.7312,0.2044,3,0.7864,0.2601,clean,0
jiis_trace_0371,jiis_trace_0371_s3,3,evidence_retrieval,0.7581,0.3116,0.0849,0,0.7231,0.7755,missing_evidence,1
jiis_trace_0371,jiis_trace_0371_s4,4,relation_check,0.9171,0.8957,0.3875,1,0.8455,0.6664,clean,0
jiis_trace_0371,jiis_trace_0371_s5,5,conflict_check,0.7879,0.8489,0.4945,1,0.768,0.6429,clean,0
jiis_trace_0371,jiis_trace_0371_s6,6,answer_synthesis,0.7867,0.893,0.4558,3,0.6914,0.5177,clean,0
jiis_trace_0371,jiis_trace_0371_s7,7,query_decomposition,0.8546,0.8169,0.0998,3,0.8189,0.3451,clean,0
jiis_trace_0372,jiis_trace_0372_s1,1,query_decomposition,0.8416,0.7547,0.3316,1,0.7901,0.6771,clean,0
jiis_trace_0372,jiis_trace_0372_s2,2,entity_binding,0.8784,0.6261,0.5397,3,0.5854,0.5558,clean,0
jiis_trace_0372,jiis_trace_0372_s3,3,evidence_retrieval,0.7703,0.6624,0.8314,1,0.8662,0.4592,duplicate_support,1
jiis_trace_0372,jiis_trace_0372_s4,4,relation_check,0.8107,0.6719,0.8462,2,0.6309,0.7293,duplicate_support,1
jiis_trace_0372,jiis_trace_0372_s5,5,conflict_check,0.8905,0.7403,0.8505,3,0.6959,0.5561,duplicate_support,1
jiis_trace_0372,jiis_trace_0372_s6,6,answer_synthesis,0.8405,0.8479,0.4396,3,0.6485,0.8,clean,0
jiis_trace_0372,jiis_trace_0372_s7,7,query_decomposition,0.7742,0.647,0.5353,3,0.6518,0.4504,clean,0
jiis_trace_0372,jiis_trace_0372_s8,8,entity_binding,0.7421,0.7818,0.382,3,0.7815,0.4267,clean,0
jiis_trace_0373,jiis_trace_0373_s1,1,query_decomposition,0.9124,0.7336,0.165,3,0.6599,0.496,clean,0
jiis_trace_0373,jiis_trace_0373_s2,2,entity_binding,0.8718,0.8,0.3922,3,0.6012,0.8968,dependency_bottleneck,1
jiis_trace_0373,jiis_trace_0373_s3,3,evidence_retrieval,0.787,0.8509,0.1871,3,0.6273,0.6045,dependency_bottleneck,1
jiis_trace_0373,jiis_trace_0373_s4,4,relation_check,0.8239,0.786,0.47,2,0.6367,0.2848,clean,0
jiis_trace_0373,jiis_trace_0373_s5,5,conflict_check,0.7384,0.6707,0.5789,3,0.7715,0.7487,clean,0
jiis_trace_0373,jiis_trace_0373_s6,6,answer_synthesis,0.8068,0.7043,0.1615,0,0.6149,0.734,clean,0
jiis_trace_0373,jiis_trace_0373_s7,7,query_decomposition,0.7878,0.6999,0.4738,2,0.8658,0.2976,clean,0
jiis_trace_0373,jiis_trace_0373_s8,8,entity_binding,0.7604,0.7942,0.4112,2,0.6753,0.6029,clean,0
jiis_trace_0373,jiis_trace_0373_s9,9,evidence_retrieval,0.7861,0.8713,0.2845,3,0.7434,0.5867,clean,0
jiis_trace_0374,jiis_trace_0374_s1,1,query_decomposition,0.7493,0.6777,0.1255,0,0.6177,0.4105,clean,0
jiis_trace_0374,jiis_trace_0374_s2,2,entity_binding,0.8187,0.8547,0.1346,3,0.7777,0.6608,clean,0
jiis_trace_0374,jiis_trace_0374_s3,3,evidence_retrieval,0.7742,0.637,0.1991,3,0.5869,0.8279,clean,0
jiis_trace_0374,jiis_trace_0374_s4,4,relation_check,0.8248,0.8459,0.4747,1,0.6586,0.3284,clean,0
jiis_trace_0374,jiis_trace_0374_s5,5,conflict_check,0.7472,0.6561,0.291,0,0.2778,0.8212,temporal_conflict,1
jiis_trace_0374,jiis_trace_0374_s6,6,answer_synthesis,0.8157,0.8699,0.2108,2,0.8011,0.2667,clean,0
jiis_trace_0374,jiis_trace_0374_s7,7,query_decomposition,0.7789,0.8234,0.3558,1,0.7822,0.208,clean,0
jiis_trace_0374,jiis_trace_0374_s8,8,entity_binding,0.8815,0.6615,0.1498,3,0.6588,0.4548,clean,0
jiis_trace_0374,jiis_trace_0374_s9,9,evidence_retrieval,0.745,0.8944,0.5623,2,0.6727,0.802,clean,0
jiis_trace_0374,jiis_trace_0374_s10,10,relation_check,0.8134,0.8986,0.3966,0,0.7439,0.4904,clean,0
jiis_trace_0375,jiis_trace_0375_s1,1,query_decomposition,0.8757,0.7479,0.4517,3,0.6306,0.8108,clean,0
jiis_trace_0375,jiis_trace_0375_s2,2,entity_binding,0.3139,0.7409,0.5404,0,0.8091,0.6248,entity_binding_error,1
jiis_trace_0375,jiis_trace_0375_s3,3,evidence_retrieval,0.8476,0.6303,0.5986,3,0.5909,0.6665,clean,0
jiis_trace_0375,jiis_trace_0375_s4,4,relation_check,0.7796,0.8496,0.1701,2,0.6804,0.8434,clean,0
jiis_trace_0375,jiis_trace_0375_s5,5,conflict_check,0.7923,0.6718,0.118,1,0.5619,0.3417,clean,0
jiis_trace_0375,jiis_trace_0375_s6,6,answer_synthesis,0.807,0.7607,0.1607,1,0.5569,0.7016,clean,0
jiis_trace_0376,jiis_trace_0376_s1,1,query_decomposition,0.7578,0.6941,0.5505,2,0.5735,0.2856,clean,0
jiis_trace_0376,jiis_trace_0376_s2,2,entity_binding,0.8356,0.7865,0.3485,3,0.7995,0.7822,clean,0
jiis_trace_0376,jiis_trace_0376_s3,3,evidence_retrieval,0.8287,0.3387,0.2032,1,0.7516,0.7464,missing_evidence,1
jiis_trace_0376,jiis_trace_0376_s4,4,relation_check,0.7433,0.6422,0.3948,0,0.6546,0.5282,clean,0
jiis_trace_0376,jiis_trace_0376_s5,5,conflict_check,0.8051,0.879,0.1062,2,0.8952,0.6098,clean,0
jiis_trace_0376,jiis_trace_0376_s6,6,answer_synthesis,0.8586,0.7095,0.5086,2,0.7678,0.6714,clean,0
jiis_trace_0376,jiis_trace_0376_s7,7,query_decomposition,0.8497,0.8982,0.1801,0,0.7356,0.5545,clean,0
jiis_trace_0377,jiis_trace_0377_s1,1,query_decomposition,0.7315,0.7436,0.1064,2,0.8409,0.7179,clean,0
jiis_trace_0377,jiis_trace_0377_s2,2,entity_binding,0.8356,0.8107,0.5575,1,0.5893,0.2974,clean,0
jiis_trace_0377,jiis_trace_0377_s3,3,evidence_retrieval,0.8229,0.6359,0.8505,1,0.551,0.8262,duplicate_support,1
jiis_trace_0377,jiis_trace_0377_s4,4,relation_check,0.8183,0.6694,0.838,2,0.7318,0.5416,duplicate_support,1
jiis_trace_0377,jiis_trace_0377_s5,5,conflict_check,0.7366,0.8725,0.8272,0,0.8669,0.761,duplicate_support,1
jiis_trace_0377,jiis_trace_0377_s6,6,answer_synthesis,0.729,0.8249,0.2761,1,0.6795,0.4934,clean,0
jiis_trace_0377,jiis_trace_0377_s7,7,query_decomposition,0.9015,0.6318,0.5445,0,0.5691,0.8758,clean,0
jiis_trace_0377,jiis_trace_0377_s8,8,entity_binding,0.7563,0.7865,0.5619,3,0.5746,0.8177,clean,0
jiis_trace_0378,jiis_trace_0378_s1,1,query_decomposition,0.8529,0.6381,0.1377,3,0.7005,0.78,clean,0
jiis_trace_0378,jiis_trace_0378_s2,2,entity_binding,0.8605,0.8,0.2396,3,0.8052,0.3523,dependency_bottleneck,1
jiis_trace_0378,jiis_trace_0378_s3,3,evidence_retrieval,0.908,0.8,0.0926,3,0.8469,0.4334,dependency_bottleneck,1
jiis_trace_0378,jiis_trace_0378_s4,4,relation_check,0.7885,0.882,0.1546,2,0.8929,0.2188,clean,0
jiis_trace_0378,jiis_trace_0378_s5,5,conflict_check,0.8635,0.8151,0.2051,2,0.6835,0.7121,clean,0
jiis_trace_0378,jiis_trace_0378_s6,6,answer_synthesis,0.7523,0.6315,0.258,1,0.6693,0.3718,clean,0
jiis_trace_0378,jiis_trace_0378_s7,7,query_decomposition,0.8919,0.8226,0.5892,2,0.6615,0.7502,clean,0
jiis_trace_0378,jiis_trace_0378_s8,8,entity_binding,0.8957,0.6815,0.2179,2,0.5606,0.6968,clean,0
jiis_trace_0378,jiis_trace_0378_s9,9,evidence_retrieval,0.7351,0.6446,0.428,2,0.6317,0.5496,clean,0
jiis_trace_0379,jiis_trace_0379_s1,1,query_decomposition,0.7938,0.8866,0.5706,0,0.8081,0.4901,clean,0
jiis_trace_0379,jiis_trace_0379_s2,2,entity_binding,0.7531,0.7429,0.2909,3,0.5794,0.2752,clean,0
jiis_trace_0379,jiis_trace_0379_s3,3,evidence_retrieval,0.7819,0.7041,0.5742,3,0.6447,0.4428,clean,0
jiis_trace_0379,jiis_trace_0379_s4,4,relation_check,0.9137,0.6964,0.3854,3,0.8259,0.8801,clean,0
jiis_trace_0379,jiis_trace_0379_s5,5,conflict_check,0.7336,0.7597,0.3961,3,0.2344,0.6311,temporal_conflict,1
jiis_trace_0379,jiis_trace_0379_s6,6,answer_synthesis,0.7656,0.7232,0.2083,1,0.7885,0.6886,clean,0
jiis_trace_0379,jiis_trace_0379_s7,7,query_decomposition,0.9073,0.856,0.3685,1,0.6408,0.5568,clean,0
jiis_trace_0379,jiis_trace_0379_s8,8,entity_binding,0.8996,0.6926,0.1713,3,0.8128,0.3292,clean,0
jiis_trace_0379,jiis_trace_0379_s9,9,evidence_retrieval,0.8991,0.6708,0.44,0,0.6238,0.331,clean,0
jiis_trace_0379,jiis_trace_0379_s10,10,relation_check,0.918,0.8849,0.4531,3,0.6593,0.2909,clean,0
jiis_trace_0380,jiis_trace_0380_s1,1,query_decomposition,0.7842,0.7152,0.1306,3,0.7624,0.3603,clean,0
jiis_trace_0380,jiis_trace_0380_s2,2,entity_binding,0.3132,0.6711,0.4335,1,0.7567,0.2307,entity_binding_error,1
jiis_trace_0380,jiis_trace_0380_s3,3,evidence_retrieval,0.7989,0.7887,0.6165,3,0.5979,0.3318,clean,0
jiis_trace_0380,jiis_trace_0380_s4,4,relation_check,0.8854,0.7207,0.1202,1,0.8915,0.2087,clean,0
jiis_trace_0380,jiis_trace_0380_s5,5,conflict_check,0.9153,0.8906,0.3843,0,0.7829,0.7859,clean,0
jiis_trace_0380,jiis_trace_0380_s6,6,answer_synthesis,0.8707,0.8628,0.1377,2,0.5995,0.8663,clean,0
jiis_trace_0381,jiis_trace_0381_s1,1,query_decomposition,0.8512,0.7038,0.5332,0,0.8781,0.8653,clean,0
jiis_trace_0381,jiis_trace_0381_s2,2,entity_binding,0.7312,0.8198,0.5516,2,0.7528,0.6541,clean,0
jiis_trace_0381,jiis_trace_0381_s3,3,evidence_retrieval,0.8178,0.3226,0.5384,3,0.7524,0.7833,missing_evidence,1
jiis_trace_0381,jiis_trace_0381_s4,4,relation_check,0.9193,0.7169,0.3035,1,0.563,0.6797,clean,0
jiis_trace_0381,jiis_trace_0381_s5,5,conflict_check,0.8805,0.7439,0.1886,0,0.8995,0.5869,clean,0
jiis_trace_0381,jiis_trace_0381_s6,6,answer_synthesis,0.7437,0.6842,0.15,1,0.6713,0.474,clean,0
jiis_trace_0381,jiis_trace_0381_s7,7,query_decomposition,0.8708,0.8703,0.2829,2,0.887,0.8207,clean,0
jiis_trace_0382,jiis_trace_0382_s1,1,query_decomposition,0.9066,0.7705,0.2755,2,0.7447,0.5041,clean,0
jiis_trace_0382,jiis_trace_0382_s2,2,entity_binding,0.9122,0.7121,0.1564,3,0.6432,0.2562,clean,0
jiis_trace_0382,jiis_trace_0382_s3,3,evidence_retrieval,0.813,0.8944,0.8566,0,0.6301,0.3609,duplicate_support,1
jiis_trace_0382,jiis_trace_0382_s4,4,relation_check,0.7633,0.747,0.839,1,0.8713,0.7856,duplicate_support,1
jiis_trace_0382,jiis_trace_0382_s5,5,conflict_check,0.8067,0.7334,0.8225,0,0.5681,0.7176,duplicate_support,1
jiis_trace_0382,jiis_trace_0382_s6,6,answer_synthesis,0.8499,0.6455,0.388,3,0.8296,0.8529,clean,0
jiis_trace_0382,jiis_trace_0382_s7,7,query_decomposition,0.7975,0.8128,0.3833,0,0.5901,0.4157,clean,0
jiis_trace_0382,jiis_trace_0382_s8,8,entity_binding,0.8376,0.8964,0.2101,2,0.5632,0.5255,clean,0
jiis_trace_0383,jiis_trace_0383_s1,1,query_decomposition,0.7837,0.7382,0.3404,0,0.8628,0.7421,clean,0
jiis_trace_0383,jiis_trace_0383_s2,2,entity_binding,0.8195,0.8525,0.4809,3,0.6628,0.7172,dependency_bottleneck,1
jiis_trace_0383,jiis_trace_0383_s3,3,evidence_retrieval,0.7299,0.8,0.1456,3,0.7097,0.4614,dependency_bottleneck,1
jiis_trace_0383,jiis_trace_0383_s4,4,relation_check,0.865,0.6343,0.5647,0,0.7101,0.5135,clean,0
jiis_trace_0383,jiis_trace_0383_s5,5,conflict_check,0.7872,0.8965,0.3477,1,0.6845,0.4605,clean,0
jiis_trace_0383,jiis_trace_0383_s6,6,answer_synthesis,0.8161,0.768,0.1777,1,0.7597,0.3957,clean,0
jiis_trace_0383,jiis_trace_0383_s7,7,query_decomposition,0.7733,0.7692,0.3146,2,0.829,0.6803,clean,0
jiis_trace_0383,jiis_trace_0383_s8,8,entity_binding,0.8562,0.8837,0.5768,2,0.6131,0.771,clean,0
jiis_trace_0383,jiis_trace_0383_s9,9,evidence_retrieval,0.7633,0.8924,0.2856,1,0.6558,0.4572,clean,0
jiis_trace_0384,jiis_trace_0384_s1,1,query_decomposition,0.9156,0.773,0.3932,0,0.6995,0.3688,clean,0
jiis_trace_0384,jiis_trace_0384_s2,2,entity_binding,0.7558,0.8685,0.5715,2,0.7216,0.8201,clean,0
jiis_trace_0384,jiis_trace_0384_s3,3,evidence_retrieval,0.9012,0.7344,0.3967,2,0.6537,0.4854,clean,0
jiis_trace_0384,jiis_trace_0384_s4,4,relation_check,0.8895,0.6546,0.127,3,0.858,0.3169,clean,0
jiis_trace_0384,jiis_trace_0384_s5,5,conflict_check,0.7756,0.8509,0.357,1,0.258,0.6578,temporal_conflict,1
jiis_trace_0384,jiis_trace_0384_s6,6,answer_synthesis,0.8167,0.8733,0.6003,3,0.8685,0.3356,clean,0
jiis_trace_0384,jiis_trace_0384_s7,7,query_decomposition,0.7482,0.8057,0.253,2,0.8203,0.3805,clean,0
jiis_trace_0384,jiis_trace_0384_s8,8,entity_binding,0.9104,0.7425,0.1687,0,0.5713,0.2567,clean,0
jiis_trace_0384,jiis_trace_0384_s9,9,evidence_retrieval,0.8774,0.8474,0.1805,0,0.7344,0.5331,clean,0
jiis_trace_0384,jiis_trace_0384_s10,10,relation_check,0.8293,0.7715,0.0852,1,0.6467,0.5303,clean,0
jiis_trace_0385,jiis_trace_0385_s1,1,query_decomposition,0.874,0.8935,0.2896,1,0.89,0.3089,clean,0
jiis_trace_0385,jiis_trace_0385_s2,2,entity_binding,0.3204,0.8091,0.2794,2,0.7389,0.5254,entity_binding_error,1
jiis_trace_0385,jiis_trace_0385_s3,3,evidence_retrieval,0.9193,0.8304,0.4626,1,0.6393,0.6616,clean,0
jiis_trace_0385,jiis_trace_0385_s4,4,relation_check,0.7787,0.7554,0.4363,1,0.7662,0.582,clean,0
jiis_trace_0385,jiis_trace_0385_s5,5,conflict_check,0.7833,0.6377,0.5478,3,0.6185,0.4265,clean,0
jiis_trace_0385,jiis_trace_0385_s6,6,answer_synthesis,0.7914,0.8491,0.4883,2,0.5734,0.2967,clean,0
jiis_trace_0386,jiis_trace_0386_s1,1,query_decomposition,0.7619,0.6503,0.2915,1,0.6798,0.5779,clean,0
jiis_trace_0386,jiis_trace_0386_s2,2,entity_binding,0.8094,0.8495,0.5232,3,0.6407,0.5043,clean,0
jiis_trace_0386,jiis_trace_0386_s3,3,evidence_retrieval,0.8586,0.3039,0.0939,2,0.6602,0.6578,missing_evidence,1
jiis_trace_0386,jiis_trace_0386_s4,4,relation_check,0.7555,0.8555,0.148,1,0.7197,0.6098,clean,0
jiis_trace_0386,jiis_trace_0386_s5,5,conflict_check,0.8529,0.8323,0.4771,0,0.6992,0.2047,clean,0
jiis_trace_0386,jiis_trace_0386_s6,6,answer_synthesis,0.9022,0.7316,0.6146,0,0.7963,0.3701,clean,0
jiis_trace_0386,jiis_trace_0386_s7,7,query_decomposition,0.9112,0.841,0.2793,3,0.8811,0.3549,clean,0
jiis_trace_0387,jiis_trace_0387_s1,1,query_decomposition,0.8079,0.6731,0.3062,1,0.8574,0.3001,clean,0
jiis_trace_0387,jiis_trace_0387_s2,2,entity_binding,0.9157,0.7805,0.1629,2,0.7955,0.4913,clean,0
jiis_trace_0387,jiis_trace_0387_s3,3,evidence_retrieval,0.7937,0.7339,0.8467,3,0.7453,0.6462,duplicate_support,1
jiis_trace_0387,jiis_trace_0387_s4,4,relation_check,0.8343,0.6307,0.8425,2,0.6611,0.6871,duplicate_support,1
jiis_trace_0387,jiis_trace_0387_s5,5,conflict_check,0.7816,0.8178,0.8202,0,0.8052,0.6665,duplicate_support,1
jiis_trace_0387,jiis_trace_0387_s6,6,answer_synthesis,0.8337,0.7187,0.4795,3,0.6534,0.2968,clean,0
jiis_trace_0387,jiis_trace_0387_s7,7,query_decomposition,0.7462,0.7975,0.093,3,0.7413,0.7232,clean,0
jiis_trace_0387,jiis_trace_0387_s8,8,entity_binding,0.9064,0.626,0.1615,1,0.7153,0.5078,clean,0
jiis_trace_0388,jiis_trace_0388_s1,1,query_decomposition,0.739,0.6484,0.2981,3,0.629,0.8708,clean,0
jiis_trace_0388,jiis_trace_0388_s2,2,entity_binding,0.8,0.8415,0.1043,3,0.7035,0.5767,dependency_bottleneck,1
jiis_trace_0388,jiis_trace_0388_s3,3,evidence_retrieval,0.9128,0.8105,0.1032,3,0.7568,0.3469,dependency_bottleneck,1
jiis_trace_0388,jiis_trace_0388_s4,4,relation_check,0.856,0.7586,0.5456,2,0.683,0.7808,clean,0
jiis_trace_0388,jiis_trace_0388_s5,5,conflict_check,0.731,0.6621,0.5922,0,0.6771,0.5631,clean,0
jiis_trace_0388,jiis_trace_0388_s6,6,answer_synthesis,0.9062,0.8283,0.3136,2,0.8791,0.8598,clean,0
jiis_trace_0388,jiis_trace_0388_s7,7,query_decomposition,0.8778,0.6919,0.2773,1,0.6595,0.6284,clean,0
jiis_trace_0388,jiis_trace_0388_s8,8,entity_binding,0.7449,0.6843,0.5171,1,0.6468,0.8455,clean,0
jiis_trace_0388,jiis_trace_0388_s9,9,evidence_retrieval,0.8438,0.8554,0.2476,0,0.7693,0.6383,clean,0
jiis_trace_0389,jiis_trace_0389_s1,1,query_decomposition,0.9047,0.8073,0.4571,2,0.8825,0.3322,clean,0
jiis_trace_0389,jiis_trace_0389_s2,2,entity_binding,0.7632,0.767,0.3995,0,0.765,0.3688,clean,0
jiis_trace_0389,jiis_trace_0389_s3,3,evidence_retrieval,0.9047,0.7462,0.2285,1,0.5761,0.4365,clean,0
jiis_trace_0389,jiis_trace_0389_s4,4,relation_check,0.744,0.871,0.6033,2,0.7486,0.4022,clean,0
jiis_trace_0389,jiis_trace_0389_s5,5,conflict_check,0.8744,0.6587,0.2576,2,0.2602,0.6826,temporal_conflict,1
jiis_trace_0389,jiis_trace_0389_s6,6,answer_synthesis,0.8793,0.6349,0.1401,3,0.8545,0.731,clean,0
jiis_trace_0389,jiis_trace_0389_s7,7,query_decomposition,0.7768,0.861,0.5665,1,0.867,0.8014,clean,0
jiis_trace_0389,jiis_trace_0389_s8,8,entity_binding,0.8981,0.6968,0.1691,0,0.7509,0.5646,clean,0
jiis_trace_0389,jiis_trace_0389_s9,9,evidence_retrieval,0.8131,0.6465,0.5755,1,0.6687,0.4447,clean,0
jiis_trace_0389,jiis_trace_0389_s10,10,relation_check,0.878,0.898,0.5396,2,0.8362,0.2149,clean,0
jiis_trace_0390,jiis_trace_0390_s1,1,query_decomposition,0.8064,0.8672,0.5304,3,0.7667,0.4752,clean,0
jiis_trace_0390,jiis_trace_0390_s2,2,entity_binding,0.312,0.8137,0.1293,2,0.6535,0.7439,entity_binding_error,1
jiis_trace_0390,jiis_trace_0390_s3,3,evidence_retrieval,0.8542,0.8928,0.6218,1,0.7861,0.2801,clean,0
jiis_trace_0390,jiis_trace_0390_s4,4,relation_check,0.751,0.8541,0.2871,3,0.799,0.8535,clean,0
jiis_trace_0390,jiis_trace_0390_s5,5,conflict_check,0.8531,0.6843,0.2064,0,0.694,0.8704,clean,0
jiis_trace_0390,jiis_trace_0390_s6,6,answer_synthesis,0.9158,0.6808,0.2546,1,0.6097,0.3728,clean,0
jiis_trace_0391,jiis_trace_0391_s1,1,query_decomposition,0.7684,0.7388,0.3994,2,0.671,0.7394,clean,0
jiis_trace_0391,jiis_trace_0391_s2,2,entity_binding,0.9037,0.6974,0.2966,0,0.7006,0.3342,clean,0
jiis_trace_0391,jiis_trace_0391_s3,3,evidence_retrieval,0.9029,0.3165,0.6118,3,0.5562,0.8671,missing_evidence,1
jiis_trace_0391,jiis_trace_0391_s4,4,relation_check,0.873,0.6646,0.2732,2,0.6993,0.5589,clean,0
jiis_trace_0391,jiis_trace_0391_s5,5,conflict_check,0.8693,0.6913,0.491,3,0.8292,0.3746,clean,0
jiis_trace_0391,jiis_trace_0391_s6,6,answer_synthesis,0.9072,0.6315,0.2119,1,0.6493,0.4053,clean,0
jiis_trace_0391,jiis_trace_0391_s7,7,query_decomposition,0.8555,0.713,0.309,2,0.8141,0.6566,clean,0
jiis_trace_0392,jiis_trace_0392_s1,1,query_decomposition,0.7695,0.7533,0.1063,3,0.7527,0.5802,clean,0
jiis_trace_0392,jiis_trace_0392_s2,2,entity_binding,0.9141,0.8671,0.1583,2,0.5845,0.5335,clean,0
jiis_trace_0392,jiis_trace_0392_s3,3,evidence_retrieval,0.7505,0.828,0.8424,3,0.8288,0.4911,duplicate_support,1
jiis_trace_0392,jiis_trace_0392_s4,4,relation_check,0.8249,0.707,0.8329,2,0.8217,0.2508,duplicate_support,1
jiis_trace_0392,jiis_trace_0392_s5,5,conflict_check,0.8997,0.7845,0.841,1,0.8384,0.807,duplicate_support,1
jiis_trace_0392,jiis_trace_0392_s6,6,answer_synthesis,0.7878,0.6403,0.2982,3,0.695,0.8982,clean,0
jiis_trace_0392,jiis_trace_0392_s7,7,query_decomposition,0.8927,0.6226,0.1713,2,0.6264,0.6561,clean,0
jiis_trace_0392,jiis_trace_0392_s8,8,entity_binding,0.802,0.8684,0.1019,3,0.6315,0.2383,clean,0
jiis_trace_0393,jiis_trace_0393_s1,1,query_decomposition,0.7553,0.628,0.4754,2,0.6889,0.4019,clean,0
jiis_trace_0393,jiis_trace_0393_s2,2,entity_binding,0.9143,0.8987,0.5605,3,0.5683,0.834,dependency_bottleneck,1
jiis_trace_0393,jiis_trace_0393_s3,3,evidence_retrieval,0.8007,0.8921,0.4743,3,0.7973,0.8698,dependency_bottleneck,1
jiis_trace_0393,jiis_trace_0393_s4,4,relation_check,0.8969,0.8773,0.508,2,0.6009,0.7253,clean,0
jiis_trace_0393,jiis_trace_0393_s5,5,conflict_check,0.8444,0.8516,0.3464,0,0.6376,0.2794,clean,0
jiis_trace_0393,jiis_trace_0393_s6,6,answer_synthesis,0.7279,0.7326,0.1226,0,0.6878,0.5031,clean,0
jiis_trace_0393,jiis_trace_0393_s7,7,query_decomposition,0.8923,0.823,0.5161,1,0.8269,0.6706,clean,0
jiis_trace_0393,jiis_trace_0393_s8,8,entity_binding,0.8185,0.6807,0.429,2,0.8989,0.8254,clean,0
jiis_trace_0393,jiis_trace_0393_s9,9,evidence_retrieval,0.7268,0.7446,0.1546,0,0.8962,0.869,clean,0
jiis_trace_0394,jiis_trace_0394_s1,1,query_decomposition,0.9199,0.688,0.1063,0,0.5889,0.3278,clean,0
jiis_trace_0394,jiis_trace_0394_s2,2,entity_binding,0.8715,0.6854,0.4502,2,0.7719,0.5166,clean,0
jiis_trace_0394,jiis_trace_0394_s3,3,evidence_retrieval,0.8263,0.8316,0.5597,1,0.8501,0.8254,clean,0
jiis_trace_0394,jiis_trace_0394_s4,4,relation_check,0.8891,0.7533,0.5029,3,0.7514,0.3102,clean,0
jiis_trace_0394,jiis_trace_0394_s5,5,conflict_check,0.7763,0.8826,0.1056,3,0.2298,0.2788,temporal_conflict,1
jiis_trace_0394,jiis_trace_0394_s6,6,answer_synthesis,0.7308,0.8951,0.0937,0,0.7348,0.4173,clean,0
jiis_trace_0394,jiis_trace_0394_s7,7,query_decomposition,0.8086,0.6401,0.5355,3,0.8072,0.8208,clean,0
jiis_trace_0394,jiis_trace_0394_s8,8,entity_binding,0.8509,0.8308,0.1645,1,0.8944,0.4317,clean,0
jiis_trace_0394,jiis_trace_0394_s9,9,evidence_retrieval,0.7442,0.8409,0.3557,1,0.6169,0.3537,clean,0
jiis_trace_0394,jiis_trace_0394_s10,10,relation_check,0.9104,0.8543,0.586,3,0.6572,0.5309,clean,0
jiis_trace_0395,jiis_trace_0395_s1,1,query_decomposition,0.8024,0.828,0.2497,1,0.8965,0.3527,clean,0
jiis_trace_0395,jiis_trace_0395_s2,2,entity_binding,0.2828,0.8823,0.0952,3,0.6942,0.7791,entity_binding_error,1
jiis_trace_0395,jiis_trace_0395_s3,3,evidence_retrieval,0.861,0.742,0.604,2,0.6786,0.7952,clean,0
jiis_trace_0395,jiis_trace_0395_s4,4,relation_check,0.8177,0.8092,0.4813,3,0.6317,0.7745,clean,0
jiis_trace_0395,jiis_trace_0395_s5,5,conflict_check,0.8601,0.8038,0.1936,2,0.6168,0.288,clean,0
jiis_trace_0395,jiis_trace_0395_s6,6,answer_synthesis,0.8815,0.7206,0.2548,0,0.771,0.813,clean,0
jiis_trace_0396,jiis_trace_0396_s1,1,query_decomposition,0.7552,0.7831,0.4711,2,0.5539,0.2564,clean,0
jiis_trace_0396,jiis_trace_0396_s2,2,entity_binding,0.7566,0.6544,0.1055,0,0.612,0.8249,clean,0
jiis_trace_0396,jiis_trace_0396_s3,3,evidence_retrieval,0.8062,0.3211,0.4933,0,0.7925,0.4805,missing_evidence,1
jiis_trace_0396,jiis_trace_0396_s4,4,relation_check,0.8629,0.6807,0.113,2,0.6695,0.5975,clean,0
jiis_trace_0396,jiis_trace_0396_s5,5,conflict_check,0.8901,0.7901,0.3774,3,0.8896,0.6888,clean,0
jiis_trace_0396,jiis_trace_0396_s6,6,answer_synthesis,0.9166,0.7203,0.3004,0,0.7599,0.3685,clean,0
jiis_trace_0396,jiis_trace_0396_s7,7,query_decomposition,0.8333,0.8439,0.5747,2,0.5579,0.6445,clean,0
jiis_trace_0397,jiis_trace_0397_s1,1,query_decomposition,0.7591,0.6277,0.2129,0,0.5633,0.6278,clean,0
jiis_trace_0397,jiis_trace_0397_s2,2,entity_binding,0.8824,0.774,0.1209,1,0.5502,0.2681,clean,0
jiis_trace_0397,jiis_trace_0397_s3,3,evidence_retrieval,0.8588,0.7598,0.8223,3,0.6729,0.3048,duplicate_support,1
jiis_trace_0397,jiis_trace_0397_s4,4,relation_check,0.7933,0.7759,0.8558,3,0.5542,0.5136,duplicate_support,1
jiis_trace_0397,jiis_trace_0397_s5,5,conflict_check,0.7776,0.6356,0.831,0,0.7197,0.7413,duplicate_support,1
jiis_trace_0397,jiis_trace_0397_s6,6,answer_synthesis,0.7931,0.6862,0.4758,3,0.8185,0.2615,clean,0
jiis_trace_0397,jiis_trace_0397_s7,7,query_decomposition,0.7726,0.6393,0.6082,1,0.8668,0.3645,clean,0
jiis_trace_0397,jiis_trace_0397_s8,8,entity_binding,0.7636,0.7871,0.2929,2,0.8387,0.5332,clean,0
jiis_trace_0398,jiis_trace_0398_s1,1,query_decomposition,0.8666,0.6484,0.441,1,0.5512,0.481,clean,0
jiis_trace_0398,jiis_trace_0398_s2,2,entity_binding,0.774,0.8,0.2831,3,0.5596,0.8798,dependency_bottleneck,1
jiis_trace_0398,jiis_trace_0398_s3,3,evidence_retrieval,0.778,0.8,0.6044,3,0.5833,0.5802,dependency_bottleneck,1
jiis_trace_0398,jiis_trace_0398_s4,4,relation_check,0.8614,0.7966,0.3971,3,0.6245,0.6963,clean,0
jiis_trace_0398,jiis_trace_0398_s5,5,conflict_check,0.7373,0.7686,0.2003,1,0.6554,0.6246,clean,0
jiis_trace_0398,jiis_trace_0398_s6,6,answer_synthesis,0.7522,0.725,0.3843,1,0.7393,0.3865,clean,0
jiis_trace_0398,jiis_trace_0398_s7,7,query_decomposition,0.7481,0.8585,0.0992,1,0.8122,0.8286,clean,0
jiis_trace_0398,jiis_trace_0398_s8,8,entity_binding,0.8209,0.7249,0.5172,2,0.692,0.5476,clean,0
jiis_trace_0398,jiis_trace_0398_s9,9,evidence_retrieval,0.8967,0.8667,0.086,0,0.7874,0.4233,clean,0
jiis_trace_0399,jiis_trace_0399_s1,1,query_decomposition,0.7494,0.8378,0.6117,1,0.8079,0.4009,clean,0
jiis_trace_0399,jiis_trace_0399_s2,2,entity_binding,0.882,0.6602,0.524,2,0.8889,0.4182,clean,0
jiis_trace_0399,jiis_trace_0399_s3,3,evidence_retrieval,0.7708,0.6777,0.2977,2,0.6046,0.573,clean,0
jiis_trace_0399,jiis_trace_0399_s4,4,relation_check,0.7737,0.8101,0.186,1,0.6243,0.7534,clean,0
jiis_trace_0399,jiis_trace_0399_s5,5,conflict_check,0.8694,0.7516,0.1562,1,0.2302,0.6219,temporal_conflict,1
jiis_trace_0399,jiis_trace_0399_s6,6,answer_synthesis,0.8712,0.8698,0.4461,0,0.82,0.3585,clean,0
jiis_trace_0399,jiis_trace_0399_s7,7,query_decomposition,0.7537,0.6744,0.1011,2,0.7257,0.6884,clean,0
jiis_trace_0399,jiis_trace_0399_s8,8,entity_binding,0.909,0.7007,0.2173,2,0.8828,0.218,clean,0
jiis_trace_0399,jiis_trace_0399_s9,9,evidence_retrieval,0.8155,0.6218,0.2208,3,0.8357,0.3151,clean,0
jiis_trace_0399,jiis_trace_0399_s10,10,relation_check,0.875,0.7368,0.4296,3,0.765,0.6423,clean,0
jiis_trace_0400,jiis_trace_0400_s1,1,query_decomposition,0.723,0.748,0.1035,2,0.6177,0.7756,clean,0
jiis_trace_0400,jiis_trace_0400_s2,2,entity_binding,0.295,0.8791,0.4349,0,0.7581,0.6671,entity_binding_error,1
jiis_trace_0400,jiis_trace_0400_s3,3,evidence_retrieval,0.8084,0.8927,0.5051,0,0.752,0.3455,clean,0
jiis_trace_0400,jiis_trace_0400_s4,4,relation_check,0.783,0.8604,0.5482,0,0.7766,0.8678,clean,0
jiis_trace_0400,jiis_trace_0400_s5,5,conflict_check,0.7957,0.7803,0.526,3,0.7123,0.2592,clean,0
jiis_trace_0400,jiis_trace_0400_s6,6,answer_synthesis,0.8139,0.6575,0.2488,3,0.8373,0.8925,clean,0
jiis_trace_0401,jiis_trace_0401_s1,1,query_decomposition,0.8083,0.7616,0.2364,2,0.6365,0.225,clean,0
jiis_trace_0401,jiis_trace_0401_s2,2,entity_binding,0.8096,0.7709,0.4595,3,0.7861,0.5367,clean,0
jiis_trace_0401,jiis_trace_0401_s3,3,evidence_retrieval,0.7548,0.3473,0.4998,0,0.7432,0.5773,missing_evidence,1
jiis_trace_0401,jiis_trace_0401_s4,4,relation_check,0.7807,0.7658,0.6093,1,0.8627,0.7223,clean,0
jiis_trace_0401,jiis_trace_0401_s5,5,conflict_check,0.8714,0.668,0.3025,0,0.5627,0.4223,clean,0
jiis_trace_0401,jiis_trace_0401_s6,6,answer_synthesis,0.8081,0.8607,0.5876,1,0.5701,0.8991,clean,0
jiis_trace_0401,jiis_trace_0401_s7,7,query_decomposition,0.836,0.6557,0.2889,3,0.7319,0.2083,clean,0
jiis_trace_0402,jiis_trace_0402_s1,1,query_decomposition,0.8208,0.7808,0.261,2,0.7658,0.639,clean,0
jiis_trace_0402,jiis_trace_0402_s2,2,entity_binding,0.7673,0.7588,0.5798,3,0.8673,0.3876,clean,0
jiis_trace_0402,jiis_trace_0402_s3,3,evidence_retrieval,0.8723,0.7552,0.8228,2,0.802,0.3252,duplicate_support,1
jiis_trace_0402,jiis_trace_0402_s4,4,relation_check,0.9166,0.8352,0.843,3,0.6406,0.5443,duplicate_support,1
jiis_trace_0402,jiis_trace_0402_s5,5,conflict_check,0.7834,0.697,0.8397,1,0.7828,0.6588,duplicate_support,1
jiis_trace_0402,jiis_trace_0402_s6,6,answer_synthesis,0.8438,0.8216,0.5225,1,0.8699,0.7743,clean,0
jiis_trace_0402,jiis_trace_0402_s7,7,query_decomposition,0.8687,0.8575,0.6075,2,0.8562,0.8077,clean,0
jiis_trace_0402,jiis_trace_0402_s8,8,entity_binding,0.8747,0.8786,0.5212,2,0.668,0.504,clean,0
jiis_trace_0403,jiis_trace_0403_s1,1,query_decomposition,0.7234,0.6832,0.3717,3,0.7518,0.4462,clean,0
jiis_trace_0403,jiis_trace_0403_s2,2,entity_binding,0.8962,0.8,0.4593,3,0.6415,0.3074,dependency_bottleneck,1
jiis_trace_0403,jiis_trace_0403_s3,3,evidence_retrieval,0.847,0.8,0.2127,3,0.6254,0.3113,dependency_bottleneck,1
jiis_trace_0403,jiis_trace_0403_s4,4,relation_check,0.9045,0.8803,0.3879,1,0.6567,0.3576,clean,0
jiis_trace_0403,jiis_trace_0403_s5,5,conflict_check,0.9008,0.6202,0.5261,0,0.761,0.7118,clean,0
jiis_trace_0403,jiis_trace_0403_s6,6,answer_synthesis,0.8634,0.7677,0.3775,2,0.6964,0.5539,clean,0
jiis_trace_0403,jiis_trace_0403_s7,7,query_decomposition,0.7738,0.8548,0.3796,3,0.5503,0.4463,clean,0
jiis_trace_0403,jiis_trace_0403_s8,8,entity_binding,0.8573,0.8273,0.6071,3,0.7077,0.4772,clean,0
jiis_trace_0403,jiis_trace_0403_s9,9,evidence_retrieval,0.8205,0.7533,0.3192,2,0.6341,0.2873,clean,0
jiis_trace_0404,jiis_trace_0404_s1,1,query_decomposition,0.7661,0.844,0.4543,3,0.6036,0.4655,clean,0
jiis_trace_0404,jiis_trace_0404_s2,2,entity_binding,0.8176,0.7394,0.3852,0,0.8792,0.7429,clean,0
jiis_trace_0404,jiis_trace_0404_s3,3,evidence_retrieval,0.7371,0.8129,0.3115,2,0.7621,0.3974,clean,0
jiis_trace_0404,jiis_trace_0404_s4,4,relation_check,0.7942,0.7696,0.583,2,0.6438,0.8969,clean,0
jiis_trace_0404,jiis_trace_0404_s5,5,conflict_check,0.7771,0.6412,0.1045,2,0.2752,0.344,temporal_conflict,1
jiis_trace_0404,jiis_trace_0404_s6,6,answer_synthesis,0.7351,0.697,0.4179,0,0.8001,0.6303,clean,0
jiis_trace_0404,jiis_trace_0404_s7,7,query_decomposition,0.8059,0.6989,0.5732,1,0.6702,0.8148,clean,0
jiis_trace_0404,jiis_trace_0404_s8,8,entity_binding,0.8476,0.7683,0.3056,3,0.6571,0.267,clean,0
jiis_trace_0404,jiis_trace_0404_s9,9,evidence_retrieval,0.896,0.8488,0.5557,1,0.6009,0.7225,clean,0
jiis_trace_0404,jiis_trace_0404_s10,10,relation_check,0.7543,0.848,0.1358,0,0.6433,0.5376,clean,0
jiis_trace_0405,jiis_trace_0405_s1,1,query_decomposition,0.7622,0.8843,0.1635,3,0.6489,0.3058,clean,0
jiis_trace_0405,jiis_trace_0405_s2,2,entity_binding,0.3241,0.7449,0.5689,0,0.8505,0.8811,entity_binding_error,1
jiis_trace_0405,jiis_trace_0405_s3,3,evidence_retrieval,0.765,0.7511,0.3799,1,0.6184,0.899,clean,0
jiis_trace_0405,jiis_trace_0405_s4,4,relation_check,0.8836,0.8987,0.3203,2,0.7319,0.5457,clean,0
jiis_trace_0405,jiis_trace_0405_s5,5,conflict_check,0.8595,0.7482,0.5933,0,0.5513,0.3509,clean,0
jiis_trace_0405,jiis_trace_0405_s6,6,answer_synthesis,0.8432,0.8874,0.378,2,0.8187,0.8488,clean,0
jiis_trace_0406,jiis_trace_0406_s1,1,query_decomposition,0.8301,0.7644,0.3314,2,0.6477,0.5631,clean,0
jiis_trace_0406,jiis_trace_0406_s2,2,entity_binding,0.8362,0.8592,0.4012,3,0.7068,0.7486,clean,0
jiis_trace_0406,jiis_trace_0406_s3,3,evidence_retrieval,0.7865,0.3079,0.1669,1,0.6502,0.6602,missing_evidence,1
jiis_trace_0406,jiis_trace_0406_s4,4,relation_check,0.911,0.6698,0.2925,2,0.5705,0.2638,clean,0
jiis_trace_0406,jiis_trace_0406_s5,5,conflict_check,0.827,0.8636,0.6071,3,0.6812,0.6159,clean,0
jiis_trace_0406,jiis_trace_0406_s6,6,answer_synthesis,0.7425,0.8846,0.1234,1,0.8279,0.2618,clean,0
jiis_trace_0406,jiis_trace_0406_s7,7,query_decomposition,0.738,0.853,0.1777,1,0.7996,0.2089,clean,0
jiis_trace_0407,jiis_trace_0407_s1,1,query_decomposition,0.7293,0.7209,0.3206,0,0.8302,0.7615,clean,0
jiis_trace_0407,jiis_trace_0407_s2,2,entity_binding,0.722,0.8846,0.3347,1,0.7379,0.8429,clean,0
jiis_trace_0407,jiis_trace_0407_s3,3,evidence_retrieval,0.8241,0.8149,0.843,0,0.7837,0.8013,duplicate_support,1
jiis_trace_0407,jiis_trace_0407_s4,4,relation_check,0.7548,0.7795,0.8327,3,0.7149,0.6962,duplicate_support,1
jiis_trace_0407,jiis_trace_0407_s5,5,conflict_check,0.8382,0.6914,0.8595,3,0.5739,0.7913,duplicate_support,1
jiis_trace_0407,jiis_trace_0407_s6,6,answer_synthesis,0.765,0.6365,0.6167,0,0.6651,0.2343,clean,0
jiis_trace_0407,jiis_trace_0407_s7,7,query_decomposition,0.8576,0.7062,0.3998,1,0.6982,0.5002,clean,0
jiis_trace_0407,jiis_trace_0407_s8,8,entity_binding,0.7668,0.6894,0.3588,0,0.5545,0.6346,clean,0
jiis_trace_0408,jiis_trace_0408_s1,1,query_decomposition,0.9042,0.8411,0.5376,0,0.6036,0.7762,clean,0
jiis_trace_0408,jiis_trace_0408_s2,2,entity_binding,0.7253,0.8,0.422,3,0.5984,0.5835,dependency_bottleneck,1
jiis_trace_0408,jiis_trace_0408_s3,3,evidence_retrieval,0.7698,0.8,0.3231,3,0.6183,0.5013,dependency_bottleneck,1
jiis_trace_0408,jiis_trace_0408_s4,4,relation_check,0.7322,0.6407,0.1148,0,0.812,0.3298,clean,0
jiis_trace_0408,jiis_trace_0408_s5,5,conflict_check,0.7524,0.7514,0.6214,1,0.7208,0.7246,clean,0
jiis_trace_0408,jiis_trace_0408_s6,6,answer_synthesis,0.8339,0.8162,0.1183,3,0.6373,0.6204,clean,0
jiis_trace_0408,jiis_trace_0408_s7,7,query_decomposition,0.8531,0.7035,0.4795,3,0.7924,0.4032,clean,0
jiis_trace_0408,jiis_trace_0408_s8,8,entity_binding,0.8561,0.7757,0.5399,1,0.8895,0.3819,clean,0
jiis_trace_0408,jiis_trace_0408_s9,9,evidence_retrieval,0.8541,0.759,0.2478,0,0.886,0.8259,clean,0
jiis_trace_0409,jiis_trace_0409_s1,1,query_decomposition,0.8959,0.6237,0.6281,3,0.84,0.8982,clean,0
jiis_trace_0409,jiis_trace_0409_s2,2,entity_binding,0.7574,0.7733,0.1701,0,0.8291,0.6807,clean,0
jiis_trace_0409,jiis_trace_0409_s3,3,evidence_retrieval,0.8802,0.8149,0.4401,0,0.6831,0.5624,clean,0
jiis_trace_0409,jiis_trace_0409_s4,4,relation_check,0.766,0.7623,0.3473,3,0.6744,0.5291,clean,0
jiis_trace_0409,jiis_trace_0409_s5,5,conflict_check,0.8955,0.822,0.4804,0,0.2748,0.4514,temporal_conflict,1
jiis_trace_0409,jiis_trace_0409_s6,6,answer_synthesis,0.8731,0.6836,0.2552,3,0.5538,0.2484,clean,0
jiis_trace_0409,jiis_trace_0409_s7,7,query_decomposition,0.8553,0.6524,0.5712,3,0.7319,0.622,clean,0
jiis_trace_0409,jiis_trace_0409_s8,8,entity_binding,0.8241,0.6868,0.5097,3,0.821,0.7678,clean,0
jiis_trace_0409,jiis_trace_0409_s9,9,evidence_retrieval,0.7862,0.7118,0.6119,2,0.7145,0.7788,clean,0
jiis_trace_0409,jiis_trace_0409_s10,10,relation_check,0.9138,0.7652,0.2939,2,0.732,0.676,clean,0
jiis_trace_0410,jiis_trace_0410_s1,1,query_decomposition,0.7209,0.8075,0.2227,2,0.7959,0.6936,clean,0
jiis_trace_0410,jiis_trace_0410_s2,2,entity_binding,0.3114,0.7783,0.114,0,0.7532,0.704,entity_binding_error,1
jiis_trace_0410,jiis_trace_0410_s3,3,evidence_retrieval,0.7938,0.7442,0.3628,3,0.8511,0.3426,clean,0
jiis_trace_0410,jiis_trace_0410_s4,4,relation_check,0.7555,0.7143,0.4655,1,0.7127,0.535,clean,0
jiis_trace_0410,jiis_trace_0410_s5,5,conflict_check,0.8956,0.672,0.5249,0,0.8595,0.4139,clean,0
jiis_trace_0410,jiis_trace_0410_s6,6,answer_synthesis,0.8793,0.713,0.6238,2,0.7586,0.6124,clean,0
jiis_trace_0411,jiis_trace_0411_s1,1,query_decomposition,0.818,0.7405,0.1809,2,0.7594,0.7888,clean,0
jiis_trace_0411,jiis_trace_0411_s2,2,entity_binding,0.8927,0.6318,0.2306,3,0.7496,0.7061,clean,0
jiis_trace_0411,jiis_trace_0411_s3,3,evidence_retrieval,0.8911,0.3167,0.1703,1,0.8124,0.8424,missing_evidence,1
jiis_trace_0411,jiis_trace_0411_s4,4,relation_check,0.7736,0.7489,0.16,2,0.8247,0.5375,clean,0
jiis_trace_0411,jiis_trace_0411_s5,5,conflict_check,0.8697,0.7021,0.2701,0,0.8738,0.6941,clean,0
jiis_trace_0411,jiis_trace_0411_s6,6,answer_synthesis,0.8822,0.6627,0.455,2,0.8067,0.4836,clean,0
jiis_trace_0411,jiis_trace_0411_s7,7,query_decomposition,0.8961,0.8627,0.182,3,0.6927,0.4067,clean,0
jiis_trace_0412,jiis_trace_0412_s1,1,query_decomposition,0.7217,0.8479,0.6257,0,0.821,0.2904,clean,0
jiis_trace_0412,jiis_trace_0412_s2,2,entity_binding,0.875,0.8153,0.3601,2,0.5592,0.2051,clean,0
jiis_trace_0412,jiis_trace_0412_s3,3,evidence_retrieval,0.7487,0.7223,0.8284,2,0.6415,0.4652,duplicate_support,1
jiis_trace_0412,jiis_trace_0412_s4,4,relation_check,0.848,0.8558,0.8359,0,0.6784,0.7527,duplicate_support,1
jiis_trace_0412,jiis_trace_0412_s5,5,conflict_check,0.7906,0.6346,0.8409,2,0.7274,0.8055,duplicate_support,1
jiis_trace_0412,jiis_trace_0412_s6,6,answer_synthesis,0.8729,0.813,0.6286,0,0.8822,0.6989,clean,0
jiis_trace_0412,jiis_trace_0412_s7,7,query_decomposition,0.7568,0.6501,0.1576,0,0.5935,0.7659,clean,0
jiis_trace_0412,jiis_trace_0412_s8,8,entity_binding,0.822,0.8885,0.2183,1,0.6718,0.6435,clean,0
jiis_trace_0413,jiis_trace_0413_s1,1,query_decomposition,0.759,0.7016,0.5433,2,0.6139,0.5879,clean,0
jiis_trace_0413,jiis_trace_0413_s2,2,entity_binding,0.7231,0.8,0.2783,3,0.7705,0.8779,dependency_bottleneck,1
jiis_trace_0413,jiis_trace_0413_s3,3,evidence_retrieval,0.741,0.8709,0.5987,3,0.6154,0.6165,dependency_bottleneck,1
jiis_trace_0413,jiis_trace_0413_s4,4,relation_check,0.7398,0.6265,0.2381,0,0.6083,0.2592,clean,0
jiis_trace_0413,jiis_trace_0413_s5,5,conflict_check,0.8487,0.6413,0.2025,1,0.6559,0.8068,clean,0
jiis_trace_0413,jiis_trace_0413_s6,6,answer_synthesis,0.8629,0.7638,0.5866,0,0.8214,0.8179,clean,0
jiis_trace_0413,jiis_trace_0413_s7,7,query_decomposition,0.8687,0.7741,0.4958,0,0.8548,0.6663,clean,0
jiis_trace_0413,jiis_trace_0413_s8,8,entity_binding,0.7722,0.7041,0.1281,3,0.5934,0.2585,clean,0
jiis_trace_0413,jiis_trace_0413_s9,9,evidence_retrieval,0.7241,0.8668,0.5388,3,0.7869,0.6205,clean,0
jiis_trace_0414,jiis_trace_0414_s1,1,query_decomposition,0.9081,0.7435,0.4918,1,0.767,0.8179,clean,0
jiis_trace_0414,jiis_trace_0414_s2,2,entity_binding,0.8413,0.757,0.6228,0,0.6915,0.8654,clean,0
jiis_trace_0414,jiis_trace_0414_s3,3,evidence_retrieval,0.7536,0.825,0.54,1,0.6872,0.8809,clean,0
jiis_trace_0414,jiis_trace_0414_s4,4,relation_check,0.8605,0.6397,0.4412,2,0.7791,0.8726,clean,0
jiis_trace_0414,jiis_trace_0414_s5,5,conflict_check,0.771,0.661,0.2827,1,0.2748,0.2667,temporal_conflict,1
jiis_trace_0414,jiis_trace_0414_s6,6,answer_synthesis,0.7683,0.7769,0.3245,3,0.6212,0.4884,clean,0
jiis_trace_0414,jiis_trace_0414_s7,7,query_decomposition,0.8509,0.8014,0.4917,3,0.6864,0.5787,clean,0
jiis_trace_0414,jiis_trace_0414_s8,8,entity_binding,0.7299,0.7251,0.4893,0,0.6074,0.5777,clean,0
jiis_trace_0414,jiis_trace_0414_s9,9,evidence_retrieval,0.7318,0.8274,0.6235,1,0.6527,0.8502,clean,0
jiis_trace_0414,jiis_trace_0414_s10,10,relation_check,0.7976,0.8665,0.3382,3,0.6381,0.7728,clean,0
jiis_trace_0415,jiis_trace_0415_s1,1,query_decomposition,0.8867,0.7044,0.3669,2,0.6684,0.3721,clean,0
jiis_trace_0415,jiis_trace_0415_s2,2,entity_binding,0.3065,0.7016,0.0984,3,0.5536,0.2448,entity_binding_error,1
jiis_trace_0415,jiis_trace_0415_s3,3,evidence_retrieval,0.8517,0.846,0.5861,3,0.8579,0.5617,clean,0
jiis_trace_0415,jiis_trace_0415_s4,4,relation_check,0.7213,0.7432,0.5411,3,0.8884,0.4663,clean,0
jiis_trace_0415,jiis_trace_0415_s5,5,conflict_check,0.8212,0.8456,0.2888,2,0.898,0.2418,clean,0
jiis_trace_0415,jiis_trace_0415_s6,6,answer_synthesis,0.7593,0.8776,0.3034,3,0.831,0.3516,clean,0
jiis_trace_0416,jiis_trace_0416_s1,1,query_decomposition,0.8255,0.8154,0.1629,1,0.577,0.669,clean,0
jiis_trace_0416,jiis_trace_0416_s2,2,entity_binding,0.8936,0.8267,0.0958,3,0.5765,0.6747,clean,0
jiis_trace_0416,jiis_trace_0416_s3,3,evidence_retrieval,0.7934,0.3423,0.0972,2,0.6604,0.6781,missing_evidence,1
jiis_trace_0416,jiis_trace_0416_s4,4,relation_check,0.7827,0.6462,0.2527,1,0.6152,0.6788,clean,0
jiis_trace_0416,jiis_trace_0416_s5,5,conflict_check,0.7611,0.7068,0.3166,0,0.8513,0.8037,clean,0
jiis_trace_0416,jiis_trace_0416_s6,6,answer_synthesis,0.8249,0.7635,0.2749,0,0.6381,0.5085,clean,0
jiis_trace_0416,jiis_trace_0416_s7,7,query_decomposition,0.7456,0.7214,0.5527,2,0.7188,0.6057,clean,0
jiis_trace_0417,jiis_trace_0417_s1,1,query_decomposition,0.8379,0.7206,0.4872,3,0.8221,0.8802,clean,0
jiis_trace_0417,jiis_trace_0417_s2,2,entity_binding,0.7446,0.7841,0.1831,2,0.873,0.7834,clean,0
jiis_trace_0417,jiis_trace_0417_s3,3,evidence_retrieval,0.8874,0.7574,0.8398,3,0.8082,0.872,duplicate_support,1
jiis_trace_0417,jiis_trace_0417_s4,4,relation_check,0.8879,0.7897,0.8422,0,0.6394,0.8584,duplicate_support,1
jiis_trace_0417,jiis_trace_0417_s5,5,conflict_check,0.8421,0.8065,0.8557,3,0.8131,0.7594,duplicate_support,1
jiis_trace_0417,jiis_trace_0417_s6,6,answer_synthesis,0.7559,0.6494,0.479,2,0.7422,0.398,clean,0
jiis_trace_0417,jiis_trace_0417_s7,7,query_decomposition,0.8827,0.7382,0.1018,1,0.8208,0.5005,clean,0
jiis_trace_0417,jiis_trace_0417_s8,8,entity_binding,0.7744,0.7685,0.2046,1,0.5545,0.7046,clean,0
jiis_trace_0418,jiis_trace_0418_s1,1,query_decomposition,0.786,0.8241,0.2482,1,0.8314,0.5357,clean,0
jiis_trace_0418,jiis_trace_0418_s2,2,entity_binding,0.8583,0.8,0.2482,3,0.665,0.3614,dependency_bottleneck,1
jiis_trace_0418,jiis_trace_0418_s3,3,evidence_retrieval,0.7921,0.8,0.1913,3,0.7263,0.7647,dependency_bottleneck,1
jiis_trace_0418,jiis_trace_0418_s4,4,relation_check,0.744,0.8706,0.4307,3,0.8381,0.589,clean,0
jiis_trace_0418,jiis_trace_0418_s5,5,conflict_check,0.8451,0.8694,0.5233,2,0.7722,0.8079,clean,0
jiis_trace_0418,jiis_trace_0418_s6,6,answer_synthesis,0.7713,0.8428,0.4328,3,0.872,0.382,clean,0
jiis_trace_0418,jiis_trace_0418_s7,7,query_decomposition,0.9068,0.7316,0.1768,0,0.8184,0.2061,clean,0
jiis_trace_0418,jiis_trace_0418_s8,8,entity_binding,0.7723,0.8115,0.0865,3,0.7221,0.407,clean,0
jiis_trace_0418,jiis_trace_0418_s9,9,evidence_retrieval,0.8629,0.6411,0.4848,1,0.8432,0.2395,clean,0
jiis_trace_0419,jiis_trace_0419_s1,1,query_decomposition,0.8989,0.6921,0.3075,2,0.6209,0.3599,clean,0
jiis_trace_0419,jiis_trace_0419_s2,2,entity_binding,0.91,0.8274,0.4502,2,0.7361,0.8421,clean,0
jiis_trace_0419,jiis_trace_0419_s3,3,evidence_retrieval,0.8771,0.7252,0.5407,3,0.6917,0.3954,clean,0
jiis_trace_0419,jiis_trace_0419_s4,4,relation_check,0.7969,0.7236,0.525,3,0.799,0.466,clean,0
jiis_trace_0419,jiis_trace_0419_s5,5,conflict_check,0.8735,0.627,0.4256,2,0.2982,0.6492,temporal_conflict,1
jiis_trace_0419,jiis_trace_0419_s6,6,answer_synthesis,0.8308,0.6938,0.2931,2,0.7786,0.4721,clean,0
jiis_trace_0419,jiis_trace_0419_s7,7,query_decomposition,0.7697,0.6446,0.1064,2,0.8513,0.8432,clean,0
jiis_trace_0419,jiis_trace_0419_s8,8,entity_binding,0.8188,0.8852,0.3108,0,0.6487,0.6944,clean,0
jiis_trace_0419,jiis_trace_0419_s9,9,evidence_retrieval,0.7876,0.8591,0.4702,1,0.7778,0.8232,clean,0
jiis_trace_0419,jiis_trace_0419_s10,10,relation_check,0.8476,0.675,0.353,3,0.5675,0.503,clean,0
jiis_trace_0420,jiis_trace_0420_s1,1,query_decomposition,0.8693,0.682,0.0916,0,0.8474,0.6707,clean,0
jiis_trace_0420,jiis_trace_0420_s2,2,entity_binding,0.2922,0.6284,0.493,1,0.8549,0.6928,entity_binding_error,1
jiis_trace_0420,jiis_trace_0420_s3,3,evidence_retrieval,0.7687,0.8644,0.1233,1,0.756,0.283,clean,0
jiis_trace_0420,jiis_trace_0420_s4,4,relation_check,0.8461,0.7047,0.1588,1,0.7399,0.7921,clean,0
jiis_trace_0420,jiis_trace_0420_s5,5,conflict_check,0.8285,0.8668,0.115,1,0.8346,0.4608,clean,0
jiis_trace_0420,jiis_trace_0420_s6,6,answer_synthesis,0.8134,0.6954,0.436,3,0.7165,0.4145,clean,0
jiis_trace_0421,jiis_trace_0421_s1,1,query_decomposition,0.7553,0.7975,0.2782,1,0.57,0.8615,clean,0
jiis_trace_0421,jiis_trace_0421_s2,2,entity_binding,0.9149,0.8216,0.1814,2,0.6336,0.6902,clean,0
jiis_trace_0421,jiis_trace_0421_s3,3,evidence_retrieval,0.8448,0.3212,0.4674,2,0.8429,0.48,missing_evidence,1
jiis_trace_0421,jiis_trace_0421_s4,4,relation_check,0.8577,0.8346,0.2858,2,0.8962,0.4959,clean,0
jiis_trace_0421,jiis_trace_0421_s5,5,conflict_check,0.7378,0.7936,0.2937,3,0.6183,0.2934,clean,0
jiis_trace_0421,jiis_trace_0421_s6,6,answer_synthesis,0.8406,0.8407,0.2209,0,0.7659,0.7918,clean,0
jiis_trace_0421,jiis_trace_0421_s7,7,query_decomposition,0.8849,0.7642,0.536,1,0.8013,0.7313,clean,0
jiis_trace_0422,jiis_trace_0422_s1,1,query_decomposition,0.7886,0.7885,0.6057,1,0.7347,0.4236,clean,0
jiis_trace_0422,jiis_trace_0422_s2,2,entity_binding,0.7563,0.7606,0.4979,1,0.5645,0.3178,clean,0
jiis_trace_0422,jiis_trace_0422_s3,3,evidence_retrieval,0.7412,0.6741,0.8423,0,0.6812,0.8116,duplicate_support,1
jiis_trace_0422,jiis_trace_0422_s4,4,relation_check,0.8547,0.8305,0.8213,0,0.8901,0.2054,duplicate_support,1
jiis_trace_0422,jiis_trace_0422_s5,5,conflict_check,0.8804,0.6719,0.841,3,0.6025,0.4318,duplicate_support,1
jiis_trace_0422,jiis_trace_0422_s6,6,answer_synthesis,0.849,0.785,0.1474,2,0.6674,0.7929,clean,0
jiis_trace_0422,jiis_trace_0422_s7,7,query_decomposition,0.7408,0.6202,0.2248,2,0.6215,0.3823,clean,0
jiis_trace_0422,jiis_trace_0422_s8,8,entity_binding,0.7594,0.8791,0.5075,3,0.5599,0.4051,clean,0
jiis_trace_0423,jiis_trace_0423_s1,1,query_decomposition,0.8686,0.7151,0.1609,0,0.8644,0.7541,clean,0
jiis_trace_0423,jiis_trace_0423_s2,2,entity_binding,0.8893,0.8541,0.4413,3,0.7947,0.6594,dependency_bottleneck,1
jiis_trace_0423,jiis_trace_0423_s3,3,evidence_retrieval,0.8189,0.8539,0.2483,3,0.6706,0.6282,dependency_bottleneck,1
jiis_trace_0423,jiis_trace_0423_s4,4,relation_check,0.8529,0.6362,0.3399,2,0.8159,0.4039,clean,0
jiis_trace_0423,jiis_trace_0423_s5,5,conflict_check,0.8661,0.8819,0.2123,3,0.8029,0.6891,clean,0
jiis_trace_0423,jiis_trace_0423_s6,6,answer_synthesis,0.7865,0.8233,0.3983,3,0.8814,0.3196,clean,0
jiis_trace_0423,jiis_trace_0423_s7,7,query_decomposition,0.7389,0.681,0.4328,1,0.6411,0.7095,clean,0
jiis_trace_0423,jiis_trace_0423_s8,8,entity_binding,0.7726,0.7848,0.4183,1,0.6044,0.5086,clean,0
jiis_trace_0423,jiis_trace_0423_s9,9,evidence_retrieval,0.7649,0.8474,0.5924,3,0.6952,0.5387,clean,0
jiis_trace_0424,jiis_trace_0424_s1,1,query_decomposition,0.8663,0.8991,0.3323,0,0.6853,0.6008,clean,0
jiis_trace_0424,jiis_trace_0424_s2,2,entity_binding,0.7417,0.7635,0.6,2,0.6152,0.4504,clean,0
jiis_trace_0424,jiis_trace_0424_s3,3,evidence_retrieval,0.7693,0.7073,0.3322,0,0.616,0.4699,clean,0
jiis_trace_0424,jiis_trace_0424_s4,4,relation_check,0.8178,0.7698,0.3625,2,0.8936,0.6098,clean,0
jiis_trace_0424,jiis_trace_0424_s5,5,conflict_check,0.7598,0.7233,0.58,2,0.2461,0.8391,temporal_conflict,1
jiis_trace_0424,jiis_trace_0424_s6,6,answer_synthesis,0.7341,0.8314,0.1842,1,0.8044,0.2347,clean,0
jiis_trace_0424,jiis_trace_0424_s7,7,query_decomposition,0.919,0.688,0.1543,3,0.7072,0.675,clean,0
jiis_trace_0424,jiis_trace_0424_s8,8,entity_binding,0.8328,0.8051,0.1262,1,0.7411,0.72,clean,0
jiis_trace_0424,jiis_trace_0424_s9,9,evidence_retrieval,0.7955,0.8894,0.4682,1,0.7116,0.4063,clean,0
jiis_trace_0424,jiis_trace_0424_s10,10,relation_check,0.9002,0.6236,0.3714,0,0.7075,0.6086,clean,0
jiis_trace_0425,jiis_trace_0425_s1,1,query_decomposition,0.766,0.653,0.2416,2,0.5785,0.653,clean,0
jiis_trace_0425,jiis_trace_0425_s2,2,entity_binding,0.299,0.8733,0.1886,3,0.8502,0.4754,entity_binding_error,1
jiis_trace_0425,jiis_trace_0425_s3,3,evidence_retrieval,0.8374,0.8577,0.4475,3,0.7966,0.4853,clean,0
jiis_trace_0425,jiis_trace_0425_s4,4,relation_check,0.8488,0.7696,0.4237,2,0.883,0.2961,clean,0
jiis_trace_0425,jiis_trace_0425_s5,5,conflict_check,0.8502,0.7919,0.3543,2,0.653,0.2429,clean,0
jiis_trace_0425,jiis_trace_0425_s6,6,answer_synthesis,0.781,0.7411,0.6162,2,0.6184,0.2387,clean,0
jiis_trace_0426,jiis_trace_0426_s1,1,query_decomposition,0.8267,0.8487,0.4195,1,0.5723,0.6469,clean,0
jiis_trace_0426,jiis_trace_0426_s2,2,entity_binding,0.7861,0.8986,0.524,1,0.7724,0.6212,clean,0
jiis_trace_0426,jiis_trace_0426_s3,3,evidence_retrieval,0.7961,0.3428,0.2857,3,0.8615,0.8932,missing_evidence,1
jiis_trace_0426,jiis_trace_0426_s4,4,relation_check,0.8581,0.6453,0.6236,2,0.6272,0.2701,clean,0
jiis_trace_0426,jiis_trace_0426_s5,5,conflict_check,0.7713,0.8475,0.4115,0,0.8272,0.7594,clean,0
jiis_trace_0426,jiis_trace_0426_s6,6,answer_synthesis,0.7636,0.7846,0.4954,3,0.6876,0.5742,clean,0
jiis_trace_0426,jiis_trace_0426_s7,7,query_decomposition,0.7371,0.6823,0.3867,0,0.6539,0.6035,clean,0
jiis_trace_0427,jiis_trace_0427_s1,1,query_decomposition,0.9111,0.8912,0.1113,1,0.6364,0.8811,clean,0
jiis_trace_0427,jiis_trace_0427_s2,2,entity_binding,0.8504,0.6621,0.5893,0,0.6607,0.8543,clean,0
jiis_trace_0427,jiis_trace_0427_s3,3,evidence_retrieval,0.8491,0.8047,0.8233,3,0.6666,0.7461,duplicate_support,1
jiis_trace_0427,jiis_trace_0427_s4,4,relation_check,0.8646,0.8976,0.83,3,0.6543,0.7423,duplicate_support,1
jiis_trace_0427,jiis_trace_0427_s5,5,conflict_check,0.7798,0.785,0.8243,0,0.7871,0.7807,duplicate_support,1
jiis_trace_0427,jiis_trace_0427_s6,6,answer_synthesis,0.7908,0.8472,0.5203,0,0.5508,0.2156,clean,0
jiis_trace_0427,jiis_trace_0427_s7,7,query_decomposition,0.8572,0.7027,0.3677,1,0.7901,0.4212,clean,0
jiis_trace_0427,jiis_trace_0427_s8,8,entity_binding,0.8571,0.6916,0.1817,0,0.6898,0.8358,clean,0
jiis_trace_0428,jiis_trace_0428_s1,1,query_decomposition,0.9002,0.84,0.1692,1,0.5613,0.5073,clean,0
jiis_trace_0428,jiis_trace_0428_s2,2,entity_binding,0.8237,0.8529,0.5869,3,0.5972,0.4682,dependency_bottleneck,1
jiis_trace_0428,jiis_trace_0428_s3,3,evidence_retrieval,0.766,0.8,0.4913,3,0.838,0.8677,dependency_bottleneck,1
jiis_trace_0428,jiis_trace_0428_s4,4,relation_check,0.8803,0.7325,0.2365,1,0.899,0.6462,clean,0
jiis_trace_0428,jiis_trace_0428_s5,5,conflict_check,0.7463,0.818,0.1446,0,0.6303,0.2813,clean,0
jiis_trace_0428,jiis_trace_0428_s6,6,answer_synthesis,0.8228,0.8753,0.1386,3,0.6783,0.854,clean,0
jiis_trace_0428,jiis_trace_0428_s7,7,query_decomposition,0.8911,0.7163,0.4988,1,0.844,0.4403,clean,0
jiis_trace_0428,jiis_trace_0428_s8,8,entity_binding,0.7284,0.7852,0.6015,0,0.8574,0.4131,clean,0
jiis_trace_0428,jiis_trace_0428_s9,9,evidence_retrieval,0.8626,0.6916,0.1253,2,0.7607,0.5655,clean,0
jiis_trace_0429,jiis_trace_0429_s1,1,query_decomposition,0.7397,0.8589,0.1818,2,0.7738,0.7229,clean,0
jiis_trace_0429,jiis_trace_0429_s2,2,entity_binding,0.7795,0.7919,0.6299,1,0.6417,0.5416,clean,0
jiis_trace_0429,jiis_trace_0429_s3,3,evidence_retrieval,0.8451,0.7389,0.1292,1,0.6612,0.8163,clean,0
jiis_trace_0429,jiis_trace_0429_s4,4,relation_check,0.8907,0.6382,0.5264,0,0.8845,0.5235,clean,0
jiis_trace_0429,jiis_trace_0429_s5,5,conflict_check,0.843,0.7094,0.2919,2,0.2407,0.5621,temporal_conflict,1
jiis_trace_0429,jiis_trace_0429_s6,6,answer_synthesis,0.889,0.8099,0.3038,3,0.7097,0.8762,clean,0
jiis_trace_0429,jiis_trace_0429_s7,7,query_decomposition,0.9045,0.6461,0.4698,2,0.7559,0.7432,clean,0
jiis_trace_0429,jiis_trace_0429_s8,8,entity_binding,0.7541,0.8483,0.285,3,0.7954,0.4093,clean,0
jiis_trace_0429,jiis_trace_0429_s9,9,evidence_retrieval,0.9142,0.8643,0.24,3,0.6463,0.5366,clean,0
jiis_trace_0429,jiis_trace_0429_s10,10,relation_check,0.8676,0.851,0.5048,0,0.6775,0.5543,clean,0
jiis_trace_0430,jiis_trace_0430_s1,1,query_decomposition,0.7948,0.673,0.4216,3,0.6562,0.6837,clean,0
jiis_trace_0430,jiis_trace_0430_s2,2,entity_binding,0.3347,0.7175,0.3594,0,0.6194,0.8117,entity_binding_error,1
jiis_trace_0430,jiis_trace_0430_s3,3,evidence_retrieval,0.8538,0.7823,0.2932,3,0.7233,0.866,clean,0
jiis_trace_0430,jiis_trace_0430_s4,4,relation_check,0.8738,0.7769,0.3131,2,0.8148,0.8604,clean,0
jiis_trace_0430,jiis_trace_0430_s5,5,conflict_check,0.8828,0.8486,0.5475,1,0.8428,0.2523,clean,0
jiis_trace_0430,jiis_trace_0430_s6,6,answer_synthesis,0.728,0.8634,0.1584,0,0.7517,0.6532,clean,0
jiis_trace_0431,jiis_trace_0431_s1,1,query_decomposition,0.8409,0.7832,0.1241,3,0.7824,0.7777,clean,0
jiis_trace_0431,jiis_trace_0431_s2,2,entity_binding,0.9146,0.6371,0.1478,2,0.6642,0.8576,clean,0
jiis_trace_0431,jiis_trace_0431_s3,3,evidence_retrieval,0.801,0.3504,0.3727,1,0.5608,0.2162,missing_evidence,1
jiis_trace_0431,jiis_trace_0431_s4,4,relation_check,0.7913,0.642,0.1069,0,0.6536,0.8446,clean,0
jiis_trace_0431,jiis_trace_0431_s5,5,conflict_check,0.9025,0.8079,0.6297,2,0.7544,0.3396,clean,0
jiis_trace_0431,jiis_trace_0431_s6,6,answer_synthesis,0.8103,0.7388,0.4903,3,0.8096,0.5836,clean,0
jiis_trace_0431,jiis_trace_0431_s7,7,query_decomposition,0.8204,0.6345,0.6021,3,0.5917,0.8231,clean,0
jiis_trace_0432,jiis_trace_0432_s1,1,query_decomposition,0.751,0.8566,0.5531,1,0.6854,0.88,clean,0
jiis_trace_0432,jiis_trace_0432_s2,2,entity_binding,0.8349,0.7366,0.451,3,0.6176,0.776,clean,0
jiis_trace_0432,jiis_trace_0432_s3,3,evidence_retrieval,0.8464,0.8301,0.853,0,0.6884,0.767,duplicate_support,1
jiis_trace_0432,jiis_trace_0432_s4,4,relation_check,0.8705,0.831,0.8409,3,0.8594,0.336,duplicate_support,1
jiis_trace_0432,jiis_trace_0432_s5,5,conflict_check,0.8741,0.7032,0.8364,1,0.721,0.6173,duplicate_support,1
jiis_trace_0432,jiis_trace_0432_s6,6,answer_synthesis,0.7548,0.7177,0.1354,0,0.6633,0.3047,clean,0
jiis_trace_0432,jiis_trace_0432_s7,7,query_decomposition,0.9007,0.8991,0.2785,0,0.6681,0.2303,clean,0
jiis_trace_0432,jiis_trace_0432_s8,8,entity_binding,0.7288,0.7315,0.5767,3,0.7947,0.4185,clean,0
jiis_trace_0433,jiis_trace_0433_s1,1,query_decomposition,0.74,0.7374,0.1952,0,0.6823,0.4318,clean,0
jiis_trace_0433,jiis_trace_0433_s2,2,entity_binding,0.8373,0.8,0.1592,3,0.5829,0.4736,dependency_bottleneck,1
jiis_trace_0433,jiis_trace_0433_s3,3,evidence_retrieval,0.8493,0.8223,0.3979,3,0.8124,0.6023,dependency_bottleneck,1
jiis_trace_0433,jiis_trace_0433_s4,4,relation_check,0.8574,0.8278,0.1673,3,0.6774,0.2883,clean,0
jiis_trace_0433,jiis_trace_0433_s5,5,conflict_check,0.8412,0.7373,0.1992,1,0.5513,0.727,clean,0
jiis_trace_0433,jiis_trace_0433_s6,6,answer_synthesis,0.7773,0.8054,0.3173,1,0.7909,0.4289,clean,0
jiis_trace_0433,jiis_trace_0433_s7,7,query_decomposition,0.7305,0.7103,0.1658,3,0.6364,0.4737,clean,0
jiis_trace_0433,jiis_trace_0433_s8,8,entity_binding,0.8382,0.6817,0.1061,3,0.8698,0.3862,clean,0
jiis_trace_0433,jiis_trace_0433_s9,9,evidence_retrieval,0.7378,0.6381,0.5992,3,0.7633,0.2387,clean,0
jiis_trace_0434,jiis_trace_0434_s1,1,query_decomposition,0.8055,0.7874,0.1044,0,0.5986,0.8313,clean,0
jiis_trace_0434,jiis_trace_0434_s2,2,entity_binding,0.7597,0.729,0.3926,3,0.8803,0.6985,clean,0
jiis_trace_0434,jiis_trace_0434_s3,3,evidence_retrieval,0.864,0.7819,0.2584,1,0.6414,0.4758,clean,0
jiis_trace_0434,jiis_trace_0434_s4,4,relation_check,0.7423,0.7275,0.5064,0,0.5714,0.5233,clean,0
jiis_trace_0434,jiis_trace_0434_s5,5,conflict_check,0.8352,0.7884,0.3132,3,0.2694,0.3649,temporal_conflict,1
jiis_trace_0434,jiis_trace_0434_s6,6,answer_synthesis,0.7731,0.7398,0.0823,1,0.8652,0.7037,clean,0
jiis_trace_0434,jiis_trace_0434_s7,7,query_decomposition,0.8469,0.6337,0.0988,3,0.6093,0.8455,clean,0
jiis_trace_0434,jiis_trace_0434_s8,8,entity_binding,0.8318,0.864,0.3399,2,0.8617,0.2057,clean,0
jiis_trace_0434,jiis_trace_0434_s9,9,evidence_retrieval,0.7321,0.6325,0.1388,1,0.8068,0.3655,clean,0
jiis_trace_0434,jiis_trace_0434_s10,10,relation_check,0.7785,0.828,0.171,3,0.881,0.8597,clean,0
jiis_trace_0435,jiis_trace_0435_s1,1,query_decomposition,0.7938,0.6639,0.6294,2,0.7817,0.8312,clean,0
jiis_trace_0435,jiis_trace_0435_s2,2,entity_binding,0.2945,0.8589,0.6189,0,0.8808,0.4045,entity_binding_error,1
jiis_trace_0435,jiis_trace_0435_s3,3,evidence_retrieval,0.7295,0.8397,0.3905,0,0.8911,0.4808,clean,0
jiis_trace_0435,jiis_trace_0435_s4,4,relation_check,0.7356,0.7644,0.5922,3,0.6986,0.239,clean,0
jiis_trace_0435,jiis_trace_0435_s5,5,conflict_check,0.8387,0.7593,0.12,0,0.6362,0.412,clean,0
jiis_trace_0435,jiis_trace_0435_s6,6,answer_synthesis,0.8093,0.8664,0.4698,0,0.8274,0.5274,clean,0
jiis_trace_0436,jiis_trace_0436_s1,1,query_decomposition,0.8722,0.7787,0.3698,2,0.6184,0.4839,clean,0
jiis_trace_0436,jiis_trace_0436_s2,2,entity_binding,0.8001,0.7605,0.323,1,0.8024,0.773,clean,0
jiis_trace_0436,jiis_trace_0436_s3,3,evidence_retrieval,0.8342,0.3282,0.3717,2,0.8673,0.4675,missing_evidence,1
jiis_trace_0436,jiis_trace_0436_s4,4,relation_check,0.8763,0.7774,0.4957,0,0.8767,0.8118,clean,0
jiis_trace_0436,jiis_trace_0436_s5,5,conflict_check,0.7818,0.7506,0.1708,3,0.8875,0.8121,clean,0
jiis_trace_0436,jiis_trace_0436_s6,6,answer_synthesis,0.7802,0.6621,0.4689,1,0.7053,0.7967,clean,0
jiis_trace_0436,jiis_trace_0436_s7,7,query_decomposition,0.8395,0.6499,0.3505,0,0.635,0.6996,clean,0
jiis_trace_0437,jiis_trace_0437_s1,1,query_decomposition,0.8019,0.763,0.5662,3,0.7192,0.5284,clean,0
jiis_trace_0437,jiis_trace_0437_s2,2,entity_binding,0.8643,0.8134,0.6258,3,0.699,0.4192,clean,0
jiis_trace_0437,jiis_trace_0437_s3,3,evidence_retrieval,0.7441,0.773,0.8474,1,0.7286,0.4961,duplicate_support,1
jiis_trace_0437,jiis_trace_0437_s4,4,relation_check,0.9197,0.8531,0.8254,2,0.5621,0.4257,duplicate_support,1
jiis_trace_0437,jiis_trace_0437_s5,5,conflict_check,0.733,0.8028,0.8308,3,0.7998,0.5598,duplicate_support,1
jiis_trace_0437,jiis_trace_0437_s6,6,answer_synthesis,0.8709,0.6434,0.5985,3,0.5849,0.7958,clean,0
jiis_trace_0437,jiis_trace_0437_s7,7,query_decomposition,0.8963,0.709,0.3386,0,0.7208,0.4928,clean,0
jiis_trace_0437,jiis_trace_0437_s8,8,entity_binding,0.8117,0.7499,0.4662,2,0.778,0.6092,clean,0
jiis_trace_0438,jiis_trace_0438_s1,1,query_decomposition,0.7276,0.6221,0.3892,1,0.72,0.3594,clean,0
jiis_trace_0438,jiis_trace_0438_s2,2,entity_binding,0.8657,0.8107,0.5639,3,0.8782,0.4397,dependency_bottleneck,1
jiis_trace_0438,jiis_trace_0438_s3,3,evidence_retrieval,0.8533,0.8,0.5791,3,0.893,0.8826,dependency_bottleneck,1
jiis_trace_0438,jiis_trace_0438_s4,4,relation_check,0.7848,0.6947,0.6033,2,0.7784,0.8549,clean,0
jiis_trace_0438,jiis_trace_0438_s5,5,conflict_check,0.8315,0.8913,0.3773,1,0.646,0.4217,clean,0
jiis_trace_0438,jiis_trace_0438_s6,6,answer_synthesis,0.8142,0.8641,0.0985,1,0.678,0.2518,clean,0
jiis_trace_0438,jiis_trace_0438_s7,7,query_decomposition,0.7812,0.8767,0.5447,0,0.57,0.3817,clean,0
jiis_trace_0438,jiis_trace_0438_s8,8,entity_binding,0.8095,0.7528,0.132,1,0.7147,0.2473,clean,0
jiis_trace_0438,jiis_trace_0438_s9,9,evidence_retrieval,0.8668,0.8364,0.1193,0,0.8112,0.7374,clean,0
jiis_trace_0439,jiis_trace_0439_s1,1,query_decomposition,0.8982,0.7031,0.4326,2,0.6021,0.611,clean,0
jiis_trace_0439,jiis_trace_0439_s2,2,entity_binding,0.7391,0.8701,0.1145,3,0.6463,0.3829,clean,0
jiis_trace_0439,jiis_trace_0439_s3,3,evidence_retrieval,0.9183,0.8351,0.3752,2,0.6377,0.237,clean,0
jiis_trace_0439,jiis_trace_0439_s4,4,relation_check,0.8516,0.8025,0.2793,2,0.8464,0.5246,clean,0
jiis_trace_0439,jiis_trace_0439_s5,5,conflict_check,0.8074,0.7541,0.18,0,0.2743,0.7378,temporal_conflict,1
jiis_trace_0439,jiis_trace_0439_s6,6,answer_synthesis,0.8154,0.6315,0.4016,2,0.8201,0.6162,clean,0
jiis_trace_0439,jiis_trace_0439_s7,7,query_decomposition,0.7644,0.8189,0.2708,3,0.6934,0.2631,clean,0
jiis_trace_0439,jiis_trace_0439_s8,8,entity_binding,0.7441,0.697,0.2391,1,0.8686,0.6256,clean,0
jiis_trace_0439,jiis_trace_0439_s9,9,evidence_retrieval,0.8414,0.6582,0.2426,2,0.7492,0.3799,clean,0
jiis_trace_0439,jiis_trace_0439_s10,10,relation_check,0.7885,0.7907,0.1782,3,0.8338,0.2009,clean,0
jiis_trace_0440,jiis_trace_0440_s1,1,query_decomposition,0.8567,0.7644,0.1601,3,0.5812,0.5386,clean,0
jiis_trace_0440,jiis_trace_0440_s2,2,entity_binding,0.3302,0.8967,0.4065,3,0.5803,0.4145,entity_binding_error,1
jiis_trace_0440,jiis_trace_0440_s3,3,evidence_retrieval,0.7874,0.7263,0.0964,1,0.614,0.5742,clean,0
jiis_trace_0440,jiis_trace_0440_s4,4,relation_check,0.7781,0.7621,0.2205,2,0.8612,0.4578,clean,0
jiis_trace_0440,jiis_trace_0440_s5,5,conflict_check,0.8815,0.6617,0.4632,0,0.773,0.4882,clean,0
jiis_trace_0440,jiis_trace_0440_s6,6,answer_synthesis,0.8714,0.8984,0.4168,1,0.6999,0.2868,clean,0
jiis_trace_0441,jiis_trace_0441_s1,1,query_decomposition,0.8715,0.6244,0.2874,2,0.7137,0.624,clean,0
jiis_trace_0441,jiis_trace_0441_s2,2,entity_binding,0.8778,0.6735,0.3298,1,0.7009,0.5186,clean,0
jiis_trace_0441,jiis_trace_0441_s3,3,evidence_retrieval,0.7415,0.3581,0.6226,1,0.7544,0.7813,missing_evidence,1
jiis_trace_0441,jiis_trace_0441_s4,4,relation_check,0.8938,0.8859,0.2844,3,0.5778,0.8712,clean,0
jiis_trace_0441,jiis_trace_0441_s5,5,conflict_check,0.9177,0.8282,0.4653,0,0.7889,0.806,clean,0
jiis_trace_0441,jiis_trace_0441_s6,6,answer_synthesis,0.8718,0.8411,0.1905,1,0.7128,0.3726,clean,0
jiis_trace_0441,jiis_trace_0441_s7,7,query_decomposition,0.8074,0.8105,0.4177,0,0.6939,0.6666,clean,0
jiis_trace_0442,jiis_trace_0442_s1,1,query_decomposition,0.8142,0.7563,0.2472,2,0.7412,0.7305,clean,0
jiis_trace_0442,jiis_trace_0442_s2,2,entity_binding,0.8203,0.629,0.6138,2,0.643,0.6955,clean,0
jiis_trace_0442,jiis_trace_0442_s3,3,evidence_retrieval,0.8609,0.7982,0.8376,2,0.7798,0.2041,duplicate_support,1
jiis_trace_0442,jiis_trace_0442_s4,4,relation_check,0.8078,0.8531,0.8508,1,0.5821,0.3469,duplicate_support,1
jiis_trace_0442,jiis_trace_0442_s5,5,conflict_check,0.8499,0.7224,0.8459,2,0.551,0.8357,duplicate_support,1
jiis_trace_0442,jiis_trace_0442_s6,6,answer_synthesis,0.725,0.8922,0.1817,0,0.5824,0.2159,clean,0
jiis_trace_0442,jiis_trace_0442_s7,7,query_decomposition,0.9109,0.8711,0.2859,0,0.6479,0.8532,clean,0
jiis_trace_0442,jiis_trace_0442_s8,8,entity_binding,0.8103,0.771,0.5075,0,0.5838,0.4135,clean,0
jiis_trace_0443,jiis_trace_0443_s1,1,query_decomposition,0.9031,0.7912,0.4894,0,0.625,0.4726,clean,0
jiis_trace_0443,jiis_trace_0443_s2,2,entity_binding,0.8511,0.8,0.1169,3,0.8587,0.6735,dependency_bottleneck,1
jiis_trace_0443,jiis_trace_0443_s3,3,evidence_retrieval,0.7682,0.8633,0.403,3,0.7936,0.7541,dependency_bottleneck,1
jiis_trace_0443,jiis_trace_0443_s4,4,relation_check,0.7271,0.8047,0.4386,1,0.7303,0.8131,clean,0
jiis_trace_0443,jiis_trace_0443_s5,5,conflict_check,0.8901,0.6943,0.0971,3,0.8956,0.6875,clean,0
jiis_trace_0443,jiis_trace_0443_s6,6,answer_synthesis,0.767,0.6431,0.1515,1,0.8925,0.8605,clean,0
jiis_trace_0443,jiis_trace_0443_s7,7,query_decomposition,0.8005,0.7437,0.6238,1,0.5636,0.4136,clean,0
jiis_trace_0443,jiis_trace_0443_s8,8,entity_binding,0.8022,0.7949,0.3702,0,0.7511,0.6688,clean,0
jiis_trace_0443,jiis_trace_0443_s9,9,evidence_retrieval,0.9132,0.8813,0.1874,1,0.8027,0.8573,clean,0
jiis_trace_0444,jiis_trace_0444_s1,1,query_decomposition,0.8446,0.8172,0.1173,2,0.7414,0.4383,clean,0
jiis_trace_0444,jiis_trace_0444_s2,2,entity_binding,0.7303,0.6809,0.4004,3,0.7059,0.3763,clean,0
jiis_trace_0444,jiis_trace_0444_s3,3,evidence_retrieval,0.9094,0.8451,0.5875,1,0.7052,0.4294,clean,0
jiis_trace_0444,jiis_trace_0444_s4,4,relation_check,0.9029,0.7928,0.3576,3,0.5611,0.8271,clean,0
jiis_trace_0444,jiis_trace_0444_s5,5,conflict_check,0.8146,0.7095,0.1841,3,0.2431,0.3043,temporal_conflict,1
jiis_trace_0444,jiis_trace_0444_s6,6,answer_synthesis,0.7344,0.7988,0.2311,3,0.6306,0.6205,clean,0
jiis_trace_0444,jiis_trace_0444_s7,7,query_decomposition,0.8526,0.7119,0.178,0,0.5782,0.881,clean,0
jiis_trace_0444,jiis_trace_0444_s8,8,entity_binding,0.7639,0.6403,0.3882,1,0.6551,0.859,clean,0
jiis_trace_0444,jiis_trace_0444_s9,9,evidence_retrieval,0.797,0.888,0.4075,2,0.8183,0.7123,clean,0
jiis_trace_0444,jiis_trace_0444_s10,10,relation_check,0.8211,0.6242,0.4376,1,0.5805,0.5281,clean,0
jiis_trace_0445,jiis_trace_0445_s1,1,query_decomposition,0.7503,0.8853,0.2503,2,0.6858,0.4306,clean,0
jiis_trace_0445,jiis_trace_0445_s2,2,entity_binding,0.2882,0.6231,0.4342,2,0.6135,0.4432,entity_binding_error,1
jiis_trace_0445,jiis_trace_0445_s3,3,evidence_retrieval,0.8144,0.8084,0.3251,1,0.8376,0.4751,clean,0
jiis_trace_0445,jiis_trace_0445_s4,4,relation_check,0.7277,0.6682,0.5496,0,0.5548,0.5774,clean,0
jiis_trace_0445,jiis_trace_0445_s5,5,conflict_check,0.7776,0.6655,0.1322,1,0.5877,0.4405,clean,0
jiis_trace_0445,jiis_trace_0445_s6,6,answer_synthesis,0.8868,0.812,0.6126,0,0.8844,0.8402,clean,0
jiis_trace_0446,jiis_trace_0446_s1,1,query_decomposition,0.7808,0.7441,0.4346,1,0.8937,0.4377,clean,0
jiis_trace_0446,jiis_trace_0446_s2,2,entity_binding,0.7335,0.7072,0.3787,3,0.7959,0.7152,clean,0
jiis_trace_0446,jiis_trace_0446_s3,3,evidence_retrieval,0.8469,0.3307,0.2636,3,0.7745,0.6692,missing_evidence,1
jiis_trace_0446,jiis_trace_0446_s4,4,relation_check,0.7575,0.8369,0.1177,0,0.6698,0.7731,clean,0
jiis_trace_0446,jiis_trace_0446_s5,5,conflict_check,0.7268,0.8932,0.3385,2,0.6565,0.7967,clean,0
jiis_trace_0446,jiis_trace_0446_s6,6,answer_synthesis,0.8992,0.8548,0.5455,2,0.634,0.4676,clean,0
jiis_trace_0446,jiis_trace_0446_s7,7,query_decomposition,0.8094,0.7909,0.551,1,0.8617,0.2676,clean,0
jiis_trace_0447,jiis_trace_0447_s1,1,query_decomposition,0.8776,0.8017,0.4987,0,0.587,0.743,clean,0
jiis_trace_0447,jiis_trace_0447_s2,2,entity_binding,0.8304,0.7783,0.4806,3,0.8993,0.7642,clean,0
jiis_trace_0447,jiis_trace_0447_s3,3,evidence_retrieval,0.8147,0.8141,0.8532,3,0.6227,0.573,duplicate_support,1
jiis_trace_0447,jiis_trace_0447_s4,4,relation_check,0.7584,0.7508,0.823,1,0.8514,0.5867,duplicate_support,1
jiis_trace_0447,jiis_trace_0447_s5,5,conflict_check,0.879,0.6593,0.8525,3,0.6884,0.8851,duplicate_support,1
jiis_trace_0447,jiis_trace_0447_s6,6,answer_synthesis,0.7986,0.8063,0.5819,3,0.8714,0.4477,clean,0
jiis_trace_0447,jiis_trace_0447_s7,7,query_decomposition,0.8379,0.6922,0.4601,1,0.6,0.6421,clean,0
jiis_trace_0447,jiis_trace_0447_s8,8,entity_binding,0.8431,0.7733,0.357,1,0.8413,0.8481,clean,0
jiis_trace_0448,jiis_trace_0448_s1,1,query_decomposition,0.8966,0.7475,0.3802,3,0.8702,0.3719,clean,0
jiis_trace_0448,jiis_trace_0448_s2,2,entity_binding,0.8429,0.8,0.3203,3,0.7568,0.2931,dependency_bottleneck,1
jiis_trace_0448,jiis_trace_0448_s3,3,evidence_retrieval,0.8224,0.8626,0.3842,3,0.7998,0.6104,dependency_bottleneck,1
jiis_trace_0448,jiis_trace_0448_s4,4,relation_check,0.743,0.8097,0.1048,3,0.8129,0.5963,clean,0
jiis_trace_0448,jiis_trace_0448_s5,5,conflict_check,0.9174,0.6246,0.145,1,0.5944,0.3966,clean,0
jiis_trace_0448,jiis_trace_0448_s6,6,answer_synthesis,0.8371,0.6977,0.4108,1,0.5659,0.7416,clean,0
jiis_trace_0448,jiis_trace_0448_s7,7,query_decomposition,0.9072,0.8144,0.3807,3,0.6125,0.7126,clean,0
jiis_trace_0448,jiis_trace_0448_s8,8,entity_binding,0.8084,0.7402,0.138,1,0.7707,0.2051,clean,0
jiis_trace_0448,jiis_trace_0448_s9,9,evidence_retrieval,0.8688,0.6943,0.1589,3,0.8572,0.449,clean,0
jiis_trace_0449,jiis_trace_0449_s1,1,query_decomposition,0.82,0.6289,0.5761,0,0.7802,0.8189,clean,0
jiis_trace_0449,jiis_trace_0449_s2,2,entity_binding,0.9131,0.7753,0.2703,2,0.5573,0.5063,clean,0
jiis_trace_0449,jiis_trace_0449_s3,3,evidence_retrieval,0.8473,0.6368,0.5501,0,0.6653,0.7519,clean,0
jiis_trace_0449,jiis_trace_0449_s4,4,relation_check,0.8893,0.6496,0.6081,0,0.8786,0.7191,clean,0
jiis_trace_0449,jiis_trace_0449_s5,5,conflict_check,0.8666,0.7028,0.379,2,0.2258,0.6476,temporal_conflict,1
jiis_trace_0449,jiis_trace_0449_s6,6,answer_synthesis,0.7981,0.7353,0.1543,0,0.8457,0.8385,clean,0
jiis_trace_0449,jiis_trace_0449_s7,7,query_decomposition,0.8515,0.8055,0.3418,2,0.7878,0.6108,clean,0
jiis_trace_0449,jiis_trace_0449_s8,8,entity_binding,0.9156,0.8882,0.1815,1,0.8095,0.4489,clean,0
jiis_trace_0449,jiis_trace_0449_s9,9,evidence_retrieval,0.8035,0.6537,0.1735,3,0.7374,0.2509,clean,0
jiis_trace_0449,jiis_trace_0449_s10,10,relation_check,0.8025,0.8665,0.2854,1,0.8994,0.4355,clean,0
jiis_trace_0450,jiis_trace_0450_s1,1,query_decomposition,0.846,0.8532,0.1574,2,0.6357,0.8368,clean,0
jiis_trace_0450,jiis_trace_0450_s2,2,entity_binding,0.2975,0.8026,0.434,3,0.81,0.7656,entity_binding_error,1
jiis_trace_0450,jiis_trace_0450_s3,3,evidence_retrieval,0.7284,0.6584,0.6269,3,0.6294,0.2887,clean,0
jiis_trace_0450,jiis_trace_0450_s4,4,relation_check,0.9043,0.7208,0.2444,3,0.7012,0.7624,clean,0
jiis_trace_0450,jiis_trace_0450_s5,5,conflict_check,0.7859,0.8638,0.3266,0,0.8157,0.318,clean,0
jiis_trace_0450,jiis_trace_0450_s6,6,answer_synthesis,0.8579,0.8863,0.2615,2,0.6382,0.374,clean,0
jiis_trace_0451,jiis_trace_0451_s1,1,query_decomposition,0.9067,0.7988,0.4421,1,0.5753,0.2929,clean,0
jiis_trace_0451,jiis_trace_0451_s2,2,entity_binding,0.8595,0.7336,0.4863,0,0.8251,0.5932,clean,0
jiis_trace_0451,jiis_trace_0451_s3,3,evidence_retrieval,0.8286,0.346,0.305,0,0.7288,0.3845,missing_evidence,1
jiis_trace_0451,jiis_trace_0451_s4,4,relation_check,0.8095,0.8386,0.1054,1,0.5635,0.5512,clean,0
jiis_trace_0451,jiis_trace_0451_s5,5,conflict_check,0.8704,0.7287,0.5471,2,0.6059,0.5908,clean,0
jiis_trace_0451,jiis_trace_0451_s6,6,answer_synthesis,0.8726,0.8038,0.098,1,0.6065,0.5358,clean,0
jiis_trace_0451,jiis_trace_0451_s7,7,query_decomposition,0.7862,0.8103,0.1429,0,0.7716,0.7503,clean,0
jiis_trace_0452,jiis_trace_0452_s1,1,query_decomposition,0.7457,0.7074,0.2766,1,0.8254,0.3943,clean,0
jiis_trace_0452,jiis_trace_0452_s2,2,entity_binding,0.7947,0.798,0.3304,0,0.8018,0.7153,clean,0
jiis_trace_0452,jiis_trace_0452_s3,3,evidence_retrieval,0.7934,0.6836,0.8594,0,0.558,0.302,duplicate_support,1
jiis_trace_0452,jiis_trace_0452_s4,4,relation_check,0.9181,0.7002,0.8227,1,0.725,0.6746,duplicate_support,1
jiis_trace_0452,jiis_trace_0452_s5,5,conflict_check,0.8415,0.6891,0.8343,0,0.6352,0.2103,duplicate_support,1
jiis_trace_0452,jiis_trace_0452_s6,6,answer_synthesis,0.8494,0.6294,0.2152,1,0.8454,0.66,clean,0
jiis_trace_0452,jiis_trace_0452_s7,7,query_decomposition,0.8647,0.6664,0.3722,0,0.7149,0.7436,clean,0
jiis_trace_0452,jiis_trace_0452_s8,8,entity_binding,0.7498,0.795,0.1914,0,0.8156,0.8539,clean,0
jiis_trace_0453,jiis_trace_0453_s1,1,query_decomposition,0.8696,0.7361,0.2475,3,0.7872,0.6355,clean,0
jiis_trace_0453,jiis_trace_0453_s2,2,entity_binding,0.7304,0.8,0.3127,3,0.8445,0.6588,dependency_bottleneck,1
jiis_trace_0453,jiis_trace_0453_s3,3,evidence_retrieval,0.8355,0.8,0.5051,3,0.8508,0.69,dependency_bottleneck,1
jiis_trace_0453,jiis_trace_0453_s4,4,relation_check,0.7841,0.8909,0.4198,3,0.6385,0.4371,clean,0
jiis_trace_0453,jiis_trace_0453_s5,5,conflict_check,0.8291,0.6388,0.4232,2,0.7299,0.3517,clean,0
jiis_trace_0453,jiis_trace_0453_s6,6,answer_synthesis,0.8989,0.7037,0.1703,3,0.7892,0.3708,clean,0
jiis_trace_0453,jiis_trace_0453_s7,7,query_decomposition,0.9157,0.7289,0.5026,0,0.5918,0.397,clean,0
jiis_trace_0453,jiis_trace_0453_s8,8,entity_binding,0.814,0.8103,0.1316,1,0.7933,0.5923,clean,0
jiis_trace_0453,jiis_trace_0453_s9,9,evidence_retrieval,0.8799,0.6782,0.2144,2,0.8896,0.5738,clean,0
jiis_trace_0454,jiis_trace_0454_s1,1,query_decomposition,0.829,0.7288,0.5046,0,0.5848,0.8522,clean,0
jiis_trace_0454,jiis_trace_0454_s2,2,entity_binding,0.9035,0.8542,0.5295,0,0.8984,0.6011,clean,0
jiis_trace_0454,jiis_trace_0454_s3,3,evidence_retrieval,0.8322,0.7878,0.1818,2,0.6808,0.3998,clean,0
jiis_trace_0454,jiis_trace_0454_s4,4,relation_check,0.7316,0.833,0.1827,2,0.6141,0.766,clean,0
jiis_trace_0454,jiis_trace_0454_s5,5,conflict_check,0.7793,0.6921,0.2698,3,0.2788,0.3439,temporal_conflict,1
jiis_trace_0454,jiis_trace_0454_s6,6,answer_synthesis,0.8161,0.8577,0.5106,1,0.6544,0.4225,clean,0
jiis_trace_0454,jiis_trace_0454_s7,7,query_decomposition,0.9134,0.6984,0.1771,1,0.813,0.3713,clean,0
jiis_trace_0454,jiis_trace_0454_s8,8,entity_binding,0.8278,0.6752,0.2226,2,0.8183,0.8066,clean,0
jiis_trace_0454,jiis_trace_0454_s9,9,evidence_retrieval,0.7643,0.6865,0.4667,0,0.7367,0.4363,clean,0
jiis_trace_0454,jiis_trace_0454_s10,10,relation_check,0.7392,0.6489,0.1665,3,0.6056,0.5361,clean,0
jiis_trace_0455,jiis_trace_0455_s1,1,query_decomposition,0.909,0.8059,0.5334,0,0.6349,0.6971,clean,0
jiis_trace_0455,jiis_trace_0455_s2,2,entity_binding,0.3083,0.8957,0.1035,2,0.629,0.7907,entity_binding_error,1
jiis_trace_0455,jiis_trace_0455_s3,3,evidence_retrieval,0.8907,0.6593,0.0952,0,0.7184,0.3883,clean,0
jiis_trace_0455,jiis_trace_0455_s4,4,relation_check,0.9092,0.7385,0.3911,1,0.7681,0.3379,clean,0
jiis_trace_0455,jiis_trace_0455_s5,5,conflict_check,0.8423,0.7063,0.3015,1,0.8833,0.6078,clean,0
jiis_trace_0455,jiis_trace_0455_s6,6,answer_synthesis,0.8343,0.6521,0.5534,3,0.8475,0.8107,clean,0
jiis_trace_0456,jiis_trace_0456_s1,1,query_decomposition,0.8368,0.7049,0.2217,1,0.7681,0.7029,clean,0
jiis_trace_0456,jiis_trace_0456_s2,2,entity_binding,0.7758,0.7361,0.3149,2,0.5501,0.573,clean,0
jiis_trace_0456,jiis_trace_0456_s3,3,evidence_retrieval,0.8217,0.32,0.1041,0,0.6629,0.8195,missing_evidence,1
jiis_trace_0456,jiis_trace_0456_s4,4,relation_check,0.9049,0.671,0.3259,1,0.8816,0.3283,clean,0
jiis_trace_0456,jiis_trace_0456_s5,5,conflict_check,0.888,0.8608,0.4471,0,0.6144,0.6362,clean,0
jiis_trace_0456,jiis_trace_0456_s6,6,answer_synthesis,0.8638,0.7384,0.2893,0,0.8267,0.6253,clean,0
jiis_trace_0456,jiis_trace_0456_s7,7,query_decomposition,0.7347,0.6565,0.541,3,0.8738,0.3827,clean,0
jiis_trace_0457,jiis_trace_0457_s1,1,query_decomposition,0.9083,0.747,0.471,0,0.6199,0.885,clean,0
jiis_trace_0457,jiis_trace_0457_s2,2,entity_binding,0.8064,0.6349,0.6138,1,0.8522,0.2652,clean,0
jiis_trace_0457,jiis_trace_0457_s3,3,evidence_retrieval,0.8463,0.7272,0.8245,0,0.8298,0.564,duplicate_support,1
jiis_trace_0457,jiis_trace_0457_s4,4,relation_check,0.9174,0.858,0.8358,3,0.8949,0.5157,duplicate_support,1
jiis_trace_0457,jiis_trace_0457_s5,5,conflict_check,0.8001,0.6844,0.8519,2,0.7621,0.7689,duplicate_support,1
jiis_trace_0457,jiis_trace_0457_s6,6,answer_synthesis,0.7559,0.8391,0.4083,0,0.7737,0.2899,clean,0
jiis_trace_0457,jiis_trace_0457_s7,7,query_decomposition,0.8097,0.8736,0.3476,1,0.5672,0.2864,clean,0
jiis_trace_0457,jiis_trace_0457_s8,8,entity_binding,0.7652,0.7617,0.4383,1,0.5844,0.4724,clean,0
jiis_trace_0458,jiis_trace_0458_s1,1,query_decomposition,0.7668,0.6361,0.2668,2,0.8905,0.8388,clean,0
jiis_trace_0458,jiis_trace_0458_s2,2,entity_binding,0.7913,0.8,0.4367,3,0.5705,0.623,dependency_bottleneck,1
jiis_trace_0458,jiis_trace_0458_s3,3,evidence_retrieval,0.8544,0.8153,0.4581,3,0.6199,0.2705,dependency_bottleneck,1
jiis_trace_0458,jiis_trace_0458_s4,4,relation_check,0.7535,0.7342,0.2985,0,0.8696,0.885,clean,0
jiis_trace_0458,jiis_trace_0458_s5,5,conflict_check,0.8036,0.6352,0.1243,0,0.6435,0.7098,clean,0
jiis_trace_0458,jiis_trace_0458_s6,6,answer_synthesis,0.8495,0.6215,0.3049,0,0.7811,0.2705,clean,0
jiis_trace_0458,jiis_trace_0458_s7,7,query_decomposition,0.8453,0.7498,0.1608,1,0.5763,0.3728,clean,0
jiis_trace_0458,jiis_trace_0458_s8,8,entity_binding,0.8371,0.6414,0.1899,0,0.5796,0.2692,clean,0
jiis_trace_0458,jiis_trace_0458_s9,9,evidence_retrieval,0.8831,0.814,0.2333,0,0.5798,0.3434,clean,0
jiis_trace_0459,jiis_trace_0459_s1,1,query_decomposition,0.9033,0.8457,0.5261,1,0.6464,0.3084,clean,0
jiis_trace_0459,jiis_trace_0459_s2,2,entity_binding,0.9184,0.845,0.5082,3,0.8215,0.7204,clean,0
jiis_trace_0459,jiis_trace_0459_s3,3,evidence_retrieval,0.8596,0.8683,0.1739,3,0.6371,0.481,clean,0
jiis_trace_0459,jiis_trace_0459_s4,4,relation_check,0.8182,0.6691,0.1516,1,0.8458,0.3928,clean,0
jiis_trace_0459,jiis_trace_0459_s5,5,conflict_check,0.8364,0.7152,0.4129,2,0.2551,0.6032,temporal_conflict,1
jiis_trace_0459,jiis_trace_0459_s6,6,answer_synthesis,0.9127,0.8053,0.1568,0,0.6271,0.454,clean,0
jiis_trace_0459,jiis_trace_0459_s7,7,query_decomposition,0.8607,0.6585,0.5465,1,0.7979,0.3362,clean,0
jiis_trace_0459,jiis_trace_0459_s8,8,entity_binding,0.7561,0.8948,0.1459,3,0.6763,0.7641,clean,0
jiis_trace_0459,jiis_trace_0459_s9,9,evidence_retrieval,0.7559,0.8669,0.4541,3,0.62,0.7322,clean,0
jiis_trace_0459,jiis_trace_0459_s10,10,relation_check,0.9062,0.8929,0.2584,0,0.8342,0.3881,clean,0
jiis_trace_0460,jiis_trace_0460_s1,1,query_decomposition,0.8394,0.7947,0.4356,2,0.6149,0.5374,clean,0
jiis_trace_0460,jiis_trace_0460_s2,2,entity_binding,0.3176,0.8045,0.3619,2,0.65,0.7574,entity_binding_error,1
jiis_trace_0460,jiis_trace_0460_s3,3,evidence_retrieval,0.869,0.684,0.1689,2,0.8488,0.4866,clean,0
jiis_trace_0460,jiis_trace_0460_s4,4,relation_check,0.8284,0.7288,0.1737,3,0.786,0.2239,clean,0
jiis_trace_0460,jiis_trace_0460_s5,5,conflict_check,0.8051,0.7219,0.4992,3,0.8771,0.3972,clean,0
jiis_trace_0460,jiis_trace_0460_s6,6,answer_synthesis,0.8908,0.7412,0.1669,1,0.8039,0.241,clean,0
jiis_trace_0461,jiis_trace_0461_s1,1,query_decomposition,0.7848,0.7466,0.5672,1,0.659,0.4175,clean,0
jiis_trace_0461,jiis_trace_0461_s2,2,entity_binding,0.7932,0.79,0.5269,2,0.6823,0.2266,clean,0
jiis_trace_0461,jiis_trace_0461_s3,3,evidence_retrieval,0.8651,0.3499,0.1891,1,0.6767,0.4694,missing_evidence,1
jiis_trace_0461,jiis_trace_0461_s4,4,relation_check,0.8388,0.733,0.3491,2,0.6977,0.732,clean,0
jiis_trace_0461,jiis_trace_0461_s5,5,conflict_check,0.8169,0.8889,0.5687,3,0.7023,0.2152,clean,0
jiis_trace_0461,jiis_trace_0461_s6,6,answer_synthesis,0.8025,0.7984,0.4757,0,0.6826,0.3447,clean,0
jiis_trace_0461,jiis_trace_0461_s7,7,query_decomposition,0.8868,0.8804,0.1974,0,0.8332,0.7518,clean,0
jiis_trace_0462,jiis_trace_0462_s1,1,query_decomposition,0.9184,0.8349,0.6157,3,0.698,0.8065,clean,0
jiis_trace_0462,jiis_trace_0462_s2,2,entity_binding,0.8421,0.8426,0.5414,2,0.8489,0.8512,clean,0
jiis_trace_0462,jiis_trace_0462_s3,3,evidence_retrieval,0.8654,0.7598,0.8232,3,0.8989,0.2485,duplicate_support,1
jiis_trace_0462,jiis_trace_0462_s4,4,relation_check,0.8216,0.6663,0.8462,2,0.6756,0.8329,duplicate_support,1
jiis_trace_0462,jiis_trace_0462_s5,5,conflict_check,0.8002,0.6789,0.8365,0,0.7704,0.6368,duplicate_support,1
jiis_trace_0462,jiis_trace_0462_s6,6,answer_synthesis,0.8032,0.6443,0.2986,3,0.8863,0.6204,clean,0
jiis_trace_0462,jiis_trace_0462_s7,7,query_decomposition,0.9088,0.7641,0.2057,1,0.7152,0.8762,clean,0
jiis_trace_0462,jiis_trace_0462_s8,8,entity_binding,0.8013,0.7233,0.096,1,0.6965,0.5366,clean,0
jiis_trace_0463,jiis_trace_0463_s1,1,query_decomposition,0.9154,0.7226,0.4467,3,0.6932,0.2491,clean,0
jiis_trace_0463,jiis_trace_0463_s2,2,entity_binding,0.7955,0.8,0.1962,3,0.7609,0.4213,dependency_bottleneck,1
jiis_trace_0463,jiis_trace_0463_s3,3,evidence_retrieval,0.8657,0.8,0.6165,3,0.666,0.5733,dependency_bottleneck,1
jiis_trace_0463,jiis_trace_0463_s4,4,relation_check,0.8355,0.866,0.4147,1,0.8882,0.603,clean,0
jiis_trace_0463,jiis_trace_0463_s5,5,conflict_check,0.9023,0.6814,0.0837,1,0.5588,0.7578,clean,0
jiis_trace_0463,jiis_trace_0463_s6,6,answer_synthesis,0.8397,0.6454,0.1916,1,0.8877,0.4904,clean,0
jiis_trace_0463,jiis_trace_0463_s7,7,query_decomposition,0.7678,0.8977,0.3276,1,0.717,0.8038,clean,0
jiis_trace_0463,jiis_trace_0463_s8,8,entity_binding,0.8305,0.6509,0.2362,3,0.6616,0.5703,clean,0
jiis_trace_0463,jiis_trace_0463_s9,9,evidence_retrieval,0.8066,0.7401,0.4458,1,0.7638,0.4362,clean,0
jiis_trace_0464,jiis_trace_0464_s1,1,query_decomposition,0.7721,0.6773,0.4882,0,0.6137,0.3633,clean,0
jiis_trace_0464,jiis_trace_0464_s2,2,entity_binding,0.7611,0.7493,0.1857,3,0.7403,0.4428,clean,0
jiis_trace_0464,jiis_trace_0464_s3,3,evidence_retrieval,0.8697,0.7996,0.4735,0,0.5618,0.24,clean,0
jiis_trace_0464,jiis_trace_0464_s4,4,relation_check,0.9143,0.8917,0.1148,1,0.6477,0.35,clean,0
jiis_trace_0464,jiis_trace_0464_s5,5,conflict_check,0.8541,0.7699,0.5475,1,0.2777,0.8361,temporal_conflict,1
jiis_trace_0464,jiis_trace_0464_s6,6,answer_synthesis,0.7599,0.8987,0.1308,0,0.6148,0.7381,clean,0
jiis_trace_0464,jiis_trace_0464_s7,7,query_decomposition,0.7578,0.7212,0.4975,0,0.5856,0.5577,clean,0
jiis_trace_0464,jiis_trace_0464_s8,8,entity_binding,0.8804,0.8324,0.3055,0,0.8806,0.2293,clean,0
jiis_trace_0464,jiis_trace_0464_s9,9,evidence_retrieval,0.7287,0.7212,0.1075,1,0.8547,0.8249,clean,0
jiis_trace_0464,jiis_trace_0464_s10,10,relation_check,0.8235,0.6385,0.1389,3,0.6655,0.7624,clean,0
jiis_trace_0465,jiis_trace_0465_s1,1,query_decomposition,0.8442,0.7701,0.2354,0,0.6602,0.5174,clean,0
jiis_trace_0465,jiis_trace_0465_s2,2,entity_binding,0.2921,0.8329,0.3444,2,0.8252,0.7149,entity_binding_error,1
jiis_trace_0465,jiis_trace_0465_s3,3,evidence_retrieval,0.8531,0.7986,0.3473,2,0.8041,0.2873,clean,0
jiis_trace_0465,jiis_trace_0465_s4,4,relation_check,0.7801,0.7264,0.2932,0,0.8955,0.2903,clean,0
jiis_trace_0465,jiis_trace_0465_s5,5,conflict_check,0.8496,0.7987,0.344,3,0.8201,0.7864,clean,0
jiis_trace_0465,jiis_trace_0465_s6,6,answer_synthesis,0.7603,0.8772,0.161,1,0.6825,0.6402,clean,0
jiis_trace_0466,jiis_trace_0466_s1,1,query_decomposition,0.8421,0.6465,0.1334,0,0.6378,0.7467,clean,0
jiis_trace_0466,jiis_trace_0466_s2,2,entity_binding,0.8096,0.6948,0.6171,3,0.8765,0.2606,clean,0
jiis_trace_0466,jiis_trace_0466_s3,3,evidence_retrieval,0.8565,0.3137,0.3823,1,0.7085,0.5614,missing_evidence,1
jiis_trace_0466,jiis_trace_0466_s4,4,relation_check,0.7207,0.6225,0.1108,2,0.5944,0.4355,clean,0
jiis_trace_0466,jiis_trace_0466_s5,5,conflict_check,0.7509,0.7223,0.3303,2,0.6573,0.8213,clean,0
jiis_trace_0466,jiis_trace_0466_s6,6,answer_synthesis,0.8058,0.7772,0.2151,0,0.6275,0.5541,clean,0
jiis_trace_0466,jiis_trace_0466_s7,7,query_decomposition,0.8082,0.7501,0.2943,1,0.7101,0.7257,clean,0
jiis_trace_0467,jiis_trace_0467_s1,1,query_decomposition,0.8442,0.6857,0.3167,0,0.7462,0.3266,clean,0
jiis_trace_0467,jiis_trace_0467_s2,2,entity_binding,0.868,0.6892,0.2625,3,0.8233,0.7834,clean,0
jiis_trace_0467,jiis_trace_0467_s3,3,evidence_retrieval,0.7607,0.8984,0.8379,0,0.625,0.539,duplicate_support,1
jiis_trace_0467,jiis_trace_0467_s4,4,relation_check,0.8654,0.706,0.8255,1,0.6236,0.5036,duplicate_support,1
jiis_trace_0467,jiis_trace_0467_s5,5,conflict_check,0.8724,0.7128,0.8559,1,0.7598,0.4745,duplicate_support,1
jiis_trace_0467,jiis_trace_0467_s6,6,answer_synthesis,0.8378,0.6281,0.3192,3,0.754,0.5575,clean,0
jiis_trace_0467,jiis_trace_0467_s7,7,query_decomposition,0.8715,0.8764,0.3905,1,0.794,0.3737,clean,0
jiis_trace_0467,jiis_trace_0467_s8,8,entity_binding,0.8735,0.7985,0.3029,0,0.5563,0.6802,clean,0
jiis_trace_0468,jiis_trace_0468_s1,1,query_decomposition,0.777,0.6911,0.3724,0,0.7658,0.3553,clean,0
jiis_trace_0468,jiis_trace_0468_s2,2,entity_binding,0.8562,0.8,0.5867,3,0.7023,0.357,dependency_bottleneck,1
jiis_trace_0468,jiis_trace_0468_s3,3,evidence_retrieval,0.7742,0.8134,0.4712,3,0.7107,0.5839,dependency_bottleneck,1
jiis_trace_0468,jiis_trace_0468_s4,4,relation_check,0.8967,0.6826,0.2831,0,0.6205,0.7491,clean,0
jiis_trace_0468,jiis_trace_0468_s5,5,conflict_check,0.7267,0.8265,0.5462,2,0.8963,0.5385,clean,0
jiis_trace_0468,jiis_trace_0468_s6,6,answer_synthesis,0.9132,0.8174,0.5301,3,0.7792,0.4363,clean,0
jiis_trace_0468,jiis_trace_0468_s7,7,query_decomposition,0.8941,0.763,0.1894,1,0.8313,0.2318,clean,0
jiis_trace_0468,jiis_trace_0468_s8,8,entity_binding,0.8815,0.7826,0.3204,3,0.7535,0.4624,clean,0
jiis_trace_0468,jiis_trace_0468_s9,9,evidence_retrieval,0.8604,0.7023,0.0929,3,0.799,0.6169,clean,0
jiis_trace_0469,jiis_trace_0469_s1,1,query_decomposition,0.7609,0.8688,0.5335,2,0.7923,0.8559,clean,0
jiis_trace_0469,jiis_trace_0469_s2,2,entity_binding,0.8173,0.7561,0.2378,2,0.6226,0.2757,clean,0
jiis_trace_0469,jiis_trace_0469_s3,3,evidence_retrieval,0.7287,0.6269,0.3422,3,0.7077,0.7458,clean,0
jiis_trace_0469,jiis_trace_0469_s4,4,relation_check,0.8317,0.6957,0.2485,2,0.8087,0.6664,clean,0
jiis_trace_0469,jiis_trace_0469_s5,5,conflict_check,0.831,0.7307,0.1099,2,0.2439,0.2808,temporal_conflict,1
jiis_trace_0469,jiis_trace_0469_s6,6,answer_synthesis,0.8085,0.649,0.1955,1,0.5976,0.8743,clean,0
jiis_trace_0469,jiis_trace_0469_s7,7,query_decomposition,0.8141,0.7233,0.5841,1,0.6961,0.753,clean,0
jiis_trace_0469,jiis_trace_0469_s8,8,entity_binding,0.7463,0.7307,0.2759,2,0.8468,0.3336,clean,0
jiis_trace_0469,jiis_trace_0469_s9,9,evidence_retrieval,0.87,0.7469,0.1054,3,0.7637,0.3134,clean,0
jiis_trace_0469,jiis_trace_0469_s10,10,relation_check,0.7395,0.8979,0.3032,3,0.6661,0.7451,clean,0
jiis_trace_0470,jiis_trace_0470_s1,1,query_decomposition,0.908,0.778,0.4264,1,0.8938,0.7051,clean,0
jiis_trace_0470,jiis_trace_0470_s2,2,entity_binding,0.3036,0.8781,0.2569,2,0.7187,0.5526,entity_binding_error,1
jiis_trace_0470,jiis_trace_0470_s3,3,evidence_retrieval,0.9136,0.8386,0.3178,1,0.8331,0.7408,clean,0
jiis_trace_0470,jiis_trace_0470_s4,4,relation_check,0.8919,0.8021,0.3947,1,0.7263,0.6857,clean,0
jiis_trace_0470,jiis_trace_0470_s5,5,conflict_check,0.8951,0.8546,0.1701,1,0.8443,0.6708,clean,0
jiis_trace_0470,jiis_trace_0470_s6,6,answer_synthesis,0.7635,0.8956,0.4967,1,0.8102,0.3189,clean,0
jiis_trace_0471,jiis_trace_0471_s1,1,query_decomposition,0.7952,0.8663,0.3328,0,0.7157,0.3243,clean,0
jiis_trace_0471,jiis_trace_0471_s2,2,entity_binding,0.8859,0.7361,0.4645,1,0.776,0.3476,clean,0
jiis_trace_0471,jiis_trace_0471_s3,3,evidence_retrieval,0.8858,0.3132,0.3237,0,0.7518,0.4025,missing_evidence,1
jiis_trace_0471,jiis_trace_0471_s4,4,relation_check,0.8485,0.6426,0.2141,2,0.8004,0.8448,clean,0
jiis_trace_0471,jiis_trace_0471_s5,5,conflict_check,0.7528,0.7494,0.5821,1,0.7715,0.4823,clean,0
jiis_trace_0471,jiis_trace_0471_s6,6,answer_synthesis,0.8424,0.7869,0.2661,3,0.6385,0.8915,clean,0
jiis_trace_0471,jiis_trace_0471_s7,7,query_decomposition,0.8317,0.6793,0.3974,0,0.8938,0.7327,clean,0
jiis_trace_0472,jiis_trace_0472_s1,1,query_decomposition,0.8533,0.8272,0.5717,2,0.8715,0.8125,clean,0
jiis_trace_0472,jiis_trace_0472_s2,2,entity_binding,0.7395,0.6873,0.6115,2,0.6164,0.6547,clean,0
jiis_trace_0472,jiis_trace_0472_s3,3,evidence_retrieval,0.806,0.7358,0.8349,0,0.7255,0.7198,duplicate_support,1
jiis_trace_0472,jiis_trace_0472_s4,4,relation_check,0.8508,0.7876,0.8548,2,0.8782,0.4868,duplicate_support,1
jiis_trace_0472,jiis_trace_0472_s5,5,conflict_check,0.8065,0.6762,0.8529,1,0.5772,0.2076,duplicate_support,1
jiis_trace_0472,jiis_trace_0472_s6,6,answer_synthesis,0.8358,0.8126,0.2164,3,0.7771,0.3196,clean,0
jiis_trace_0472,jiis_trace_0472_s7,7,query_decomposition,0.8542,0.8152,0.5114,3,0.7288,0.3613,clean,0
jiis_trace_0472,jiis_trace_0472_s8,8,entity_binding,0.7596,0.8516,0.4651,1,0.8484,0.2143,clean,0
jiis_trace_0473,jiis_trace_0473_s1,1,query_decomposition,0.7244,0.8102,0.5843,1,0.6733,0.3951,clean,0
jiis_trace_0473,jiis_trace_0473_s2,2,entity_binding,0.807,0.8186,0.3132,3,0.5938,0.7793,dependency_bottleneck,1
jiis_trace_0473,jiis_trace_0473_s3,3,evidence_retrieval,0.8824,0.8,0.3583,3,0.8123,0.2873,dependency_bottleneck,1
jiis_trace_0473,jiis_trace_0473_s4,4,relation_check,0.8977,0.8789,0.2992,1,0.7753,0.2466,clean,0
jiis_trace_0473,jiis_trace_0473_s5,5,conflict_check,0.8307,0.7974,0.2351,1,0.6563,0.3155,clean,0
jiis_trace_0473,jiis_trace_0473_s6,6,answer_synthesis,0.8786,0.7339,0.4182,3,0.5597,0.3141,clean,0
jiis_trace_0473,jiis_trace_0473_s7,7,query_decomposition,0.9037,0.8194,0.207,2,0.8452,0.285,clean,0
jiis_trace_0473,jiis_trace_0473_s8,8,entity_binding,0.8243,0.6363,0.4665,2,0.6812,0.6338,clean,0
jiis_trace_0473,jiis_trace_0473_s9,9,evidence_retrieval,0.8428,0.7329,0.5947,2,0.7011,0.2537,clean,0
jiis_trace_0474,jiis_trace_0474_s1,1,query_decomposition,0.8155,0.6311,0.5537,0,0.8842,0.5888,clean,0
jiis_trace_0474,jiis_trace_0474_s2,2,entity_binding,0.8798,0.8513,0.5907,3,0.804,0.7825,clean,0
jiis_trace_0474,jiis_trace_0474_s3,3,evidence_retrieval,0.7713,0.6815,0.2685,3,0.7139,0.8584,clean,0
jiis_trace_0474,jiis_trace_0474_s4,4,relation_check,0.8101,0.8223,0.5444,0,0.6685,0.6885,clean,0
jiis_trace_0474,jiis_trace_0474_s5,5,conflict_check,0.8298,0.7855,0.4588,0,0.2213,0.2086,temporal_conflict,1
jiis_trace_0474,jiis_trace_0474_s6,6,answer_synthesis,0.7794,0.6829,0.2448,3,0.7164,0.2206,clean,0
jiis_trace_0474,jiis_trace_0474_s7,7,query_decomposition,0.81,0.6596,0.1756,3,0.8334,0.713,clean,0
jiis_trace_0474,jiis_trace_0474_s8,8,entity_binding,0.7417,0.7306,0.4512,1,0.7474,0.7089,clean,0
jiis_trace_0474,jiis_trace_0474_s9,9,evidence_retrieval,0.7326,0.6902,0.1639,0,0.5995,0.2841,clean,0
jiis_trace_0474,jiis_trace_0474_s10,10,relation_check,0.7266,0.7997,0.1701,1,0.7422,0.7419,clean,0
jiis_trace_0475,jiis_trace_0475_s1,1,query_decomposition,0.7508,0.821,0.1223,1,0.5524,0.3846,clean,0
jiis_trace_0475,jiis_trace_0475_s2,2,entity_binding,0.2855,0.7682,0.2244,3,0.5624,0.3981,entity_binding_error,1
jiis_trace_0475,jiis_trace_0475_s3,3,evidence_retrieval,0.8348,0.8131,0.3795,2,0.6001,0.5787,clean,0
jiis_trace_0475,jiis_trace_0475_s4,4,relation_check,0.8892,0.8856,0.5668,2,0.6954,0.7858,clean,0
jiis_trace_0475,jiis_trace_0475_s5,5,conflict_check,0.8757,0.7405,0.4209,0,0.801,0.7344,clean,0
jiis_trace_0475,jiis_trace_0475_s6,6,answer_synthesis,0.8901,0.6766,0.5109,3,0.72,0.5718,clean,0
jiis_trace_0476,jiis_trace_0476_s1,1,query_decomposition,0.778,0.7738,0.4642,2,0.6389,0.7509,clean,0
jiis_trace_0476,jiis_trace_0476_s2,2,entity_binding,0.8462,0.7482,0.1407,2,0.6939,0.3854,clean,0
jiis_trace_0476,jiis_trace_0476_s3,3,evidence_retrieval,0.8878,0.3473,0.5807,3,0.7504,0.2382,missing_evidence,1
jiis_trace_0476,jiis_trace_0476_s4,4,relation_check,0.7665,0.7019,0.5854,0,0.78,0.428,clean,0
jiis_trace_0476,jiis_trace_0476_s5,5,conflict_check,0.8598,0.6684,0.5447,3,0.7836,0.4618,clean,0
jiis_trace_0476,jiis_trace_0476_s6,6,answer_synthesis,0.8626,0.7247,0.264,2,0.6118,0.4146,clean,0
jiis_trace_0476,jiis_trace_0476_s7,7,query_decomposition,0.758,0.6242,0.3936,0,0.8704,0.6896,clean,0
jiis_trace_0477,jiis_trace_0477_s1,1,query_decomposition,0.8252,0.7385,0.3443,1,0.7635,0.4495,clean,0
jiis_trace_0477,jiis_trace_0477_s2,2,entity_binding,0.9063,0.8815,0.5058,3,0.726,0.7126,clean,0
jiis_trace_0477,jiis_trace_0477_s3,3,evidence_retrieval,0.8734,0.7141,0.8505,1,0.6156,0.7989,duplicate_support,1
jiis_trace_0477,jiis_trace_0477_s4,4,relation_check,0.9116,0.8604,0.8497,0,0.8506,0.7828,duplicate_support,1
jiis_trace_0477,jiis_trace_0477_s5,5,conflict_check,0.8968,0.7275,0.8206,3,0.7441,0.4902,duplicate_support,1
jiis_trace_0477,jiis_trace_0477_s6,6,answer_synthesis,0.9098,0.6428,0.363,0,0.6678,0.6543,clean,0
jiis_trace_0477,jiis_trace_0477_s7,7,query_decomposition,0.7362,0.6628,0.2344,3,0.7292,0.7025,clean,0
jiis_trace_0477,jiis_trace_0477_s8,8,entity_binding,0.7504,0.6597,0.5812,3,0.6479,0.3094,clean,0
jiis_trace_0478,jiis_trace_0478_s1,1,query_decomposition,0.8941,0.7469,0.1657,1,0.8742,0.8604,clean,0
jiis_trace_0478,jiis_trace_0478_s2,2,entity_binding,0.8137,0.8178,0.6118,3,0.7237,0.7144,dependency_bottleneck,1
jiis_trace_0478,jiis_trace_0478_s3,3,evidence_retrieval,0.8855,0.8,0.4298,3,0.6687,0.4354,dependency_bottleneck,1
jiis_trace_0478,jiis_trace_0478_s4,4,relation_check,0.8523,0.713,0.2235,2,0.6923,0.4693,clean,0
jiis_trace_0478,jiis_trace_0478_s5,5,conflict_check,0.8293,0.6548,0.4649,3,0.7603,0.4731,clean,0
jiis_trace_0478,jiis_trace_0478_s6,6,answer_synthesis,0.8407,0.681,0.2948,3,0.7195,0.8076,clean,0
jiis_trace_0478,jiis_trace_0478_s7,7,query_decomposition,0.8141,0.7631,0.4411,3,0.8862,0.2406,clean,0
jiis_trace_0478,jiis_trace_0478_s8,8,entity_binding,0.7935,0.8705,0.6265,3,0.7117,0.4372,clean,0
jiis_trace_0478,jiis_trace_0478_s9,9,evidence_retrieval,0.7705,0.8752,0.6006,2,0.8502,0.598,clean,0
jiis_trace_0479,jiis_trace_0479_s1,1,query_decomposition,0.8309,0.6338,0.2386,2,0.6478,0.6541,clean,0
jiis_trace_0479,jiis_trace_0479_s2,2,entity_binding,0.9073,0.7152,0.1116,3,0.6885,0.7191,clean,0
jiis_trace_0479,jiis_trace_0479_s3,3,evidence_retrieval,0.8287,0.6204,0.2737,3,0.7971,0.301,clean,0
jiis_trace_0479,jiis_trace_0479_s4,4,relation_check,0.8344,0.7385,0.1019,0,0.8431,0.4482,clean,0
jiis_trace_0479,jiis_trace_0479_s5,5,conflict_check,0.905,0.8928,0.5666,1,0.2875,0.5552,temporal_conflict,1
jiis_trace_0479,jiis_trace_0479_s6,6,answer_synthesis,0.8978,0.6837,0.3282,1,0.7565,0.2689,clean,0
jiis_trace_0479,jiis_trace_0479_s7,7,query_decomposition,0.7565,0.7931,0.3474,0,0.7019,0.21,clean,0
jiis_trace_0479,jiis_trace_0479_s8,8,entity_binding,0.8126,0.6768,0.4185,1,0.6111,0.8113,clean,0
jiis_trace_0479,jiis_trace_0479_s9,9,evidence_retrieval,0.904,0.645,0.1145,2,0.869,0.5653,clean,0
jiis_trace_0479,jiis_trace_0479_s10,10,relation_check,0.8324,0.6513,0.5163,0,0.6439,0.7649,clean,0
jiis_trace_0480,jiis_trace_0480_s1,1,query_decomposition,0.742,0.8103,0.2523,2,0.6414,0.4741,clean,0
jiis_trace_0480,jiis_trace_0480_s2,2,entity_binding,0.2941,0.8869,0.1101,2,0.7817,0.6851,entity_binding_error,1
jiis_trace_0480,jiis_trace_0480_s3,3,evidence_retrieval,0.91,0.7488,0.2581,3,0.6753,0.4782,clean,0
jiis_trace_0480,jiis_trace_0480_s4,4,relation_check,0.8082,0.8865,0.3492,3,0.6115,0.8292,clean,0
jiis_trace_0480,jiis_trace_0480_s5,5,conflict_check,0.8005,0.8345,0.3277,2,0.6768,0.8263,clean,0
jiis_trace_0480,jiis_trace_0480_s6,6,answer_synthesis,0.8616,0.7289,0.2343,2,0.8815,0.6893,clean,0
jiis_trace_0481,jiis_trace_0481_s1,1,query_decomposition,0.9109,0.6415,0.1601,2,0.7287,0.3176,clean,0
jiis_trace_0481,jiis_trace_0481_s2,2,entity_binding,0.8825,0.8343,0.2967,1,0.6534,0.8869,clean,0
jiis_trace_0481,jiis_trace_0481_s3,3,evidence_retrieval,0.8394,0.3092,0.4157,1,0.584,0.2736,missing_evidence,1
jiis_trace_0481,jiis_trace_0481_s4,4,relation_check,0.9052,0.7781,0.41,1,0.7912,0.5344,clean,0
jiis_trace_0481,jiis_trace_0481_s5,5,conflict_check,0.8631,0.6249,0.1606,3,0.6114,0.725,clean,0
jiis_trace_0481,jiis_trace_0481_s6,6,answer_synthesis,0.805,0.803,0.2268,3,0.8957,0.6882,clean,0
jiis_trace_0481,jiis_trace_0481_s7,7,query_decomposition,0.8943,0.6501,0.6134,2,0.8669,0.7104,clean,0
jiis_trace_0482,jiis_trace_0482_s1,1,query_decomposition,0.7248,0.8889,0.5276,2,0.5647,0.5576,clean,0
jiis_trace_0482,jiis_trace_0482_s2,2,entity_binding,0.7653,0.6331,0.3137,3,0.5819,0.7561,clean,0
jiis_trace_0482,jiis_trace_0482_s3,3,evidence_retrieval,0.7257,0.8497,0.836,1,0.8679,0.4072,duplicate_support,1
jiis_trace_0482,jiis_trace_0482_s4,4,relation_check,0.8818,0.716,0.8383,0,0.7958,0.4298,duplicate_support,1
jiis_trace_0482,jiis_trace_0482_s5,5,conflict_check,0.7425,0.6761,0.8457,1,0.7689,0.7545,duplicate_support,1
jiis_trace_0482,jiis_trace_0482_s6,6,answer_synthesis,0.7409,0.8841,0.3048,1,0.849,0.2413,clean,0
jiis_trace_0482,jiis_trace_0482_s7,7,query_decomposition,0.8413,0.7053,0.5817,2,0.5685,0.8024,clean,0
jiis_trace_0482,jiis_trace_0482_s8,8,entity_binding,0.901,0.8962,0.5045,3,0.7547,0.7455,clean,0
jiis_trace_0483,jiis_trace_0483_s1,1,query_decomposition,0.9131,0.8019,0.3816,1,0.5982,0.6958,clean,0
jiis_trace_0483,jiis_trace_0483_s2,2,entity_binding,0.7899,0.8423,0.4458,3,0.7113,0.5829,dependency_bottleneck,1
jiis_trace_0483,jiis_trace_0483_s3,3,evidence_retrieval,0.9011,0.8689,0.3144,3,0.5882,0.5545,dependency_bottleneck,1
jiis_trace_0483,jiis_trace_0483_s4,4,relation_check,0.9108,0.8538,0.3262,3,0.62,0.8966,clean,0
jiis_trace_0483,jiis_trace_0483_s5,5,conflict_check,0.8225,0.8979,0.5328,3,0.8583,0.5185,clean,0
jiis_trace_0483,jiis_trace_0483_s6,6,answer_synthesis,0.8686,0.8085,0.4976,2,0.8517,0.6938,clean,0
jiis_trace_0483,jiis_trace_0483_s7,7,query_decomposition,0.8724,0.8027,0.3317,3,0.8937,0.2215,clean,0
jiis_trace_0483,jiis_trace_0483_s8,8,entity_binding,0.8767,0.6409,0.237,0,0.603,0.8876,clean,0
jiis_trace_0483,jiis_trace_0483_s9,9,evidence_retrieval,0.765,0.8249,0.5315,2,0.8381,0.4388,clean,0
jiis_trace_0484,jiis_trace_0484_s1,1,query_decomposition,0.9197,0.6766,0.2275,0,0.7478,0.6977,clean,0
jiis_trace_0484,jiis_trace_0484_s2,2,entity_binding,0.7413,0.8039,0.0851,0,0.6991,0.5809,clean,0
jiis_trace_0484,jiis_trace_0484_s3,3,evidence_retrieval,0.784,0.8115,0.1214,3,0.5934,0.734,clean,0
jiis_trace_0484,jiis_trace_0484_s4,4,relation_check,0.7626,0.8454,0.0882,2,0.7549,0.8458,clean,0
jiis_trace_0484,jiis_trace_0484_s5,5,conflict_check,0.8,0.6492,0.6237,2,0.2753,0.5075,temporal_conflict,1
jiis_trace_0484,jiis_trace_0484_s6,6,answer_synthesis,0.8517,0.6326,0.1431,1,0.5551,0.473,clean,0
jiis_trace_0484,jiis_trace_0484_s7,7,query_decomposition,0.7627,0.6541,0.2465,1,0.7161,0.4067,clean,0
jiis_trace_0484,jiis_trace_0484_s8,8,entity_binding,0.8497,0.6779,0.5492,0,0.824,0.8984,clean,0
jiis_trace_0484,jiis_trace_0484_s9,9,evidence_retrieval,0.7693,0.7983,0.1389,0,0.7081,0.6792,clean,0
jiis_trace_0484,jiis_trace_0484_s10,10,relation_check,0.7513,0.65,0.3493,3,0.7414,0.853,clean,0
jiis_trace_0485,jiis_trace_0485_s1,1,query_decomposition,0.8108,0.6381,0.2541,0,0.6147,0.2683,clean,0
jiis_trace_0485,jiis_trace_0485_s2,2,entity_binding,0.3275,0.7627,0.5716,3,0.7499,0.4728,entity_binding_error,1
jiis_trace_0485,jiis_trace_0485_s3,3,evidence_retrieval,0.7268,0.7365,0.3343,0,0.6511,0.6707,clean,0
jiis_trace_0485,jiis_trace_0485_s4,4,relation_check,0.7813,0.8466,0.1956,1,0.7851,0.2045,clean,0
jiis_trace_0485,jiis_trace_0485_s5,5,conflict_check,0.7393,0.8924,0.5207,2,0.886,0.6609,clean,0
jiis_trace_0485,jiis_trace_0485_s6,6,answer_synthesis,0.7262,0.8976,0.3879,3,0.5851,0.2003,clean,0
jiis_trace_0486,jiis_trace_0486_s1,1,query_decomposition,0.8044,0.7171,0.2863,1,0.6534,0.7929,clean,0
jiis_trace_0486,jiis_trace_0486_s2,2,entity_binding,0.8886,0.7326,0.5451,3,0.8727,0.4247,clean,0
jiis_trace_0486,jiis_trace_0486_s3,3,evidence_retrieval,0.7867,0.3112,0.1995,1,0.712,0.495,missing_evidence,1
jiis_trace_0486,jiis_trace_0486_s4,4,relation_check,0.734,0.7131,0.1113,1,0.7022,0.8534,clean,0
jiis_trace_0486,jiis_trace_0486_s5,5,conflict_check,0.7324,0.6236,0.521,2,0.5505,0.7099,clean,0
jiis_trace_0486,jiis_trace_0486_s6,6,answer_synthesis,0.8998,0.6692,0.345,0,0.6017,0.2822,clean,0
jiis_trace_0486,jiis_trace_0486_s7,7,query_decomposition,0.8195,0.6519,0.12,2,0.8137,0.2816,clean,0
jiis_trace_0487,jiis_trace_0487_s1,1,query_decomposition,0.8886,0.6486,0.4628,1,0.8447,0.3007,clean,0
jiis_trace_0487,jiis_trace_0487_s2,2,entity_binding,0.7265,0.7921,0.1767,3,0.7931,0.8969,clean,0
jiis_trace_0487,jiis_trace_0487_s3,3,evidence_retrieval,0.87,0.8967,0.8411,0,0.7276,0.2191,duplicate_support,1
jiis_trace_0487,jiis_trace_0487_s4,4,relation_check,0.7308,0.7969,0.8257,1,0.8526,0.6577,duplicate_support,1
jiis_trace_0487,jiis_trace_0487_s5,5,conflict_check,0.8244,0.8509,0.8565,2,0.6891,0.7898,duplicate_support,1
jiis_trace_0487,jiis_trace_0487_s6,6,answer_synthesis,0.8303,0.8339,0.1596,3,0.577,0.3315,clean,0
jiis_trace_0487,jiis_trace_0487_s7,7,query_decomposition,0.7214,0.8679,0.2629,2,0.6547,0.2109,clean,0
jiis_trace_0487,jiis_trace_0487_s8,8,entity_binding,0.9013,0.6693,0.3096,0,0.7131,0.6765,clean,0
jiis_trace_0488,jiis_trace_0488_s1,1,query_decomposition,0.8695,0.6944,0.5112,1,0.6788,0.3622,clean,0
jiis_trace_0488,jiis_trace_0488_s2,2,entity_binding,0.7903,0.8,0.3313,3,0.745,0.4728,dependency_bottleneck,1
jiis_trace_0488,jiis_trace_0488_s3,3,evidence_retrieval,0.8476,0.8,0.5507,3,0.6958,0.8893,dependency_bottleneck,1
jiis_trace_0488,jiis_trace_0488_s4,4,relation_check,0.7587,0.6858,0.5009,3,0.8614,0.5081,clean,0
jiis_trace_0488,jiis_trace_0488_s5,5,conflict_check,0.8514,0.7949,0.1525,2,0.6791,0.6476,clean,0
jiis_trace_0488,jiis_trace_0488_s6,6,answer_synthesis,0.8764,0.6869,0.1911,0,0.6062,0.7848,clean,0
jiis_trace_0488,jiis_trace_0488_s7,7,query_decomposition,0.8037,0.7659,0.1445,1,0.7826,0.7942,clean,0
jiis_trace_0488,jiis_trace_0488_s8,8,entity_binding,0.754,0.8118,0.591,3,0.5873,0.2588,clean,0
jiis_trace_0488,jiis_trace_0488_s9,9,evidence_retrieval,0.8981,0.8691,0.1541,2,0.577,0.3447,clean,0
jiis_trace_0489,jiis_trace_0489_s1,1,query_decomposition,0.7411,0.7152,0.264,3,0.5799,0.7189,clean,0
jiis_trace_0489,jiis_trace_0489_s2,2,entity_binding,0.8072,0.7989,0.3208,2,0.748,0.4259,clean,0
jiis_trace_0489,jiis_trace_0489_s3,3,evidence_retrieval,0.8854,0.7762,0.2025,1,0.6798,0.8606,clean,0
jiis_trace_0489,jiis_trace_0489_s4,4,relation_check,0.8075,0.6523,0.4306,2,0.8878,0.8932,clean,0
jiis_trace_0489,jiis_trace_0489_s5,5,conflict_check,0.8426,0.8726,0.3674,2,0.2502,0.3651,temporal_conflict,1
jiis_trace_0489,jiis_trace_0489_s6,6,answer_synthesis,0.8601,0.8164,0.2504,1,0.7518,0.8673,clean,0
jiis_trace_0489,jiis_trace_0489_s7,7,query_decomposition,0.8075,0.7121,0.2878,1,0.7567,0.8003,clean,0
jiis_trace_0489,jiis_trace_0489_s8,8,entity_binding,0.8572,0.7371,0.3176,2,0.7142,0.2696,clean,0
jiis_trace_0489,jiis_trace_0489_s9,9,evidence_retrieval,0.8558,0.8672,0.4147,3,0.8128,0.3817,clean,0
jiis_trace_0489,jiis_trace_0489_s10,10,relation_check,0.8172,0.8918,0.2405,0,0.6729,0.7997,clean,0
jiis_trace_0490,jiis_trace_0490_s1,1,query_decomposition,0.7535,0.698,0.3018,2,0.6229,0.8375,clean,0
jiis_trace_0490,jiis_trace_0490_s2,2,entity_binding,0.3078,0.677,0.2016,3,0.8028,0.2446,entity_binding_error,1
jiis_trace_0490,jiis_trace_0490_s3,3,evidence_retrieval,0.8189,0.8228,0.1815,1,0.8734,0.8331,clean,0
jiis_trace_0490,jiis_trace_0490_s4,4,relation_check,0.8381,0.6432,0.5808,3,0.8655,0.321,clean,0
jiis_trace_0490,jiis_trace_0490_s5,5,conflict_check,0.8654,0.7576,0.1647,3,0.5799,0.4309,clean,0
jiis_trace_0490,jiis_trace_0490_s6,6,answer_synthesis,0.9056,0.6202,0.536,2,0.8855,0.3993,clean,0
jiis_trace_0491,jiis_trace_0491_s1,1,query_decomposition,0.9182,0.7736,0.5807,1,0.8484,0.7009,clean,0
jiis_trace_0491,jiis_trace_0491_s2,2,entity_binding,0.8931,0.6372,0.3239,2,0.5922,0.245,clean,0
jiis_trace_0491,jiis_trace_0491_s3,3,evidence_retrieval,0.7826,0.3301,0.2167,3,0.8641,0.5421,missing_evidence,1
jiis_trace_0491,jiis_trace_0491_s4,4,relation_check,0.8212,0.8295,0.3297,0,0.6256,0.682,clean,0
jiis_trace_0491,jiis_trace_0491_s5,5,conflict_check,0.7803,0.8325,0.5464,2,0.8438,0.2574,clean,0
jiis_trace_0491,jiis_trace_0491_s6,6,answer_synthesis,0.8829,0.8139,0.2956,1,0.8056,0.6589,clean,0
jiis_trace_0491,jiis_trace_0491_s7,7,query_decomposition,0.8791,0.6466,0.3317,3,0.8699,0.2518,clean,0
jiis_trace_0492,jiis_trace_0492_s1,1,query_decomposition,0.7626,0.8751,0.6251,3,0.8991,0.6433,clean,0
jiis_trace_0492,jiis_trace_0492_s2,2,entity_binding,0.8297,0.8721,0.319,0,0.86,0.7964,clean,0
jiis_trace_0492,jiis_trace_0492_s3,3,evidence_retrieval,0.8224,0.8573,0.8593,1,0.8068,0.3506,duplicate_support,1
jiis_trace_0492,jiis_trace_0492_s4,4,relation_check,0.7551,0.8586,0.8256,1,0.8008,0.7807,duplicate_support,1
jiis_trace_0492,jiis_trace_0492_s5,5,conflict_check,0.7296,0.8862,0.847,2,0.7473,0.2948,duplicate_support,1
jiis_trace_0492,jiis_trace_0492_s6,6,answer_synthesis,0.8194,0.8309,0.2117,3,0.6717,0.2916,clean,0
jiis_trace_0492,jiis_trace_0492_s7,7,query_decomposition,0.9149,0.7062,0.5512,1,0.738,0.2634,clean,0
jiis_trace_0492,jiis_trace_0492_s8,8,entity_binding,0.8895,0.6536,0.1092,2,0.877,0.7508,clean,0
jiis_trace_0493,jiis_trace_0493_s1,1,query_decomposition,0.7943,0.7024,0.277,2,0.5809,0.6667,clean,0
jiis_trace_0493,jiis_trace_0493_s2,2,entity_binding,0.917,0.8279,0.3884,3,0.8624,0.8534,dependency_bottleneck,1
jiis_trace_0493,jiis_trace_0493_s3,3,evidence_retrieval,0.8146,0.8474,0.1414,3,0.7717,0.265,dependency_bottleneck,1
jiis_trace_0493,jiis_trace_0493_s4,4,relation_check,0.751,0.7059,0.154,2,0.6786,0.457,clean,0
jiis_trace_0493,jiis_trace_0493_s5,5,conflict_check,0.8641,0.7231,0.5299,2,0.642,0.73,clean,0
jiis_trace_0493,jiis_trace_0493_s6,6,answer_synthesis,0.88,0.719,0.3824,3,0.8276,0.6587,clean,0
jiis_trace_0493,jiis_trace_0493_s7,7,query_decomposition,0.8844,0.8824,0.4882,2,0.678,0.6245,clean,0
jiis_trace_0493,jiis_trace_0493_s8,8,entity_binding,0.7982,0.8874,0.3241,2,0.7096,0.7085,clean,0
jiis_trace_0493,jiis_trace_0493_s9,9,evidence_retrieval,0.7941,0.6814,0.6209,3,0.5637,0.4352,clean,0
jiis_trace_0494,jiis_trace_0494_s1,1,query_decomposition,0.8644,0.7925,0.3625,0,0.75,0.5463,clean,0
jiis_trace_0494,jiis_trace_0494_s2,2,entity_binding,0.7424,0.6892,0.1652,3,0.6605,0.3421,clean,0
jiis_trace_0494,jiis_trace_0494_s3,3,evidence_retrieval,0.8138,0.759,0.188,0,0.6092,0.2088,clean,0
jiis_trace_0494,jiis_trace_0494_s4,4,relation_check,0.7866,0.8082,0.0984,2,0.6884,0.2214,clean,0
jiis_trace_0494,jiis_trace_0494_s5,5,conflict_check,0.7597,0.838,0.5001,1,0.2556,0.3474,temporal_conflict,1
jiis_trace_0494,jiis_trace_0494_s6,6,answer_synthesis,0.8386,0.6591,0.4692,3,0.7677,0.2602,clean,0
jiis_trace_0494,jiis_trace_0494_s7,7,query_decomposition,0.7804,0.7433,0.124,3,0.8984,0.4469,clean,0
jiis_trace_0494,jiis_trace_0494_s8,8,entity_binding,0.7281,0.8903,0.1504,0,0.7694,0.4111,clean,0
jiis_trace_0494,jiis_trace_0494_s9,9,evidence_retrieval,0.7547,0.8626,0.5649,1,0.6896,0.5766,clean,0
jiis_trace_0494,jiis_trace_0494_s10,10,relation_check,0.7482,0.741,0.2955,3,0.7099,0.5558,clean,0
jiis_trace_0495,jiis_trace_0495_s1,1,query_decomposition,0.9173,0.6269,0.2633,0,0.6488,0.5394,clean,0
jiis_trace_0495,jiis_trace_0495_s2,2,entity_binding,0.3371,0.814,0.1675,3,0.7693,0.2371,entity_binding_error,1
jiis_trace_0495,jiis_trace_0495_s3,3,evidence_retrieval,0.8807,0.8009,0.4634,3,0.6718,0.5383,clean,0
jiis_trace_0495,jiis_trace_0495_s4,4,relation_check,0.7803,0.7688,0.1288,2,0.5581,0.7094,clean,0
jiis_trace_0495,jiis_trace_0495_s5,5,conflict_check,0.8111,0.8578,0.583,1,0.7145,0.468,clean,0
jiis_trace_0495,jiis_trace_0495_s6,6,answer_synthesis,0.8726,0.8942,0.5594,0,0.8293,0.2311,clean,0
jiis_trace_0496,jiis_trace_0496_s1,1,query_decomposition,0.9107,0.7289,0.4016,2,0.8297,0.4867,clean,0
jiis_trace_0496,jiis_trace_0496_s2,2,entity_binding,0.7569,0.8184,0.6174,1,0.6358,0.5876,clean,0
jiis_trace_0496,jiis_trace_0496_s3,3,evidence_retrieval,0.9105,0.3431,0.4259,2,0.8528,0.7895,missing_evidence,1
jiis_trace_0496,jiis_trace_0496_s4,4,relation_check,0.8972,0.6419,0.5521,2,0.7176,0.2563,clean,0
jiis_trace_0496,jiis_trace_0496_s5,5,conflict_check,0.91,0.772,0.128,0,0.6577,0.3907,clean,0
jiis_trace_0496,jiis_trace_0496_s6,6,answer_synthesis,0.7263,0.6747,0.4855,3,0.8718,0.8871,clean,0
jiis_trace_0496,jiis_trace_0496_s7,7,query_decomposition,0.7282,0.8233,0.4433,2,0.6945,0.496,clean,0
jiis_trace_0497,jiis_trace_0497_s1,1,query_decomposition,0.8918,0.8224,0.5446,2,0.796,0.4568,clean,0
jiis_trace_0497,jiis_trace_0497_s2,2,entity_binding,0.7827,0.8296,0.4184,1,0.8079,0.8496,clean,0
jiis_trace_0497,jiis_trace_0497_s3,3,evidence_retrieval,0.7422,0.8308,0.8564,3,0.6872,0.7958,duplicate_support,1
jiis_trace_0497,jiis_trace_0497_s4,4,relation_check,0.7832,0.7618,0.8406,3,0.7106,0.3139,duplicate_support,1
jiis_trace_0497,jiis_trace_0497_s5,5,conflict_check,0.8631,0.7418,0.8582,2,0.5535,0.8417,duplicate_support,1
jiis_trace_0497,jiis_trace_0497_s6,6,answer_synthesis,0.8344,0.8976,0.5232,1,0.6594,0.2628,clean,0
jiis_trace_0497,jiis_trace_0497_s7,7,query_decomposition,0.7477,0.6313,0.1444,0,0.7545,0.8669,clean,0
jiis_trace_0497,jiis_trace_0497_s8,8,entity_binding,0.8307,0.6567,0.2806,3,0.82,0.6062,clean,0
jiis_trace_0498,jiis_trace_0498_s1,1,query_decomposition,0.9051,0.6291,0.3883,0,0.8565,0.7159,clean,0
jiis_trace_0498,jiis_trace_0498_s2,2,entity_binding,0.836,0.8,0.0957,3,0.7225,0.3088,dependency_bottleneck,1
jiis_trace_0498,jiis_trace_0498_s3,3,evidence_retrieval,0.8012,0.8,0.1865,3,0.744,0.4743,dependency_bottleneck,1
jiis_trace_0498,jiis_trace_0498_s4,4,relation_check,0.8032,0.735,0.5953,3,0.615,0.5308,clean,0
jiis_trace_0498,jiis_trace_0498_s5,5,conflict_check,0.7529,0.8388,0.5809,1,0.6626,0.5751,clean,0
jiis_trace_0498,jiis_trace_0498_s6,6,answer_synthesis,0.8389,0.8582,0.1005,1,0.752,0.2648,clean,0
jiis_trace_0498,jiis_trace_0498_s7,7,query_decomposition,0.7494,0.7504,0.1045,2,0.7576,0.4277,clean,0
jiis_trace_0498,jiis_trace_0498_s8,8,entity_binding,0.8991,0.6436,0.0815,2,0.7683,0.8623,clean,0
jiis_trace_0498,jiis_trace_0498_s9,9,evidence_retrieval,0.8333,0.6303,0.2311,2,0.8627,0.6926,clean,0
jiis_trace_0499,jiis_trace_0499_s1,1,query_decomposition,0.745,0.6322,0.5592,3,0.7608,0.8077,clean,0
jiis_trace_0499,jiis_trace_0499_s2,2,entity_binding,0.884,0.651,0.2304,2,0.696,0.6978,clean,0
jiis_trace_0499,jiis_trace_0499_s3,3,evidence_retrieval,0.8658,0.7489,0.1675,2,0.7402,0.7197,clean,0
jiis_trace_0499,jiis_trace_0499_s4,4,relation_check,0.8325,0.7027,0.5675,0,0.8136,0.3965,clean,0
jiis_trace_0499,jiis_trace_0499_s5,5,conflict_check,0.8094,0.6993,0.5879,0,0.2401,0.5437,temporal_conflict,1
jiis_trace_0499,jiis_trace_0499_s6,6,answer_synthesis,0.7628,0.8774,0.1455,3,0.7491,0.741,clean,0
jiis_trace_0499,jiis_trace_0499_s7,7,query_decomposition,0.8235,0.6381,0.5937,0,0.5893,0.515,clean,0
jiis_trace_0499,jiis_trace_0499_s8,8,entity_binding,0.7933,0.6301,0.1995,3,0.5827,0.5182,clean,0
jiis_trace_0499,jiis_trace_0499_s9,9,evidence_retrieval,0.8308,0.651,0.333,0,0.5577,0.5801,clean,0
jiis_trace_0499,jiis_trace_0499_s10,10,relation_check,0.804,0.7444,0.4353,2,0.8341,0.7475,clean,0
jiis_trace_0500,jiis_trace_0500_s1,1,query_decomposition,0.9076,0.8634,0.2636,1,0.7972,0.2383,clean,0
jiis_trace_0500,jiis_trace_0500_s2,2,entity_binding,0.3071,0.8769,0.5642,1,0.8171,0.3317,entity_binding_error,1
jiis_trace_0500,jiis_trace_0500_s3,3,evidence_retrieval,0.8787,0.7642,0.0824,3,0.5747,0.8898,clean,0
jiis_trace_0500,jiis_trace_0500_s4,4,relation_check,0.846,0.8701,0.2013,1,0.6653,0.5511,clean,0
jiis_trace_0500,jiis_trace_0500_s5,5,conflict_check,0.8327,0.6639,0.3981,2,0.8351,0.5502,clean,0
jiis_trace_0500,jiis_trace_0500_s6,6,answer_synthesis,0.7478,0.6808,0.5621,2,0.6075,0.5968,clean,0
jiis_trace_0501,jiis_trace_0501_s1,1,query_decomposition,0.8734,0.7044,0.526,0,0.7442,0.5597,clean,0
jiis_trace_0501,jiis_trace_0501_s2,2,entity_binding,0.858,0.6507,0.5669,3,0.8913,0.4713,clean,0
jiis_trace_0501,jiis_trace_0501_s3,3,evidence_retrieval,0.7436,0.327,0.3124,3,0.7175,0.3366,missing_evidence,1
jiis_trace_0501,jiis_trace_0501_s4,4,relation_check,0.7562,0.6891,0.3235,1,0.5974,0.4421,clean,0
jiis_trace_0501,jiis_trace_0501_s5,5,conflict_check,0.796,0.8385,0.4689,1,0.7398,0.3784,clean,0
jiis_trace_0501,jiis_trace_0501_s6,6,answer_synthesis,0.7376,0.8003,0.4085,3,0.7757,0.6658,clean,0
jiis_trace_0501,jiis_trace_0501_s7,7,query_decomposition,0.8722,0.8347,0.1712,0,0.6616,0.3526,clean,0
jiis_trace_0502,jiis_trace_0502_s1,1,query_decomposition,0.7728,0.6855,0.4855,0,0.6479,0.3311,clean,0
jiis_trace_0502,jiis_trace_0502_s2,2,entity_binding,0.7552,0.6494,0.1859,3,0.8321,0.4222,clean,0
jiis_trace_0502,jiis_trace_0502_s3,3,evidence_retrieval,0.7423,0.6218,0.8296,0,0.7363,0.3561,duplicate_support,1
jiis_trace_0502,jiis_trace_0502_s4,4,relation_check,0.7426,0.6504,0.8525,1,0.6258,0.6573,duplicate_support,1
jiis_trace_0502,jiis_trace_0502_s5,5,conflict_check,0.8867,0.7024,0.8353,1,0.583,0.3791,duplicate_support,1
jiis_trace_0502,jiis_trace_0502_s6,6,answer_synthesis,0.9106,0.8586,0.1005,2,0.7735,0.3046,clean,0
jiis_trace_0502,jiis_trace_0502_s7,7,query_decomposition,0.7685,0.725,0.3955,2,0.7713,0.594,clean,0
jiis_trace_0502,jiis_trace_0502_s8,8,entity_binding,0.7951,0.8118,0.3316,1,0.6525,0.653,clean,0
jiis_trace_0503,jiis_trace_0503_s1,1,query_decomposition,0.9103,0.6223,0.2148,2,0.6426,0.6433,clean,0
jiis_trace_0503,jiis_trace_0503_s2,2,entity_binding,0.7659,0.8,0.4185,3,0.5852,0.2599,dependency_bottleneck,1
jiis_trace_0503,jiis_trace_0503_s3,3,evidence_retrieval,0.8872,0.864,0.2306,3,0.772,0.789,dependency_bottleneck,1
jiis_trace_0503,jiis_trace_0503_s4,4,relation_check,0.884,0.769,0.2973,2,0.5531,0.2047,clean,0
jiis_trace_0503,jiis_trace_0503_s5,5,conflict_check,0.7381,0.8994,0.5161,0,0.862,0.444,clean,0
jiis_trace_0503,jiis_trace_0503_s6,6,answer_synthesis,0.8008,0.6923,0.5666,2,0.664,0.2704,clean,0
jiis_trace_0503,jiis_trace_0503_s7,7,query_decomposition,0.8058,0.8501,0.1928,0,0.646,0.5337,clean,0
jiis_trace_0503,jiis_trace_0503_s8,8,entity_binding,0.7346,0.8972,0.5004,2,0.5754,0.8904,clean,0
jiis_trace_0503,jiis_trace_0503_s9,9,evidence_retrieval,0.8692,0.8696,0.1345,1,0.5668,0.5578,clean,0
jiis_trace_0504,jiis_trace_0504_s1,1,query_decomposition,0.8047,0.8525,0.1656,0,0.7927,0.4293,clean,0
jiis_trace_0504,jiis_trace_0504_s2,2,entity_binding,0.8335,0.7329,0.5958,3,0.6666,0.779,clean,0
jiis_trace_0504,jiis_trace_0504_s3,3,evidence_retrieval,0.9078,0.8462,0.2012,1,0.8066,0.4495,clean,0
jiis_trace_0504,jiis_trace_0504_s4,4,relation_check,0.8191,0.6331,0.5268,1,0.7753,0.8516,clean,0
jiis_trace_0504,jiis_trace_0504_s5,5,conflict_check,0.8879,0.8912,0.6039,0,0.2445,0.8323,temporal_conflict,1
jiis_trace_0504,jiis_trace_0504_s6,6,answer_synthesis,0.7579,0.7818,0.3234,2,0.8937,0.453,clean,0
jiis_trace_0504,jiis_trace_0504_s7,7,query_decomposition,0.8618,0.7405,0.6057,1,0.854,0.7239,clean,0
jiis_trace_0504,jiis_trace_0504_s8,8,entity_binding,0.8584,0.6955,0.565,2,0.8372,0.4922,clean,0
jiis_trace_0504,jiis_trace_0504_s9,9,evidence_retrieval,0.7784,0.6612,0.5104,2,0.8228,0.2336,clean,0
jiis_trace_0504,jiis_trace_0504_s10,10,relation_check,0.8728,0.8946,0.2984,3,0.6924,0.6691,clean,0
jiis_trace_0505,jiis_trace_0505_s1,1,query_decomposition,0.873,0.7291,0.5423,0,0.6963,0.7885,clean,0
jiis_trace_0505,jiis_trace_0505_s2,2,entity_binding,0.3094,0.7981,0.179,3,0.8472,0.8129,entity_binding_error,1
jiis_trace_0505,jiis_trace_0505_s3,3,evidence_retrieval,0.8541,0.8908,0.5587,3,0.59,0.6359,clean,0
jiis_trace_0505,jiis_trace_0505_s4,4,relation_check,0.7314,0.7027,0.3741,1,0.7115,0.8543,clean,0
jiis_trace_0505,jiis_trace_0505_s5,5,conflict_check,0.862,0.8543,0.4298,0,0.8756,0.8489,clean,0
jiis_trace_0505,jiis_trace_0505_s6,6,answer_synthesis,0.9192,0.787,0.4511,3,0.8419,0.3483,clean,0
jiis_trace_0506,jiis_trace_0506_s1,1,query_decomposition,0.7884,0.8815,0.4602,2,0.6189,0.7093,clean,0
jiis_trace_0506,jiis_trace_0506_s2,2,entity_binding,0.7644,0.885,0.5721,0,0.5545,0.622,clean,0
jiis_trace_0506,jiis_trace_0506_s3,3,evidence_retrieval,0.8845,0.3222,0.1368,1,0.5886,0.6271,missing_evidence,1
jiis_trace_0506,jiis_trace_0506_s4,4,relation_check,0.7689,0.7962,0.5756,2,0.6571,0.645,clean,0
jiis_trace_0506,jiis_trace_0506_s5,5,conflict_check,0.7205,0.844,0.4249,3,0.5835,0.7252,clean,0
jiis_trace_0506,jiis_trace_0506_s6,6,answer_synthesis,0.7606,0.7262,0.2897,0,0.8739,0.6917,clean,0
jiis_trace_0506,jiis_trace_0506_s7,7,query_decomposition,0.8084,0.6503,0.4648,1,0.6718,0.8525,clean,0
jiis_trace_0507,jiis_trace_0507_s1,1,query_decomposition,0.7922,0.8144,0.2901,0,0.607,0.5237,clean,0
jiis_trace_0507,jiis_trace_0507_s2,2,entity_binding,0.8657,0.6672,0.3003,2,0.8822,0.7065,clean,0
jiis_trace_0507,jiis_trace_0507_s3,3,evidence_retrieval,0.7527,0.6979,0.8454,3,0.8588,0.6661,duplicate_support,1
jiis_trace_0507,jiis_trace_0507_s4,4,relation_check,0.868,0.6621,0.8382,0,0.7868,0.2555,duplicate_support,1
jiis_trace_0507,jiis_trace_0507_s5,5,conflict_check,0.8741,0.899,0.8219,0,0.6654,0.6735,duplicate_support,1
jiis_trace_0507,jiis_trace_0507_s6,6,answer_synthesis,0.8727,0.6802,0.1348,1,0.7876,0.6805,clean,0
jiis_trace_0507,jiis_trace_0507_s7,7,query_decomposition,0.9023,0.8808,0.2774,2,0.7777,0.2026,clean,0
jiis_trace_0507,jiis_trace_0507_s8,8,entity_binding,0.8744,0.8768,0.5733,2,0.5696,0.8855,clean,0
jiis_trace_0508,jiis_trace_0508_s1,1,query_decomposition,0.7589,0.8609,0.6091,1,0.7552,0.3654,clean,0
jiis_trace_0508,jiis_trace_0508_s2,2,entity_binding,0.8271,0.8503,0.4451,3,0.6043,0.5127,dependency_bottleneck,1
jiis_trace_0508,jiis_trace_0508_s3,3,evidence_retrieval,0.8808,0.8801,0.2361,3,0.8038,0.7533,dependency_bottleneck,1
jiis_trace_0508,jiis_trace_0508_s4,4,relation_check,0.7619,0.8629,0.5439,0,0.7075,0.5357,clean,0
jiis_trace_0508,jiis_trace_0508_s5,5,conflict_check,0.8155,0.8011,0.082,1,0.7366,0.2208,clean,0
jiis_trace_0508,jiis_trace_0508_s6,6,answer_synthesis,0.7676,0.7947,0.6051,0,0.6121,0.8992,clean,0
jiis_trace_0508,jiis_trace_0508_s7,7,query_decomposition,0.8698,0.73,0.1066,2,0.6856,0.3434,clean,0
jiis_trace_0508,jiis_trace_0508_s8,8,entity_binding,0.8602,0.7139,0.2455,3,0.8182,0.5623,clean,0
jiis_trace_0508,jiis_trace_0508_s9,9,evidence_retrieval,0.8681,0.7408,0.4923,3,0.7612,0.4617,clean,0
jiis_trace_0509,jiis_trace_0509_s1,1,query_decomposition,0.7483,0.8882,0.1998,3,0.7631,0.2217,clean,0
jiis_trace_0509,jiis_trace_0509_s2,2,entity_binding,0.7308,0.8943,0.2913,0,0.7885,0.468,clean,0
jiis_trace_0509,jiis_trace_0509_s3,3,evidence_retrieval,0.86,0.8565,0.5503,0,0.8257,0.6479,clean,0
jiis_trace_0509,jiis_trace_0509_s4,4,relation_check,0.8241,0.7903,0.4967,2,0.7746,0.6922,clean,0
jiis_trace_0509,jiis_trace_0509_s5,5,conflict_check,0.9144,0.7406,0.3234,2,0.2487,0.4165,temporal_conflict,1
jiis_trace_0509,jiis_trace_0509_s6,6,answer_synthesis,0.8882,0.6536,0.4951,2,0.7794,0.7164,clean,0
jiis_trace_0509,jiis_trace_0509_s7,7,query_decomposition,0.7768,0.7426,0.1885,1,0.7124,0.7354,clean,0
jiis_trace_0509,jiis_trace_0509_s8,8,entity_binding,0.7258,0.8566,0.6218,1,0.8827,0.677,clean,0
jiis_trace_0509,jiis_trace_0509_s9,9,evidence_retrieval,0.8092,0.6745,0.6284,1,0.7715,0.5581,clean,0
jiis_trace_0509,jiis_trace_0509_s10,10,relation_check,0.8635,0.8792,0.397,2,0.8445,0.7312,clean,0
jiis_trace_0510,jiis_trace_0510_s1,1,query_decomposition,0.8325,0.8588,0.6299,2,0.693,0.7813,clean,0
jiis_trace_0510,jiis_trace_0510_s2,2,entity_binding,0.3155,0.7258,0.2766,3,0.8191,0.6938,entity_binding_error,1
jiis_trace_0510,jiis_trace_0510_s3,3,evidence_retrieval,0.8974,0.6722,0.1176,2,0.5588,0.27,clean,0
jiis_trace_0510,jiis_trace_0510_s4,4,relation_check,0.8662,0.6633,0.1118,1,0.792,0.7445,clean,0
jiis_trace_0510,jiis_trace_0510_s5,5,conflict_check,0.7407,0.8251,0.5251,3,0.8363,0.3933,clean,0
jiis_trace_0510,jiis_trace_0510_s6,6,answer_synthesis,0.7376,0.7247,0.2427,2,0.8785,0.3231,clean,0
jiis_trace_0511,jiis_trace_0511_s1,1,query_decomposition,0.8755,0.6527,0.2295,0,0.8323,0.4873,clean,0
jiis_trace_0511,jiis_trace_0511_s2,2,entity_binding,0.7278,0.7973,0.1299,2,0.5554,0.8436,clean,0
jiis_trace_0511,jiis_trace_0511_s3,3,evidence_retrieval,0.8393,0.33,0.2653,0,0.7892,0.3419,missing_evidence,1
jiis_trace_0511,jiis_trace_0511_s4,4,relation_check,0.866,0.8921,0.4443,1,0.7803,0.2899,clean,0
jiis_trace_0511,jiis_trace_0511_s5,5,conflict_check,0.7324,0.7208,0.1062,1,0.7825,0.4844,clean,0
jiis_trace_0511,jiis_trace_0511_s6,6,answer_synthesis,0.7785,0.7217,0.0859,1,0.5835,0.4416,clean,0
jiis_trace_0511,jiis_trace_0511_s7,7,query_decomposition,0.9161,0.7959,0.6229,2,0.7853,0.8507,clean,0
jiis_trace_0512,jiis_trace_0512_s1,1,query_decomposition,0.7889,0.7884,0.6094,0,0.8799,0.2831,clean,0
jiis_trace_0512,jiis_trace_0512_s2,2,entity_binding,0.8672,0.6491,0.5992,1,0.587,0.8561,clean,0
jiis_trace_0512,jiis_trace_0512_s3,3,evidence_retrieval,0.781,0.8431,0.823,0,0.6882,0.6097,duplicate_support,1
jiis_trace_0512,jiis_trace_0512_s4,4,relation_check,0.8192,0.8575,0.8394,2,0.8056,0.5273,duplicate_support,1
jiis_trace_0512,jiis_trace_0512_s5,5,conflict_check,0.8185,0.8885,0.8581,0,0.6274,0.671,duplicate_support,1
jiis_trace_0512,jiis_trace_0512_s6,6,answer_synthesis,0.9048,0.6762,0.3831,0,0.6663,0.642,clean,0
jiis_trace_0512,jiis_trace_0512_s7,7,query_decomposition,0.7906,0.8573,0.1243,2,0.7767,0.7303,clean,0
jiis_trace_0512,jiis_trace_0512_s8,8,entity_binding,0.7528,0.7187,0.4425,0,0.5518,0.8603,clean,0
jiis_trace_0513,jiis_trace_0513_s1,1,query_decomposition,0.8388,0.7754,0.1756,1,0.7253,0.6598,clean,0
jiis_trace_0513,jiis_trace_0513_s2,2,entity_binding,0.7516,0.8,0.5093,3,0.8663,0.4461,dependency_bottleneck,1
jiis_trace_0513,jiis_trace_0513_s3,3,evidence_retrieval,0.7767,0.8895,0.4767,3,0.6895,0.4669,dependency_bottleneck,1
jiis_trace_0513,jiis_trace_0513_s4,4,relation_check,0.8107,0.635,0.4931,3,0.8288,0.7551,clean,0
jiis_trace_0513,jiis_trace_0513_s5,5,conflict_check,0.8599,0.7706,0.308,2,0.6201,0.4969,clean,0
jiis_trace_0513,jiis_trace_0513_s6,6,answer_synthesis,0.8089,0.7764,0.536,0,0.5683,0.7801,clean,0
jiis_trace_0513,jiis_trace_0513_s7,7,query_decomposition,0.8356,0.6976,0.3532,1,0.7093,0.3557,clean,0
jiis_trace_0513,jiis_trace_0513_s8,8,entity_binding,0.7639,0.847,0.1475,2,0.6899,0.2239,clean,0
jiis_trace_0513,jiis_trace_0513_s9,9,evidence_retrieval,0.741,0.763,0.542,3,0.8775,0.4264,clean,0
jiis_trace_0514,jiis_trace_0514_s1,1,query_decomposition,0.7825,0.8245,0.3657,1,0.582,0.6295,clean,0
jiis_trace_0514,jiis_trace_0514_s2,2,entity_binding,0.8104,0.7163,0.1176,1,0.6728,0.6293,clean,0
jiis_trace_0514,jiis_trace_0514_s3,3,evidence_retrieval,0.8306,0.6383,0.4283,1,0.628,0.8752,clean,0
jiis_trace_0514,jiis_trace_0514_s4,4,relation_check,0.7273,0.8969,0.1153,3,0.8488,0.5385,clean,0
jiis_trace_0514,jiis_trace_0514_s5,5,conflict_check,0.8595,0.7371,0.305,3,0.2881,0.4007,temporal_conflict,1
jiis_trace_0514,jiis_trace_0514_s6,6,answer_synthesis,0.8237,0.8378,0.2255,1,0.8295,0.8875,clean,0
jiis_trace_0514,jiis_trace_0514_s7,7,query_decomposition,0.7947,0.8885,0.0902,2,0.6922,0.8782,clean,0
jiis_trace_0514,jiis_trace_0514_s8,8,entity_binding,0.7531,0.8795,0.4548,2,0.583,0.4437,clean,0
jiis_trace_0514,jiis_trace_0514_s9,9,evidence_retrieval,0.7618,0.7922,0.2987,2,0.6506,0.834,clean,0
jiis_trace_0514,jiis_trace_0514_s10,10,relation_check,0.8996,0.7017,0.1131,1,0.6921,0.2911,clean,0
jiis_trace_0515,jiis_trace_0515_s1,1,query_decomposition,0.8279,0.6885,0.2847,3,0.8008,0.3595,clean,0
jiis_trace_0515,jiis_trace_0515_s2,2,entity_binding,0.301,0.7887,0.4643,0,0.6367,0.3283,entity_binding_error,1
jiis_trace_0515,jiis_trace_0515_s3,3,evidence_retrieval,0.8012,0.677,0.6231,1,0.5525,0.4271,clean,0
jiis_trace_0515,jiis_trace_0515_s4,4,relation_check,0.9063,0.8869,0.6101,2,0.5791,0.3874,clean,0
jiis_trace_0515,jiis_trace_0515_s5,5,conflict_check,0.8356,0.6245,0.4716,3,0.8009,0.422,clean,0
jiis_trace_0515,jiis_trace_0515_s6,6,answer_synthesis,0.7555,0.8438,0.2431,2,0.6216,0.2089,clean,0
jiis_trace_0516,jiis_trace_0516_s1,1,query_decomposition,0.7661,0.8579,0.6146,1,0.842,0.6285,clean,0
jiis_trace_0516,jiis_trace_0516_s2,2,entity_binding,0.8757,0.8682,0.28,2,0.7545,0.6838,clean,0
jiis_trace_0516,jiis_trace_0516_s3,3,evidence_retrieval,0.7689,0.3152,0.516,0,0.7456,0.7922,missing_evidence,1
jiis_trace_0516,jiis_trace_0516_s4,4,relation_check,0.8506,0.733,0.1532,0,0.579,0.3681,clean,0
jiis_trace_0516,jiis_trace_0516_s5,5,conflict_check,0.7964,0.8447,0.1142,0,0.87,0.8102,clean,0
jiis_trace_0516,jiis_trace_0516_s6,6,answer_synthesis,0.8457,0.8324,0.1788,0,0.7928,0.4293,clean,0
jiis_trace_0516,jiis_trace_0516_s7,7,query_decomposition,0.8654,0.7587,0.6182,1,0.857,0.5615,clean,0
jiis_trace_0517,jiis_trace_0517_s1,1,query_decomposition,0.8341,0.8809,0.1044,0,0.5636,0.4434,clean,0
jiis_trace_0517,jiis_trace_0517_s2,2,entity_binding,0.8526,0.8435,0.4677,3,0.8058,0.7302,clean,0
jiis_trace_0517,jiis_trace_0517_s3,3,evidence_retrieval,0.8896,0.8978,0.8383,1,0.866,0.2949,duplicate_support,1
jiis_trace_0517,jiis_trace_0517_s4,4,relation_check,0.8472,0.6767,0.8229,1,0.8847,0.8758,duplicate_support,1
jiis_trace_0517,jiis_trace_0517_s5,5,conflict_check,0.8673,0.8708,0.8556,3,0.782,0.8976,duplicate_support,1
jiis_trace_0517,jiis_trace_0517_s6,6,answer_synthesis,0.7426,0.8584,0.1769,1,0.8433,0.586,clean,0
jiis_trace_0517,jiis_trace_0517_s7,7,query_decomposition,0.8349,0.728,0.3356,2,0.724,0.4082,clean,0
jiis_trace_0517,jiis_trace_0517_s8,8,entity_binding,0.8091,0.7288,0.4576,0,0.7748,0.7708,clean,0
jiis_trace_0518,jiis_trace_0518_s1,1,query_decomposition,0.7467,0.8992,0.1516,3,0.789,0.2279,clean,0
jiis_trace_0518,jiis_trace_0518_s2,2,entity_binding,0.8386,0.8,0.273,3,0.7556,0.4633,dependency_bottleneck,1
jiis_trace_0518,jiis_trace_0518_s3,3,evidence_retrieval,0.7233,0.8,0.356,3,0.7874,0.7407,dependency_bottleneck,1
jiis_trace_0518,jiis_trace_0518_s4,4,relation_check,0.7786,0.729,0.1434,2,0.5702,0.7133,clean,0
jiis_trace_0518,jiis_trace_0518_s5,5,conflict_check,0.754,0.6214,0.3416,3,0.6572,0.2247,clean,0
jiis_trace_0518,jiis_trace_0518_s6,6,answer_synthesis,0.7958,0.8248,0.4998,0,0.8211,0.7501,clean,0
jiis_trace_0518,jiis_trace_0518_s7,7,query_decomposition,0.9177,0.7295,0.5627,3,0.7471,0.6737,clean,0
jiis_trace_0518,jiis_trace_0518_s8,8,entity_binding,0.8492,0.6548,0.3055,3,0.7105,0.43,clean,0
jiis_trace_0518,jiis_trace_0518_s9,9,evidence_retrieval,0.8939,0.763,0.4155,2,0.669,0.4082,clean,0
jiis_trace_0519,jiis_trace_0519_s1,1,query_decomposition,0.9009,0.7283,0.4493,2,0.7814,0.4124,clean,0
jiis_trace_0519,jiis_trace_0519_s2,2,entity_binding,0.7511,0.8087,0.1155,1,0.5718,0.296,clean,0
jiis_trace_0519,jiis_trace_0519_s3,3,evidence_retrieval,0.9118,0.8888,0.4877,3,0.6242,0.5278,clean,0
jiis_trace_0519,jiis_trace_0519_s4,4,relation_check,0.9193,0.7635,0.283,2,0.8495,0.4494,clean,0
jiis_trace_0519,jiis_trace_0519_s5,5,conflict_check,0.722,0.8917,0.4175,2,0.299,0.2989,temporal_conflict,1
jiis_trace_0519,jiis_trace_0519_s6,6,answer_synthesis,0.8273,0.7656,0.3108,1,0.7077,0.7303,clean,0
jiis_trace_0519,jiis_trace_0519_s7,7,query_decomposition,0.8017,0.6603,0.4102,3,0.6744,0.7808,clean,0
jiis_trace_0519,jiis_trace_0519_s8,8,entity_binding,0.821,0.8725,0.5434,2,0.7866,0.7824,clean,0
jiis_trace_0519,jiis_trace_0519_s9,9,evidence_retrieval,0.8592,0.8394,0.5375,0,0.6545,0.5267,clean,0
jiis_trace_0519,jiis_trace_0519_s10,10,relation_check,0.7991,0.8407,0.0956,3,0.6,0.5146,clean,0
jiis_trace_0520,jiis_trace_0520_s1,1,query_decomposition,0.8915,0.8274,0.418,0,0.7198,0.6551,clean,0
jiis_trace_0520,jiis_trace_0520_s2,2,entity_binding,0.308,0.789,0.1217,3,0.7535,0.3216,entity_binding_error,1
jiis_trace_0520,jiis_trace_0520_s3,3,evidence_retrieval,0.8779,0.6587,0.227,0,0.7581,0.3992,clean,0
jiis_trace_0520,jiis_trace_0520_s4,4,relation_check,0.8279,0.8131,0.6223,1,0.6413,0.2805,clean,0
jiis_trace_0520,jiis_trace_0520_s5,5,conflict_check,0.7643,0.6647,0.1832,2,0.7407,0.6625,clean,0
jiis_trace_0520,jiis_trace_0520_s6,6,answer_synthesis,0.7253,0.6495,0.439,2,0.8796,0.7665,clean,0
jiis_trace_0521,jiis_trace_0521_s1,1,query_decomposition,0.752,0.7692,0.3939,0,0.8369,0.5374,clean,0
jiis_trace_0521,jiis_trace_0521_s2,2,entity_binding,0.8917,0.7252,0.2431,0,0.564,0.2598,clean,0
jiis_trace_0521,jiis_trace_0521_s3,3,evidence_retrieval,0.9139,0.3267,0.584,1,0.8005,0.7461,missing_evidence,1
jiis_trace_0521,jiis_trace_0521_s4,4,relation_check,0.8792,0.7947,0.1417,2,0.6608,0.8185,clean,0
jiis_trace_0521,jiis_trace_0521_s5,5,conflict_check,0.9052,0.7522,0.3218,3,0.707,0.4374,clean,0
jiis_trace_0521,jiis_trace_0521_s6,6,answer_synthesis,0.8224,0.6823,0.2459,1,0.7768,0.7156,clean,0
jiis_trace_0521,jiis_trace_0521_s7,7,query_decomposition,0.7887,0.823,0.2027,3,0.5691,0.4885,clean,0
jiis_trace_0522,jiis_trace_0522_s1,1,query_decomposition,0.8948,0.7865,0.356,3,0.709,0.7181,clean,0
jiis_trace_0522,jiis_trace_0522_s2,2,entity_binding,0.7406,0.8633,0.178,1,0.8662,0.573,clean,0
jiis_trace_0522,jiis_trace_0522_s3,3,evidence_retrieval,0.9141,0.6695,0.8489,2,0.6532,0.8015,duplicate_support,1
jiis_trace_0522,jiis_trace_0522_s4,4,relation_check,0.7774,0.6902,0.844,1,0.7937,0.3293,duplicate_support,1
jiis_trace_0522,jiis_trace_0522_s5,5,conflict_check,0.8961,0.8097,0.841,3,0.6645,0.5869,duplicate_support,1
jiis_trace_0522,jiis_trace_0522_s6,6,answer_synthesis,0.8821,0.7906,0.3523,0,0.7015,0.2811,clean,0
jiis_trace_0522,jiis_trace_0522_s7,7,query_decomposition,0.9184,0.8777,0.1502,2,0.7191,0.8848,clean,0
jiis_trace_0522,jiis_trace_0522_s8,8,entity_binding,0.8825,0.6318,0.4218,0,0.8557,0.4207,clean,0
jiis_trace_0523,jiis_trace_0523_s1,1,query_decomposition,0.8595,0.8762,0.2154,3,0.8451,0.7613,clean,0
jiis_trace_0523,jiis_trace_0523_s2,2,entity_binding,0.8709,0.8,0.4236,3,0.7033,0.3235,dependency_bottleneck,1
jiis_trace_0523,jiis_trace_0523_s3,3,evidence_retrieval,0.8491,0.8,0.4147,3,0.8316,0.7371,dependency_bottleneck,1
jiis_trace_0523,jiis_trace_0523_s4,4,relation_check,0.7937,0.7466,0.2116,3,0.6523,0.2778,clean,0
jiis_trace_0523,jiis_trace_0523_s5,5,conflict_check,0.8984,0.8542,0.3079,0,0.5677,0.4654,clean,0
jiis_trace_0523,jiis_trace_0523_s6,6,answer_synthesis,0.7745,0.7459,0.375,1,0.7271,0.7599,clean,0
jiis_trace_0523,jiis_trace_0523_s7,7,query_decomposition,0.8166,0.7145,0.6235,3,0.866,0.4408,clean,0
jiis_trace_0523,jiis_trace_0523_s8,8,entity_binding,0.8682,0.6705,0.3583,2,0.848,0.5814,clean,0
jiis_trace_0523,jiis_trace_0523_s9,9,evidence_retrieval,0.9068,0.7549,0.2584,3,0.8694,0.897,clean,0
jiis_trace_0524,jiis_trace_0524_s1,1,query_decomposition,0.84,0.7894,0.2262,1,0.7937,0.7643,clean,0
jiis_trace_0524,jiis_trace_0524_s2,2,entity_binding,0.8213,0.7967,0.5197,0,0.7488,0.3291,clean,0
jiis_trace_0524,jiis_trace_0524_s3,3,evidence_retrieval,0.8104,0.8097,0.5694,1,0.5869,0.2641,clean,0
jiis_trace_0524,jiis_trace_0524_s4,4,relation_check,0.7584,0.769,0.3014,2,0.6924,0.2959,clean,0
jiis_trace_0524,jiis_trace_0524_s5,5,conflict_check,0.8591,0.655,0.5145,3,0.2282,0.2288,temporal_conflict,1
jiis_trace_0524,jiis_trace_0524_s6,6,answer_synthesis,0.8858,0.6249,0.5896,0,0.7246,0.2839,clean,0
jiis_trace_0524,jiis_trace_0524_s7,7,query_decomposition,0.861,0.8634,0.1131,0,0.7371,0.2876,clean,0
jiis_trace_0524,jiis_trace_0524_s8,8,entity_binding,0.8651,0.6552,0.5273,1,0.8596,0.8539,clean,0
jiis_trace_0524,jiis_trace_0524_s9,9,evidence_retrieval,0.8732,0.8949,0.4136,2,0.812,0.6499,clean,0
jiis_trace_0524,jiis_trace_0524_s10,10,relation_check,0.9072,0.8089,0.1177,2,0.8464,0.7506,clean,0
jiis_trace_0525,jiis_trace_0525_s1,1,query_decomposition,0.843,0.655,0.5158,2,0.6436,0.8122,clean,0
jiis_trace_0525,jiis_trace_0525_s2,2,entity_binding,0.3131,0.785,0.1616,3,0.7322,0.4635,entity_binding_error,1
jiis_trace_0525,jiis_trace_0525_s3,3,evidence_retrieval,0.8869,0.7537,0.4506,3,0.8489,0.8251,clean,0
jiis_trace_0525,jiis_trace_0525_s4,4,relation_check,0.7256,0.6886,0.3691,1,0.7149,0.4956,clean,0
jiis_trace_0525,jiis_trace_0525_s5,5,conflict_check,0.7216,0.8873,0.365,3,0.74,0.446,clean,0
jiis_trace_0525,jiis_trace_0525_s6,6,answer_synthesis,0.7538,0.657,0.1493,0,0.6365,0.5655,clean,0
jiis_trace_0526,jiis_trace_0526_s1,1,query_decomposition,0.7555,0.6885,0.5518,0,0.7078,0.2437,clean,0
jiis_trace_0526,jiis_trace_0526_s2,2,entity_binding,0.7246,0.8954,0.1276,1,0.7265,0.2945,clean,0
jiis_trace_0526,jiis_trace_0526_s3,3,evidence_retrieval,0.8463,0.3044,0.3751,2,0.8005,0.3886,missing_evidence,1
jiis_trace_0526,jiis_trace_0526_s4,4,relation_check,0.8444,0.7011,0.1635,2,0.6117,0.4095,clean,0
jiis_trace_0526,jiis_trace_0526_s5,5,conflict_check,0.8251,0.6499,0.6283,1,0.8031,0.4605,clean,0
jiis_trace_0526,jiis_trace_0526_s6,6,answer_synthesis,0.7986,0.6875,0.1127,2,0.6462,0.6013,clean,0
jiis_trace_0526,jiis_trace_0526_s7,7,query_decomposition,0.81,0.8614,0.5064,0,0.7375,0.4117,clean,0
jiis_trace_0527,jiis_trace_0527_s1,1,query_decomposition,0.7238,0.6627,0.4464,0,0.721,0.6341,clean,0
jiis_trace_0527,jiis_trace_0527_s2,2,entity_binding,0.751,0.7809,0.6111,2,0.8622,0.5665,clean,0
jiis_trace_0527,jiis_trace_0527_s3,3,evidence_retrieval,0.7629,0.8462,0.8251,3,0.8088,0.2313,duplicate_support,1
jiis_trace_0527,jiis_trace_0527_s4,4,relation_check,0.7352,0.8922,0.8429,1,0.8428,0.8808,duplicate_support,1
jiis_trace_0527,jiis_trace_0527_s5,5,conflict_check,0.8249,0.8211,0.8501,0,0.6386,0.5461,duplicate_support,1
jiis_trace_0527,jiis_trace_0527_s6,6,answer_synthesis,0.7635,0.8296,0.2353,1,0.8663,0.5923,clean,0
jiis_trace_0527,jiis_trace_0527_s7,7,query_decomposition,0.7321,0.8953,0.0957,1,0.8444,0.2658,clean,0
jiis_trace_0527,jiis_trace_0527_s8,8,entity_binding,0.7827,0.7903,0.574,1,0.8204,0.3697,clean,0
jiis_trace_0528,jiis_trace_0528_s1,1,query_decomposition,0.7396,0.8746,0.5329,2,0.7662,0.4021,clean,0
jiis_trace_0528,jiis_trace_0528_s2,2,entity_binding,0.722,0.8679,0.1672,3,0.6345,0.6805,dependency_bottleneck,1
jiis_trace_0528,jiis_trace_0528_s3,3,evidence_retrieval,0.7373,0.8891,0.2005,3,0.8192,0.2357,dependency_bottleneck,1
jiis_trace_0528,jiis_trace_0528_s4,4,relation_check,0.7959,0.651,0.5839,2,0.7693,0.5027,clean,0
jiis_trace_0528,jiis_trace_0528_s5,5,conflict_check,0.8868,0.8501,0.3476,1,0.8429,0.5083,clean,0
jiis_trace_0528,jiis_trace_0528_s6,6,answer_synthesis,0.8972,0.8152,0.5569,0,0.8881,0.8202,clean,0
jiis_trace_0528,jiis_trace_0528_s7,7,query_decomposition,0.7745,0.7948,0.1418,3,0.8692,0.5155,clean,0
jiis_trace_0528,jiis_trace_0528_s8,8,entity_binding,0.7763,0.842,0.2442,0,0.6717,0.5003,clean,0
jiis_trace_0528,jiis_trace_0528_s9,9,evidence_retrieval,0.7687,0.6634,0.293,2,0.6354,0.6497,clean,0
jiis_trace_0529,jiis_trace_0529_s1,1,query_decomposition,0.7308,0.8188,0.2031,3,0.7081,0.2444,clean,0
jiis_trace_0529,jiis_trace_0529_s2,2,entity_binding,0.8228,0.6251,0.4221,2,0.7759,0.7301,clean,0
jiis_trace_0529,jiis_trace_0529_s3,3,evidence_retrieval,0.8846,0.713,0.1397,3,0.7011,0.8015,clean,0
jiis_trace_0529,jiis_trace_0529_s4,4,relation_check,0.844,0.7382,0.4987,1,0.5936,0.587,clean,0
jiis_trace_0529,jiis_trace_0529_s5,5,conflict_check,0.8495,0.8809,0.5864,1,0.2914,0.6108,temporal_conflict,1
jiis_trace_0529,jiis_trace_0529_s6,6,answer_synthesis,0.8883,0.7944,0.0916,1,0.8055,0.4001,clean,0
jiis_trace_0529,jiis_trace_0529_s7,7,query_decomposition,0.8759,0.8925,0.0813,2,0.5622,0.7429,clean,0
jiis_trace_0529,jiis_trace_0529_s8,8,entity_binding,0.8364,0.6308,0.2797,0,0.8408,0.5439,clean,0
jiis_trace_0529,jiis_trace_0529_s9,9,evidence_retrieval,0.7989,0.7725,0.401,0,0.5945,0.8058,clean,0
jiis_trace_0529,jiis_trace_0529_s10,10,relation_check,0.8551,0.7285,0.4937,1,0.7117,0.8687,clean,0
jiis_trace_0530,jiis_trace_0530_s1,1,query_decomposition,0.9006,0.8567,0.214,2,0.8605,0.7527,clean,0
jiis_trace_0530,jiis_trace_0530_s2,2,entity_binding,0.307,0.8798,0.0873,0,0.8508,0.6183,entity_binding_error,1
jiis_trace_0530,jiis_trace_0530_s3,3,evidence_retrieval,0.8503,0.6421,0.2634,3,0.6599,0.7355,clean,0
jiis_trace_0530,jiis_trace_0530_s4,4,relation_check,0.7333,0.8036,0.553,0,0.6779,0.8833,clean,0
jiis_trace_0530,jiis_trace_0530_s5,5,conflict_check,0.917,0.6706,0.6266,3,0.8085,0.3006,clean,0
jiis_trace_0530,jiis_trace_0530_s6,6,answer_synthesis,0.8606,0.6497,0.5987,0,0.6413,0.3118,clean,0
jiis_trace_0531,jiis_trace_0531_s1,1,query_decomposition,0.8932,0.6352,0.1838,3,0.8536,0.736,clean,0
jiis_trace_0531,jiis_trace_0531_s2,2,entity_binding,0.8988,0.8753,0.1248,3,0.5536,0.4692,clean,0
jiis_trace_0531,jiis_trace_0531_s3,3,evidence_retrieval,0.8315,0.3541,0.1855,0,0.8858,0.3252,missing_evidence,1
jiis_trace_0531,jiis_trace_0531_s4,4,relation_check,0.7772,0.8386,0.1241,3,0.6112,0.8838,clean,0
jiis_trace_0531,jiis_trace_0531_s5,5,conflict_check,0.7636,0.6681,0.3182,1,0.5905,0.6466,clean,0
jiis_trace_0531,jiis_trace_0531_s6,6,answer_synthesis,0.7353,0.8317,0.173,3,0.6697,0.8791,clean,0
jiis_trace_0531,jiis_trace_0531_s7,7,query_decomposition,0.8253,0.7918,0.3376,3,0.5746,0.4068,clean,0
jiis_trace_0532,jiis_trace_0532_s1,1,query_decomposition,0.8553,0.8505,0.3297,2,0.6251,0.4033,clean,0
jiis_trace_0532,jiis_trace_0532_s2,2,entity_binding,0.8206,0.6639,0.42,2,0.6077,0.331,clean,0
jiis_trace_0532,jiis_trace_0532_s3,3,evidence_retrieval,0.8443,0.8374,0.8548,1,0.5809,0.8335,duplicate_support,1
jiis_trace_0532,jiis_trace_0532_s4,4,relation_check,0.8933,0.8639,0.8394,2,0.6441,0.3908,duplicate_support,1
jiis_trace_0532,jiis_trace_0532_s5,5,conflict_check,0.849,0.6855,0.8413,2,0.7684,0.6357,duplicate_support,1
jiis_trace_0532,jiis_trace_0532_s6,6,answer_synthesis,0.9173,0.6399,0.2392,3,0.6531,0.6251,clean,0
jiis_trace_0532,jiis_trace_0532_s7,7,query_decomposition,0.874,0.6711,0.3167,1,0.8145,0.2839,clean,0
jiis_trace_0532,jiis_trace_0532_s8,8,entity_binding,0.7281,0.6831,0.1328,3,0.6405,0.5686,clean,0
jiis_trace_0533,jiis_trace_0533_s1,1,query_decomposition,0.7713,0.6392,0.4998,0,0.8777,0.5358,clean,0
jiis_trace_0533,jiis_trace_0533_s2,2,entity_binding,0.757,0.8,0.3592,3,0.6811,0.2198,dependency_bottleneck,1
jiis_trace_0533,jiis_trace_0533_s3,3,evidence_retrieval,0.8903,0.8,0.2283,3,0.5951,0.5715,dependency_bottleneck,1
jiis_trace_0533,jiis_trace_0533_s4,4,relation_check,0.8702,0.7758,0.2814,0,0.7104,0.8248,clean,0
jiis_trace_0533,jiis_trace_0533_s5,5,conflict_check,0.7272,0.6528,0.1528,2,0.7066,0.2535,clean,0
jiis_trace_0533,jiis_trace_0533_s6,6,answer_synthesis,0.799,0.8148,0.2243,0,0.7005,0.4507,clean,0
jiis_trace_0533,jiis_trace_0533_s7,7,query_decomposition,0.837,0.6897,0.3123,3,0.7479,0.8558,clean,0
jiis_trace_0533,jiis_trace_0533_s8,8,entity_binding,0.8424,0.7732,0.4848,2,0.6016,0.2865,clean,0
jiis_trace_0533,jiis_trace_0533_s9,9,evidence_retrieval,0.9005,0.8158,0.3464,1,0.7989,0.4857,clean,0
jiis_trace_0534,jiis_trace_0534_s1,1,query_decomposition,0.7249,0.7084,0.5834,0,0.8203,0.3273,clean,0
jiis_trace_0534,jiis_trace_0534_s2,2,entity_binding,0.7215,0.837,0.3504,1,0.7586,0.6313,clean,0
jiis_trace_0534,jiis_trace_0534_s3,3,evidence_retrieval,0.7585,0.6419,0.6109,1,0.8054,0.8661,clean,0
jiis_trace_0534,jiis_trace_0534_s4,4,relation_check,0.8112,0.6764,0.2435,3,0.8645,0.7531,clean,0
jiis_trace_0534,jiis_trace_0534_s5,5,conflict_check,0.8007,0.62,0.1922,1,0.2514,0.4918,temporal_conflict,1
jiis_trace_0534,jiis_trace_0534_s6,6,answer_synthesis,0.8152,0.6908,0.5761,0,0.7108,0.6583,clean,0
jiis_trace_0534,jiis_trace_0534_s7,7,query_decomposition,0.8752,0.7226,0.5041,3,0.7252,0.8397,clean,0
jiis_trace_0534,jiis_trace_0534_s8,8,entity_binding,0.8515,0.8964,0.5345,3,0.8247,0.7586,clean,0
jiis_trace_0534,jiis_trace_0534_s9,9,evidence_retrieval,0.8896,0.8413,0.2228,3,0.683,0.7923,clean,0
jiis_trace_0534,jiis_trace_0534_s10,10,relation_check,0.9069,0.8122,0.1098,0,0.7836,0.6804,clean,0
jiis_trace_0535,jiis_trace_0535_s1,1,query_decomposition,0.9128,0.8978,0.4231,3,0.6395,0.2833,clean,0
jiis_trace_0535,jiis_trace_0535_s2,2,entity_binding,0.3153,0.6306,0.4736,2,0.6542,0.2446,entity_binding_error,1
jiis_trace_0535,jiis_trace_0535_s3,3,evidence_retrieval,0.863,0.6368,0.0857,3,0.5602,0.6923,clean,0
jiis_trace_0535,jiis_trace_0535_s4,4,relation_check,0.7716,0.6548,0.1165,1,0.6035,0.4363,clean,0
jiis_trace_0535,jiis_trace_0535_s5,5,conflict_check,0.8076,0.8634,0.3854,2,0.8503,0.327,clean,0
jiis_trace_0535,jiis_trace_0535_s6,6,answer_synthesis,0.9022,0.8278,0.4785,2,0.8008,0.5377,clean,0
jiis_trace_0536,jiis_trace_0536_s1,1,query_decomposition,0.7649,0.8085,0.0932,2,0.729,0.5179,clean,0
jiis_trace_0536,jiis_trace_0536_s2,2,entity_binding,0.7824,0.8307,0.3577,1,0.6913,0.2435,clean,0
jiis_trace_0536,jiis_trace_0536_s3,3,evidence_retrieval,0.9073,0.3094,0.4743,2,0.5837,0.7654,missing_evidence,1
jiis_trace_0536,jiis_trace_0536_s4,4,relation_check,0.8478,0.8664,0.2919,0,0.8599,0.6348,clean,0
jiis_trace_0536,jiis_trace_0536_s5,5,conflict_check,0.7287,0.6748,0.1459,2,0.751,0.3897,clean,0
jiis_trace_0536,jiis_trace_0536_s6,6,answer_synthesis,0.8644,0.7367,0.1685,0,0.6998,0.8036,clean,0
jiis_trace_0536,jiis_trace_0536_s7,7,query_decomposition,0.8136,0.6503,0.3925,1,0.5528,0.8402,clean,0
jiis_trace_0537,jiis_trace_0537_s1,1,query_decomposition,0.8961,0.7213,0.1553,3,0.6946,0.3484,clean,0
jiis_trace_0537,jiis_trace_0537_s2,2,entity_binding,0.7863,0.7013,0.2136,2,0.561,0.4955,clean,0
jiis_trace_0537,jiis_trace_0537_s3,3,evidence_retrieval,0.7343,0.7176,0.8342,0,0.7538,0.3473,duplicate_support,1
jiis_trace_0537,jiis_trace_0537_s4,4,relation_check,0.7632,0.8307,0.8547,3,0.8309,0.5225,duplicate_support,1
jiis_trace_0537,jiis_trace_0537_s5,5,conflict_check,0.7735,0.6346,0.82,1,0.8821,0.4183,duplicate_support,1
jiis_trace_0537,jiis_trace_0537_s6,6,answer_synthesis,0.882,0.8238,0.3066,1,0.7372,0.8166,clean,0
jiis_trace_0537,jiis_trace_0537_s7,7,query_decomposition,0.7689,0.8466,0.133,3,0.625,0.5212,clean,0
jiis_trace_0537,jiis_trace_0537_s8,8,entity_binding,0.8557,0.6493,0.5369,2,0.7363,0.4958,clean,0
jiis_trace_0538,jiis_trace_0538_s1,1,query_decomposition,0.7767,0.8423,0.1022,2,0.716,0.5419,clean,0
jiis_trace_0538,jiis_trace_0538_s2,2,entity_binding,0.9193,0.8073,0.5756,3,0.8998,0.5763,dependency_bottleneck,1
jiis_trace_0538,jiis_trace_0538_s3,3,evidence_retrieval,0.7491,0.8,0.4671,3,0.677,0.4218,dependency_bottleneck,1
jiis_trace_0538,jiis_trace_0538_s4,4,relation_check,0.8365,0.7963,0.4033,3,0.6432,0.5397,clean,0
jiis_trace_0538,jiis_trace_0538_s5,5,conflict_check,0.847,0.7052,0.4206,1,0.88,0.5474,clean,0
jiis_trace_0538,jiis_trace_0538_s6,6,answer_synthesis,0.7414,0.6262,0.5462,2,0.6082,0.2418,clean,0
jiis_trace_0538,jiis_trace_0538_s7,7,query_decomposition,0.7676,0.8119,0.3143,0,0.6427,0.8837,clean,0
jiis_trace_0538,jiis_trace_0538_s8,8,entity_binding,0.7242,0.7701,0.1614,1,0.8187,0.4957,clean,0
jiis_trace_0538,jiis_trace_0538_s9,9,evidence_retrieval,0.8291,0.8305,0.35,3,0.8528,0.8338,clean,0
jiis_trace_0539,jiis_trace_0539_s1,1,query_decomposition,0.8307,0.8814,0.5192,0,0.8979,0.8368,clean,0
jiis_trace_0539,jiis_trace_0539_s2,2,entity_binding,0.8638,0.8675,0.5706,1,0.8663,0.8209,clean,0
jiis_trace_0539,jiis_trace_0539_s3,3,evidence_retrieval,0.7376,0.6405,0.2469,2,0.7607,0.3627,clean,0
jiis_trace_0539,jiis_trace_0539_s4,4,relation_check,0.809,0.7436,0.5756,3,0.7405,0.5705,clean,0
jiis_trace_0539,jiis_trace_0539_s5,5,conflict_check,0.781,0.7391,0.4009,1,0.2368,0.2508,temporal_conflict,1
jiis_trace_0539,jiis_trace_0539_s6,6,answer_synthesis,0.9173,0.6304,0.2127,3,0.7642,0.6274,clean,0
jiis_trace_0539,jiis_trace_0539_s7,7,query_decomposition,0.8063,0.6985,0.5306,2,0.8594,0.5441,clean,0
jiis_trace_0539,jiis_trace_0539_s8,8,entity_binding,0.7419,0.8977,0.5769,2,0.7791,0.6326,clean,0
jiis_trace_0539,jiis_trace_0539_s9,9,evidence_retrieval,0.8587,0.6972,0.4771,0,0.863,0.6572,clean,0
jiis_trace_0539,jiis_trace_0539_s10,10,relation_check,0.732,0.7697,0.474,3,0.8669,0.3419,clean,0
jiis_trace_0540,jiis_trace_0540_s1,1,query_decomposition,0.8868,0.8213,0.2178,2,0.8536,0.666,clean,0
jiis_trace_0540,jiis_trace_0540_s2,2,entity_binding,0.2843,0.6263,0.2348,0,0.5772,0.5281,entity_binding_error,1
jiis_trace_0540,jiis_trace_0540_s3,3,evidence_retrieval,0.7414,0.6714,0.5755,2,0.5524,0.2341,clean,0
jiis_trace_0540,jiis_trace_0540_s4,4,relation_check,0.9174,0.6359,0.3632,0,0.8522,0.8372,clean,0
jiis_trace_0540,jiis_trace_0540_s5,5,conflict_check,0.919,0.7371,0.4099,1,0.8592,0.6851,clean,0
jiis_trace_0540,jiis_trace_0540_s6,6,answer_synthesis,0.7577,0.8871,0.2702,1,0.565,0.4754,clean,0
jiis_trace_0541,jiis_trace_0541_s1,1,query_decomposition,0.8046,0.8164,0.4477,1,0.5716,0.71,clean,0
jiis_trace_0541,jiis_trace_0541_s2,2,entity_binding,0.7584,0.7633,0.3169,2,0.8143,0.569,clean,0
jiis_trace_0541,jiis_trace_0541_s3,3,evidence_retrieval,0.8163,0.3103,0.0811,2,0.8491,0.3711,missing_evidence,1
jiis_trace_0541,jiis_trace_0541_s4,4,relation_check,0.746,0.7895,0.2574,1,0.7512,0.3201,clean,0
jiis_trace_0541,jiis_trace_0541_s5,5,conflict_check,0.804,0.7218,0.4751,0,0.5824,0.3171,clean,0
jiis_trace_0541,jiis_trace_0541_s6,6,answer_synthesis,0.7458,0.7504,0.3016,2,0.8926,0.2432,clean,0
jiis_trace_0541,jiis_trace_0541_s7,7,query_decomposition,0.7781,0.7568,0.4957,2,0.5661,0.4391,clean,0
jiis_trace_0542,jiis_trace_0542_s1,1,query_decomposition,0.8867,0.8604,0.1376,1,0.6685,0.5636,clean,0
jiis_trace_0542,jiis_trace_0542_s2,2,entity_binding,0.7985,0.8878,0.1871,3,0.8812,0.8941,clean,0
jiis_trace_0542,jiis_trace_0542_s3,3,evidence_retrieval,0.7492,0.6319,0.8217,2,0.5699,0.8409,duplicate_support,1
jiis_trace_0542,jiis_trace_0542_s4,4,relation_check,0.8554,0.8222,0.8448,3,0.6628,0.6541,duplicate_support,1
jiis_trace_0542,jiis_trace_0542_s5,5,conflict_check,0.898,0.8224,0.8507,1,0.8962,0.4217,duplicate_support,1
jiis_trace_0542,jiis_trace_0542_s6,6,answer_synthesis,0.8791,0.7245,0.1699,3,0.6965,0.7387,clean,0
jiis_trace_0542,jiis_trace_0542_s7,7,query_decomposition,0.8151,0.6655,0.5869,0,0.6382,0.429,clean,0
jiis_trace_0542,jiis_trace_0542_s8,8,entity_binding,0.8835,0.7293,0.1541,0,0.6749,0.8927,clean,0
jiis_trace_0543,jiis_trace_0543_s1,1,query_decomposition,0.8023,0.7745,0.2464,1,0.6386,0.5383,clean,0
jiis_trace_0543,jiis_trace_0543_s2,2,entity_binding,0.8424,0.8684,0.0973,3,0.63,0.459,dependency_bottleneck,1
jiis_trace_0543,jiis_trace_0543_s3,3,evidence_retrieval,0.9089,0.8,0.3499,3,0.7734,0.2564,dependency_bottleneck,1
jiis_trace_0543,jiis_trace_0543_s4,4,relation_check,0.882,0.8579,0.1914,1,0.5957,0.2577,clean,0
jiis_trace_0543,jiis_trace_0543_s5,5,conflict_check,0.8039,0.869,0.2979,3,0.8608,0.8921,clean,0
jiis_trace_0543,jiis_trace_0543_s6,6,answer_synthesis,0.8067,0.8097,0.4521,0,0.6557,0.8258,clean,0
jiis_trace_0543,jiis_trace_0543_s7,7,query_decomposition,0.9069,0.6571,0.4395,2,0.7889,0.2546,clean,0
jiis_trace_0543,jiis_trace_0543_s8,8,entity_binding,0.843,0.8893,0.4744,2,0.8187,0.4138,clean,0
jiis_trace_0543,jiis_trace_0543_s9,9,evidence_retrieval,0.8835,0.824,0.3899,0,0.8772,0.4844,clean,0
jiis_trace_0544,jiis_trace_0544_s1,1,query_decomposition,0.8687,0.6457,0.383,0,0.6421,0.4562,clean,0
jiis_trace_0544,jiis_trace_0544_s2,2,entity_binding,0.9031,0.8004,0.16,3,0.681,0.5642,clean,0
jiis_trace_0544,jiis_trace_0544_s3,3,evidence_retrieval,0.9189,0.8688,0.436,2,0.7117,0.843,clean,0
jiis_trace_0544,jiis_trace_0544_s4,4,relation_check,0.8214,0.7157,0.3673,0,0.7129,0.4267,clean,0
jiis_trace_0544,jiis_trace_0544_s5,5,conflict_check,0.7399,0.7041,0.4548,1,0.2976,0.8049,temporal_conflict,1
jiis_trace_0544,jiis_trace_0544_s6,6,answer_synthesis,0.7784,0.6241,0.3064,2,0.5757,0.5554,clean,0
jiis_trace_0544,jiis_trace_0544_s7,7,query_decomposition,0.9058,0.719,0.1871,0,0.7822,0.3476,clean,0
jiis_trace_0544,jiis_trace_0544_s8,8,entity_binding,0.7827,0.8257,0.2874,2,0.8078,0.582,clean,0
jiis_trace_0544,jiis_trace_0544_s9,9,evidence_retrieval,0.8284,0.6297,0.231,3,0.5665,0.4809,clean,0
jiis_trace_0544,jiis_trace_0544_s10,10,relation_check,0.7377,0.7199,0.5065,0,0.6481,0.7173,clean,0
jiis_trace_0545,jiis_trace_0545_s1,1,query_decomposition,0.8164,0.6204,0.1199,1,0.5847,0.6549,clean,0
jiis_trace_0545,jiis_trace_0545_s2,2,entity_binding,0.3243,0.8738,0.5663,0,0.8111,0.7577,entity_binding_error,1
jiis_trace_0545,jiis_trace_0545_s3,3,evidence_retrieval,0.7851,0.8653,0.5696,2,0.5789,0.5483,clean,0
jiis_trace_0545,jiis_trace_0545_s4,4,relation_check,0.7791,0.8648,0.0921,1,0.636,0.3326,clean,0
jiis_trace_0545,jiis_trace_0545_s5,5,conflict_check,0.894,0.6865,0.4952,2,0.6811,0.8968,clean,0
jiis_trace_0545,jiis_trace_0545_s6,6,answer_synthesis,0.9196,0.8472,0.4792,2,0.8888,0.5724,clean,0
jiis_trace_0546,jiis_trace_0546_s1,1,query_decomposition,0.8722,0.8348,0.0807,2,0.559,0.4324,clean,0
jiis_trace_0546,jiis_trace_0546_s2,2,entity_binding,0.8118,0.7333,0.621,1,0.8789,0.764,clean,0
jiis_trace_0546,jiis_trace_0546_s3,3,evidence_retrieval,0.8195,0.3441,0.4039,0,0.75,0.7183,missing_evidence,1
jiis_trace_0546,jiis_trace_0546_s4,4,relation_check,0.919,0.6891,0.1422,1,0.8968,0.6555,clean,0
jiis_trace_0546,jiis_trace_0546_s5,5,conflict_check,0.7254,0.6669,0.3106,0,0.5652,0.7293,clean,0
jiis_trace_0546,jiis_trace_0546_s6,6,answer_synthesis,0.7419,0.7602,0.5076,1,0.585,0.471,clean,0
jiis_trace_0546,jiis_trace_0546_s7,7,query_decomposition,0.7491,0.6711,0.4653,1,0.738,0.6849,clean,0
jiis_trace_0547,jiis_trace_0547_s1,1,query_decomposition,0.7802,0.8159,0.5237,0,0.84,0.5973,clean,0
jiis_trace_0547,jiis_trace_0547_s2,2,entity_binding,0.8197,0.6543,0.4884,1,0.8379,0.5675,clean,0
jiis_trace_0547,jiis_trace_0547_s3,3,evidence_retrieval,0.7396,0.6658,0.8225,2,0.5503,0.8795,duplicate_support,1
jiis_trace_0547,jiis_trace_0547_s4,4,relation_check,0.7504,0.7333,0.8571,0,0.8889,0.2075,duplicate_support,1
jiis_trace_0547,jiis_trace_0547_s5,5,conflict_check,0.8305,0.7309,0.8224,2,0.781,0.5397,duplicate_support,1
jiis_trace_0547,jiis_trace_0547_s6,6,answer_synthesis,0.8559,0.7185,0.2097,1,0.7125,0.8922,clean,0
jiis_trace_0547,jiis_trace_0547_s7,7,query_decomposition,0.7628,0.8005,0.3507,0,0.7765,0.7576,clean,0
jiis_trace_0547,jiis_trace_0547_s8,8,entity_binding,0.8723,0.8659,0.4397,0,0.726,0.752,clean,0
jiis_trace_0548,jiis_trace_0548_s1,1,query_decomposition,0.8993,0.8752,0.3054,1,0.7322,0.203,clean,0
jiis_trace_0548,jiis_trace_0548_s2,2,entity_binding,0.7934,0.8,0.4698,3,0.6074,0.6925,dependency_bottleneck,1
jiis_trace_0548,jiis_trace_0548_s3,3,evidence_retrieval,0.8514,0.8,0.2045,3,0.6247,0.32,dependency_bottleneck,1
jiis_trace_0548,jiis_trace_0548_s4,4,relation_check,0.8853,0.8371,0.2497,1,0.5853,0.4094,clean,0
jiis_trace_0548,jiis_trace_0548_s5,5,conflict_check,0.7555,0.8194,0.1548,1,0.6617,0.2174,clean,0
jiis_trace_0548,jiis_trace_0548_s6,6,answer_synthesis,0.7613,0.6729,0.1356,1,0.6929,0.4175,clean,0
jiis_trace_0548,jiis_trace_0548_s7,7,query_decomposition,0.7962,0.7966,0.4626,3,0.7303,0.2097,clean,0
jiis_trace_0548,jiis_trace_0548_s8,8,entity_binding,0.7513,0.6419,0.3674,3,0.5596,0.5453,clean,0
jiis_trace_0548,jiis_trace_0548_s9,9,evidence_retrieval,0.8292,0.8952,0.3163,1,0.8573,0.2851,clean,0
jiis_trace_0549,jiis_trace_0549_s1,1,query_decomposition,0.7446,0.6948,0.2728,1,0.8281,0.8839,clean,0
jiis_trace_0549,jiis_trace_0549_s2,2,entity_binding,0.8618,0.8964,0.6113,2,0.6833,0.5818,clean,0
jiis_trace_0549,jiis_trace_0549_s3,3,evidence_retrieval,0.9081,0.7131,0.5153,3,0.6787,0.3413,clean,0
jiis_trace_0549,jiis_trace_0549_s4,4,relation_check,0.7955,0.6946,0.3712,2,0.7449,0.6823,clean,0
jiis_trace_0549,jiis_trace_0549_s5,5,conflict_check,0.8464,0.8184,0.3443,3,0.2424,0.8879,temporal_conflict,1
jiis_trace_0549,jiis_trace_0549_s6,6,answer_synthesis,0.7364,0.8573,0.3678,3,0.553,0.3387,clean,0
jiis_trace_0549,jiis_trace_0549_s7,7,query_decomposition,0.8638,0.803,0.2401,1,0.759,0.5787,clean,0
jiis_trace_0549,jiis_trace_0549_s8,8,entity_binding,0.8337,0.8789,0.1451,0,0.7983,0.7321,clean,0
jiis_trace_0549,jiis_trace_0549_s9,9,evidence_retrieval,0.8061,0.6553,0.3589,3,0.7142,0.4595,clean,0
jiis_trace_0549,jiis_trace_0549_s10,10,relation_check,0.7408,0.66,0.6221,0,0.5537,0.5019,clean,0
jiis_trace_0550,jiis_trace_0550_s1,1,query_decomposition,0.8935,0.749,0.3546,3,0.7483,0.5305,clean,0
jiis_trace_0550,jiis_trace_0550_s2,2,entity_binding,0.3081,0.7107,0.3749,1,0.6481,0.2721,entity_binding_error,1
jiis_trace_0550,jiis_trace_0550_s3,3,evidence_retrieval,0.7585,0.8678,0.5367,1,0.8584,0.4742,clean,0
jiis_trace_0550,jiis_trace_0550_s4,4,relation_check,0.7636,0.6218,0.1294,2,0.6885,0.7136,clean,0
jiis_trace_0550,jiis_trace_0550_s5,5,conflict_check,0.8648,0.696,0.2687,2,0.6627,0.482,clean,0
jiis_trace_0550,jiis_trace_0550_s6,6,answer_synthesis,0.745,0.7881,0.424,2,0.8107,0.5095,clean,0
jiis_trace_0551,jiis_trace_0551_s1,1,query_decomposition,0.8269,0.6763,0.5179,2,0.5881,0.4164,clean,0
jiis_trace_0551,jiis_trace_0551_s2,2,entity_binding,0.8641,0.6787,0.1081,2,0.6359,0.405,clean,0
jiis_trace_0551,jiis_trace_0551_s3,3,evidence_retrieval,0.7864,0.317,0.5749,3,0.5627,0.6178,missing_evidence,1
jiis_trace_0551,jiis_trace_0551_s4,4,relation_check,0.8345,0.899,0.0909,3,0.7915,0.714,clean,0
jiis_trace_0551,jiis_trace_0551_s5,5,conflict_check,0.8017,0.6518,0.1442,3,0.5903,0.7832,clean,0
jiis_trace_0551,jiis_trace_0551_s6,6,answer_synthesis,0.8295,0.7026,0.4504,1,0.5892,0.3896,clean,0
jiis_trace_0551,jiis_trace_0551_s7,7,query_decomposition,0.8709,0.7118,0.1004,2,0.6,0.8353,clean,0
jiis_trace_0552,jiis_trace_0552_s1,1,query_decomposition,0.8682,0.7783,0.4943,2,0.8034,0.5451,clean,0
jiis_trace_0552,jiis_trace_0552_s2,2,entity_binding,0.7722,0.6553,0.5115,0,0.5955,0.8289,clean,0
jiis_trace_0552,jiis_trace_0552_s3,3,evidence_retrieval,0.8356,0.7206,0.8452,3,0.6993,0.611,duplicate_support,1
jiis_trace_0552,jiis_trace_0552_s4,4,relation_check,0.7626,0.6859,0.8458,0,0.6225,0.5837,duplicate_support,1
jiis_trace_0552,jiis_trace_0552_s5,5,conflict_check,0.8241,0.8155,0.8394,0,0.7526,0.7337,duplicate_support,1
jiis_trace_0552,jiis_trace_0552_s6,6,answer_synthesis,0.7701,0.7961,0.3284,3,0.7765,0.456,clean,0
jiis_trace_0552,jiis_trace_0552_s7,7,query_decomposition,0.817,0.6316,0.1108,3,0.7967,0.5442,clean,0
jiis_trace_0552,jiis_trace_0552_s8,8,entity_binding,0.8337,0.6828,0.5784,3,0.7171,0.856,clean,0
jiis_trace_0553,jiis_trace_0553_s1,1,query_decomposition,0.823,0.8575,0.2744,3,0.8821,0.7558,clean,0
jiis_trace_0553,jiis_trace_0553_s2,2,entity_binding,0.9189,0.8925,0.4736,3,0.685,0.7327,dependency_bottleneck,1
jiis_trace_0553,jiis_trace_0553_s3,3,evidence_retrieval,0.7598,0.8,0.3649,3,0.7684,0.8572,dependency_bottleneck,1
jiis_trace_0553,jiis_trace_0553_s4,4,relation_check,0.7762,0.8892,0.1086,0,0.6844,0.5327,clean,0
jiis_trace_0553,jiis_trace_0553_s5,5,conflict_check,0.9132,0.8367,0.1193,1,0.6073,0.6585,clean,0
jiis_trace_0553,jiis_trace_0553_s6,6,answer_synthesis,0.8963,0.7267,0.4383,3,0.8889,0.7736,clean,0
jiis_trace_0553,jiis_trace_0553_s7,7,query_decomposition,0.787,0.6233,0.4813,0,0.7326,0.8569,clean,0
jiis_trace_0553,jiis_trace_0553_s8,8,entity_binding,0.8264,0.7841,0.4497,2,0.7995,0.6553,clean,0
jiis_trace_0553,jiis_trace_0553_s9,9,evidence_retrieval,0.8402,0.6369,0.2622,2,0.7244,0.4729,clean,0
jiis_trace_0554,jiis_trace_0554_s1,1,query_decomposition,0.8776,0.8597,0.4087,2,0.8489,0.5201,clean,0
jiis_trace_0554,jiis_trace_0554_s2,2,entity_binding,0.7829,0.666,0.2975,2,0.7542,0.8757,clean,0
jiis_trace_0554,jiis_trace_0554_s3,3,evidence_retrieval,0.8729,0.7438,0.163,1,0.6494,0.8178,clean,0
jiis_trace_0554,jiis_trace_0554_s4,4,relation_check,0.9107,0.8261,0.2272,2,0.6314,0.7389,clean,0
jiis_trace_0554,jiis_trace_0554_s5,5,conflict_check,0.815,0.8088,0.1909,3,0.2658,0.676,temporal_conflict,1
jiis_trace_0554,jiis_trace_0554_s6,6,answer_synthesis,0.7586,0.8665,0.2074,3,0.7716,0.4748,clean,0
jiis_trace_0554,jiis_trace_0554_s7,7,query_decomposition,0.8231,0.8243,0.3328,3,0.6049,0.545,clean,0
jiis_trace_0554,jiis_trace_0554_s8,8,entity_binding,0.8056,0.7012,0.2741,1,0.6079,0.6227,clean,0
jiis_trace_0554,jiis_trace_0554_s9,9,evidence_retrieval,0.7401,0.7358,0.1224,1,0.7659,0.5349,clean,0
jiis_trace_0554,jiis_trace_0554_s10,10,relation_check,0.8443,0.8646,0.5211,2,0.8667,0.5281,clean,0
jiis_trace_0555,jiis_trace_0555_s1,1,query_decomposition,0.8024,0.6527,0.105,2,0.8624,0.2371,clean,0
jiis_trace_0555,jiis_trace_0555_s2,2,entity_binding,0.3182,0.898,0.3823,2,0.8418,0.282,entity_binding_error,1
jiis_trace_0555,jiis_trace_0555_s3,3,evidence_retrieval,0.8513,0.6257,0.2899,1,0.761,0.3878,clean,0
jiis_trace_0555,jiis_trace_0555_s4,4,relation_check,0.7514,0.7334,0.4939,0,0.6127,0.8787,clean,0
jiis_trace_0555,jiis_trace_0555_s5,5,conflict_check,0.859,0.7365,0.1611,2,0.5897,0.6561,clean,0
jiis_trace_0555,jiis_trace_0555_s6,6,answer_synthesis,0.8083,0.8999,0.1949,3,0.72,0.4452,clean,0
jiis_trace_0556,jiis_trace_0556_s1,1,query_decomposition,0.83,0.8662,0.1931,3,0.5888,0.8733,clean,0
jiis_trace_0556,jiis_trace_0556_s2,2,entity_binding,0.8169,0.7047,0.2152,2,0.5699,0.8398,clean,0
jiis_trace_0556,jiis_trace_0556_s3,3,evidence_retrieval,0.8266,0.3023,0.154,3,0.8058,0.8561,missing_evidence,1
jiis_trace_0556,jiis_trace_0556_s4,4,relation_check,0.74,0.6501,0.4309,2,0.731,0.5636,clean,0
jiis_trace_0556,jiis_trace_0556_s5,5,conflict_check,0.8311,0.7622,0.4056,2,0.671,0.5365,clean,0
jiis_trace_0556,jiis_trace_0556_s6,6,answer_synthesis,0.7231,0.7319,0.2072,2,0.738,0.7254,clean,0
jiis_trace_0556,jiis_trace_0556_s7,7,query_decomposition,0.8393,0.7205,0.0899,1,0.7312,0.6822,clean,0
jiis_trace_0557,jiis_trace_0557_s1,1,query_decomposition,0.9072,0.8406,0.5466,1,0.585,0.4126,clean,0
jiis_trace_0557,jiis_trace_0557_s2,2,entity_binding,0.7789,0.7699,0.1428,2,0.6378,0.2017,clean,0
jiis_trace_0557,jiis_trace_0557_s3,3,evidence_retrieval,0.9175,0.6744,0.8383,1,0.6041,0.564,duplicate_support,1
jiis_trace_0557,jiis_trace_0557_s4,4,relation_check,0.849,0.8094,0.8272,3,0.615,0.5892,duplicate_support,1
jiis_trace_0557,jiis_trace_0557_s5,5,conflict_check,0.8597,0.6995,0.8496,1,0.7894,0.3372,duplicate_support,1
jiis_trace_0557,jiis_trace_0557_s6,6,answer_synthesis,0.7595,0.8544,0.2324,2,0.5553,0.2484,clean,0
jiis_trace_0557,jiis_trace_0557_s7,7,query_decomposition,0.7345,0.8959,0.3441,2,0.8938,0.7312,clean,0
jiis_trace_0557,jiis_trace_0557_s8,8,entity_binding,0.7557,0.8103,0.4847,3,0.8441,0.287,clean,0
jiis_trace_0558,jiis_trace_0558_s1,1,query_decomposition,0.8355,0.6994,0.5259,0,0.6907,0.8065,clean,0
jiis_trace_0558,jiis_trace_0558_s2,2,entity_binding,0.7674,0.8066,0.3365,3,0.6634,0.5546,dependency_bottleneck,1
jiis_trace_0558,jiis_trace_0558_s3,3,evidence_retrieval,0.8315,0.8985,0.4314,3,0.5554,0.4804,dependency_bottleneck,1
jiis_trace_0558,jiis_trace_0558_s4,4,relation_check,0.911,0.8474,0.1613,1,0.89,0.6739,clean,0
jiis_trace_0558,jiis_trace_0558_s5,5,conflict_check,0.9191,0.8387,0.4274,3,0.6427,0.3,clean,0
jiis_trace_0558,jiis_trace_0558_s6,6,answer_synthesis,0.7308,0.8429,0.4721,3,0.7001,0.2688,clean,0
jiis_trace_0558,jiis_trace_0558_s7,7,query_decomposition,0.8288,0.8418,0.2783,1,0.8129,0.6246,clean,0
jiis_trace_0558,jiis_trace_0558_s8,8,entity_binding,0.8602,0.8248,0.2698,2,0.7389,0.2689,clean,0
jiis_trace_0558,jiis_trace_0558_s9,9,evidence_retrieval,0.9193,0.8044,0.1661,0,0.6603,0.7322,clean,0
jiis_trace_0559,jiis_trace_0559_s1,1,query_decomposition,0.7556,0.7385,0.1066,1,0.7942,0.4919,clean,0
jiis_trace_0559,jiis_trace_0559_s2,2,entity_binding,0.79,0.7466,0.3051,2,0.7067,0.5402,clean,0
jiis_trace_0559,jiis_trace_0559_s3,3,evidence_retrieval,0.8309,0.7028,0.1649,2,0.7185,0.7987,clean,0
jiis_trace_0559,jiis_trace_0559_s4,4,relation_check,0.8315,0.6335,0.2889,2,0.6496,0.4267,clean,0
jiis_trace_0559,jiis_trace_0559_s5,5,conflict_check,0.7902,0.7169,0.3087,0,0.2253,0.848,temporal_conflict,1
jiis_trace_0559,jiis_trace_0559_s6,6,answer_synthesis,0.8106,0.689,0.3188,0,0.8365,0.738,clean,0
jiis_trace_0559,jiis_trace_0559_s7,7,query_decomposition,0.7737,0.7845,0.5482,0,0.8718,0.4572,clean,0
jiis_trace_0559,jiis_trace_0559_s8,8,entity_binding,0.8019,0.6944,0.3659,0,0.7281,0.7639,clean,0
jiis_trace_0559,jiis_trace_0559_s9,9,evidence_retrieval,0.9165,0.6687,0.5225,3,0.711,0.6157,clean,0
jiis_trace_0559,jiis_trace_0559_s10,10,relation_check,0.7637,0.8651,0.3421,3,0.8649,0.5794,clean,0
jiis_trace_0560,jiis_trace_0560_s1,1,query_decomposition,0.7552,0.7568,0.369,1,0.7815,0.7904,clean,0
jiis_trace_0560,jiis_trace_0560_s2,2,entity_binding,0.3107,0.6236,0.3199,0,0.8186,0.233,entity_binding_error,1
jiis_trace_0560,jiis_trace_0560_s3,3,evidence_retrieval,0.7728,0.7219,0.4906,0,0.6756,0.3915,clean,0
jiis_trace_0560,jiis_trace_0560_s4,4,relation_check,0.8363,0.7999,0.3366,3,0.7321,0.4913,clean,0
jiis_trace_0560,jiis_trace_0560_s5,5,conflict_check,0.7986,0.6749,0.2043,3,0.784,0.7607,clean,0
jiis_trace_0560,jiis_trace_0560_s6,6,answer_synthesis,0.7765,0.6809,0.2944,3,0.5916,0.2916,clean,0
jiis_trace_0561,jiis_trace_0561_s1,1,query_decomposition,0.9105,0.7668,0.0892,0,0.8313,0.5654,clean,0
jiis_trace_0561,jiis_trace_0561_s2,2,entity_binding,0.8302,0.8526,0.4399,0,0.6054,0.2547,clean,0
jiis_trace_0561,jiis_trace_0561_s3,3,evidence_retrieval,0.771,0.3157,0.2055,1,0.7321,0.5524,missing_evidence,1
jiis_trace_0561,jiis_trace_0561_s4,4,relation_check,0.8581,0.8472,0.1876,0,0.8766,0.7328,clean,0
jiis_trace_0561,jiis_trace_0561_s5,5,conflict_check,0.8292,0.7743,0.3625,2,0.7161,0.2756,clean,0
jiis_trace_0561,jiis_trace_0561_s6,6,answer_synthesis,0.7819,0.6585,0.3032,0,0.8639,0.4752,clean,0
jiis_trace_0561,jiis_trace_0561_s7,7,query_decomposition,0.8936,0.7011,0.3926,2,0.6947,0.4549,clean,0
jiis_trace_0562,jiis_trace_0562_s1,1,query_decomposition,0.8912,0.7251,0.3725,2,0.8009,0.5343,clean,0
jiis_trace_0562,jiis_trace_0562_s2,2,entity_binding,0.7372,0.6344,0.2991,2,0.6896,0.2794,clean,0
jiis_trace_0562,jiis_trace_0562_s3,3,evidence_retrieval,0.792,0.8875,0.8206,1,0.8295,0.4935,duplicate_support,1
jiis_trace_0562,jiis_trace_0562_s4,4,relation_check,0.8388,0.7783,0.8539,1,0.5815,0.8923,duplicate_support,1
jiis_trace_0562,jiis_trace_0562_s5,5,conflict_check,0.853,0.8429,0.8298,3,0.7464,0.6746,duplicate_support,1
jiis_trace_0562,jiis_trace_0562_s6,6,answer_synthesis,0.7552,0.8011,0.4807,1,0.6866,0.4237,clean,0
jiis_trace_0562,jiis_trace_0562_s7,7,query_decomposition,0.8448,0.8062,0.1501,3,0.6066,0.4049,clean,0
jiis_trace_0562,jiis_trace_0562_s8,8,entity_binding,0.8103,0.6286,0.44,3,0.8176,0.8031,clean,0
jiis_trace_0563,jiis_trace_0563_s1,1,query_decomposition,0.8288,0.7999,0.5734,2,0.6777,0.4429,clean,0
jiis_trace_0563,jiis_trace_0563_s2,2,entity_binding,0.813,0.8673,0.184,3,0.6634,0.8461,dependency_bottleneck,1
jiis_trace_0563,jiis_trace_0563_s3,3,evidence_retrieval,0.7841,0.8881,0.1506,3,0.7911,0.4031,dependency_bottleneck,1
jiis_trace_0563,jiis_trace_0563_s4,4,relation_check,0.7772,0.7371,0.184,3,0.8449,0.3474,clean,0
jiis_trace_0563,jiis_trace_0563_s5,5,conflict_check,0.8733,0.769,0.4124,1,0.5509,0.4117,clean,0
jiis_trace_0563,jiis_trace_0563_s6,6,answer_synthesis,0.8187,0.8298,0.4734,1,0.6355,0.6784,clean,0
jiis_trace_0563,jiis_trace_0563_s7,7,query_decomposition,0.8948,0.8577,0.5623,2,0.8263,0.3843,clean,0
jiis_trace_0563,jiis_trace_0563_s8,8,entity_binding,0.8371,0.8868,0.5725,2,0.6235,0.5264,clean,0
jiis_trace_0563,jiis_trace_0563_s9,9,evidence_retrieval,0.8323,0.8039,0.5381,3,0.6663,0.8919,clean,0
jiis_trace_0564,jiis_trace_0564_s1,1,query_decomposition,0.8998,0.8915,0.2887,1,0.7188,0.5083,clean,0
jiis_trace_0564,jiis_trace_0564_s2,2,entity_binding,0.8402,0.6427,0.1931,3,0.5587,0.8724,clean,0
jiis_trace_0564,jiis_trace_0564_s3,3,evidence_retrieval,0.7264,0.6382,0.5715,0,0.701,0.4621,clean,0
jiis_trace_0564,jiis_trace_0564_s4,4,relation_check,0.8837,0.6255,0.2234,0,0.6378,0.2531,clean,0
jiis_trace_0564,jiis_trace_0564_s5,5,conflict_check,0.76,0.8997,0.2474,1,0.249,0.2286,temporal_conflict,1
jiis_trace_0564,jiis_trace_0564_s6,6,answer_synthesis,0.779,0.742,0.169,3,0.5609,0.2978,clean,0
jiis_trace_0564,jiis_trace_0564_s7,7,query_decomposition,0.7481,0.6795,0.5349,3,0.8982,0.203,clean,0
jiis_trace_0564,jiis_trace_0564_s8,8,entity_binding,0.8413,0.6238,0.5403,2,0.8543,0.4414,clean,0
jiis_trace_0564,jiis_trace_0564_s9,9,evidence_retrieval,0.7915,0.8045,0.6255,1,0.8084,0.4512,clean,0
jiis_trace_0564,jiis_trace_0564_s10,10,relation_check,0.808,0.8179,0.1563,3,0.772,0.3399,clean,0
jiis_trace_0565,jiis_trace_0565_s1,1,query_decomposition,0.7592,0.8314,0.4985,0,0.8241,0.2323,clean,0
jiis_trace_0565,jiis_trace_0565_s2,2,entity_binding,0.2853,0.8645,0.5437,0,0.6596,0.7488,entity_binding_error,1
jiis_trace_0565,jiis_trace_0565_s3,3,evidence_retrieval,0.8317,0.6665,0.1067,0,0.6619,0.7301,clean,0
jiis_trace_0565,jiis_trace_0565_s4,4,relation_check,0.8797,0.8613,0.2965,3,0.5843,0.4135,clean,0
jiis_trace_0565,jiis_trace_0565_s5,5,conflict_check,0.7245,0.8119,0.1105,0,0.695,0.2583,clean,0
jiis_trace_0565,jiis_trace_0565_s6,6,answer_synthesis,0.7488,0.8575,0.3467,3,0.7853,0.2272,clean,0
jiis_trace_0566,jiis_trace_0566_s1,1,query_decomposition,0.9174,0.7852,0.2871,2,0.7179,0.2044,clean,0
jiis_trace_0566,jiis_trace_0566_s2,2,entity_binding,0.8802,0.7041,0.3776,3,0.7317,0.5836,clean,0
jiis_trace_0566,jiis_trace_0566_s3,3,evidence_retrieval,0.7828,0.3326,0.466,0,0.7525,0.2024,missing_evidence,1
jiis_trace_0566,jiis_trace_0566_s4,4,relation_check,0.8938,0.7931,0.144,2,0.8893,0.5902,clean,0
jiis_trace_0566,jiis_trace_0566_s5,5,conflict_check,0.9054,0.8221,0.251,0,0.7857,0.825,clean,0
jiis_trace_0566,jiis_trace_0566_s6,6,answer_synthesis,0.9125,0.6398,0.5073,0,0.6761,0.622,clean,0
jiis_trace_0566,jiis_trace_0566_s7,7,query_decomposition,0.8941,0.6563,0.3607,3,0.8846,0.3698,clean,0
jiis_trace_0567,jiis_trace_0567_s1,1,query_decomposition,0.7932,0.654,0.1029,1,0.8543,0.2436,clean,0
jiis_trace_0567,jiis_trace_0567_s2,2,entity_binding,0.8559,0.6473,0.2877,1,0.8757,0.425,clean,0
jiis_trace_0567,jiis_trace_0567_s3,3,evidence_retrieval,0.8721,0.6948,0.8246,0,0.8797,0.6523,duplicate_support,1
jiis_trace_0567,jiis_trace_0567_s4,4,relation_check,0.8015,0.7793,0.821,1,0.7854,0.3461,duplicate_support,1
jiis_trace_0567,jiis_trace_0567_s5,5,conflict_check,0.9018,0.8403,0.8411,1,0.6496,0.243,duplicate_support,1
jiis_trace_0567,jiis_trace_0567_s6,6,answer_synthesis,0.8955,0.8073,0.4283,3,0.7592,0.3504,clean,0
jiis_trace_0567,jiis_trace_0567_s7,7,query_decomposition,0.8983,0.8606,0.402,0,0.7967,0.7262,clean,0
jiis_trace_0567,jiis_trace_0567_s8,8,entity_binding,0.8304,0.8438,0.481,3,0.8629,0.3941,clean,0
jiis_trace_0568,jiis_trace_0568_s1,1,query_decomposition,0.8277,0.6757,0.4114,0,0.7321,0.3939,clean,0
jiis_trace_0568,jiis_trace_0568_s2,2,entity_binding,0.8948,0.8402,0.323,3,0.5804,0.4647,dependency_bottleneck,1
jiis_trace_0568,jiis_trace_0568_s3,3,evidence_retrieval,0.7722,0.8,0.5711,3,0.8807,0.2563,dependency_bottleneck,1
jiis_trace_0568,jiis_trace_0568_s4,4,relation_check,0.8005,0.8788,0.4308,3,0.7776,0.4318,clean,0
jiis_trace_0568,jiis_trace_0568_s5,5,conflict_check,0.8858,0.6867,0.5437,0,0.7549,0.4453,clean,0
jiis_trace_0568,jiis_trace_0568_s6,6,answer_synthesis,0.8601,0.8029,0.4495,3,0.6821,0.6021,clean,0
jiis_trace_0568,jiis_trace_0568_s7,7,query_decomposition,0.8395,0.7342,0.439,0,0.7292,0.4679,clean,0
jiis_trace_0568,jiis_trace_0568_s8,8,entity_binding,0.9032,0.8215,0.3222,3,0.8133,0.7869,clean,0
jiis_trace_0568,jiis_trace_0568_s9,9,evidence_retrieval,0.8085,0.7178,0.206,0,0.7557,0.4695,clean,0
jiis_trace_0569,jiis_trace_0569_s1,1,query_decomposition,0.8479,0.7236,0.2554,1,0.8316,0.8069,clean,0
jiis_trace_0569,jiis_trace_0569_s2,2,entity_binding,0.8342,0.6388,0.1894,3,0.6552,0.6523,clean,0
jiis_trace_0569,jiis_trace_0569_s3,3,evidence_retrieval,0.8123,0.8369,0.2283,2,0.6225,0.673,clean,0
jiis_trace_0569,jiis_trace_0569_s4,4,relation_check,0.7629,0.6819,0.2496,1,0.8353,0.7675,clean,0
jiis_trace_0569,jiis_trace_0569_s5,5,conflict_check,0.8278,0.6511,0.3206,2,0.2427,0.6653,temporal_conflict,1
jiis_trace_0569,jiis_trace_0569_s6,6,answer_synthesis,0.9072,0.7649,0.2512,0,0.7964,0.6702,clean,0
jiis_trace_0569,jiis_trace_0569_s7,7,query_decomposition,0.8533,0.7126,0.3971,0,0.868,0.2458,clean,0
jiis_trace_0569,jiis_trace_0569_s8,8,entity_binding,0.8125,0.8473,0.3819,2,0.8736,0.2996,clean,0
jiis_trace_0569,jiis_trace_0569_s9,9,evidence_retrieval,0.7519,0.6529,0.427,3,0.8681,0.3233,clean,0
jiis_trace_0569,jiis_trace_0569_s10,10,relation_check,0.7271,0.7463,0.4927,1,0.7946,0.5572,clean,0
jiis_trace_0570,jiis_trace_0570_s1,1,query_decomposition,0.8313,0.7696,0.618,2,0.7119,0.4748,clean,0
jiis_trace_0570,jiis_trace_0570_s2,2,entity_binding,0.3141,0.8324,0.1969,0,0.5526,0.46,entity_binding_error,1
jiis_trace_0570,jiis_trace_0570_s3,3,evidence_retrieval,0.8759,0.6458,0.6123,0,0.8766,0.5939,clean,0
jiis_trace_0570,jiis_trace_0570_s4,4,relation_check,0.9145,0.8265,0.2962,0,0.8392,0.8469,clean,0
jiis_trace_0570,jiis_trace_0570_s5,5,conflict_check,0.8155,0.67,0.4118,0,0.7549,0.3591,clean,0
jiis_trace_0570,jiis_trace_0570_s6,6,answer_synthesis,0.7415,0.7779,0.2111,2,0.7367,0.7872,clean,0
jiis_trace_0571,jiis_trace_0571_s1,1,query_decomposition,0.8415,0.7679,0.0844,2,0.7433,0.7131,clean,0
jiis_trace_0571,jiis_trace_0571_s2,2,entity_binding,0.7207,0.7846,0.1482,2,0.5901,0.46,clean,0
jiis_trace_0571,jiis_trace_0571_s3,3,evidence_retrieval,0.7436,0.3471,0.1414,1,0.8124,0.8402,missing_evidence,1
jiis_trace_0571,jiis_trace_0571_s4,4,relation_check,0.8737,0.8049,0.3867,1,0.6961,0.4824,clean,0
jiis_trace_0571,jiis_trace_0571_s5,5,conflict_check,0.7997,0.8604,0.3292,0,0.8225,0.7332,clean,0
jiis_trace_0571,jiis_trace_0571_s6,6,answer_synthesis,0.8976,0.8635,0.5973,1,0.8079,0.386,clean,0
jiis_trace_0571,jiis_trace_0571_s7,7,query_decomposition,0.8315,0.7799,0.1582,2,0.5956,0.3138,clean,0
jiis_trace_0572,jiis_trace_0572_s1,1,query_decomposition,0.8517,0.6751,0.6052,2,0.7272,0.2885,clean,0
jiis_trace_0572,jiis_trace_0572_s2,2,entity_binding,0.87,0.6617,0.112,2,0.733,0.5427,clean,0
jiis_trace_0572,jiis_trace_0572_s3,3,evidence_retrieval,0.7843,0.7108,0.8358,1,0.6672,0.8218,duplicate_support,1
jiis_trace_0572,jiis_trace_0572_s4,4,relation_check,0.8826,0.7328,0.8465,2,0.7042,0.2265,duplicate_support,1
jiis_trace_0572,jiis_trace_0572_s5,5,conflict_check,0.9034,0.7439,0.8565,1,0.697,0.6002,duplicate_support,1
jiis_trace_0572,jiis_trace_0572_s6,6,answer_synthesis,0.9065,0.8466,0.5588,2,0.5535,0.4023,clean,0
jiis_trace_0572,jiis_trace_0572_s7,7,query_decomposition,0.8275,0.6354,0.4833,1,0.5642,0.2651,clean,0
jiis_trace_0572,jiis_trace_0572_s8,8,entity_binding,0.9092,0.811,0.3185,3,0.7574,0.6903,clean,0
jiis_trace_0573,jiis_trace_0573_s1,1,query_decomposition,0.7882,0.8521,0.4735,2,0.6057,0.4655,clean,0
jiis_trace_0573,jiis_trace_0573_s2,2,entity_binding,0.7481,0.8,0.2192,3,0.7253,0.5829,dependency_bottleneck,1
jiis_trace_0573,jiis_trace_0573_s3,3,evidence_retrieval,0.8591,0.8,0.3209,3,0.7595,0.8145,dependency_bottleneck,1
jiis_trace_0573,jiis_trace_0573_s4,4,relation_check,0.8978,0.7131,0.5935,2,0.7886,0.7844,clean,0
jiis_trace_0573,jiis_trace_0573_s5,5,conflict_check,0.8042,0.7928,0.4804,3,0.7097,0.8412,clean,0
jiis_trace_0573,jiis_trace_0573_s6,6,answer_synthesis,0.8873,0.8751,0.3109,2,0.7549,0.8032,clean,0
jiis_trace_0573,jiis_trace_0573_s7,7,query_decomposition,0.7384,0.7835,0.3743,2,0.8452,0.4766,clean,0
jiis_trace_0573,jiis_trace_0573_s8,8,entity_binding,0.8196,0.8383,0.0834,1,0.8756,0.8141,clean,0
jiis_trace_0573,jiis_trace_0573_s9,9,evidence_retrieval,0.9025,0.6861,0.3588,1,0.7523,0.6205,clean,0
jiis_trace_0574,jiis_trace_0574_s1,1,query_decomposition,0.7904,0.7801,0.142,3,0.563,0.7018,clean,0
jiis_trace_0574,jiis_trace_0574_s2,2,entity_binding,0.8688,0.8585,0.1287,2,0.7993,0.8665,clean,0
jiis_trace_0574,jiis_trace_0574_s3,3,evidence_retrieval,0.7739,0.6833,0.2104,0,0.7972,0.4406,clean,0
jiis_trace_0574,jiis_trace_0574_s4,4,relation_check,0.7865,0.6504,0.6061,1,0.677,0.6706,clean,0
jiis_trace_0574,jiis_trace_0574_s5,5,conflict_check,0.8472,0.7432,0.1942,0,0.2555,0.6205,temporal_conflict,1
jiis_trace_0574,jiis_trace_0574_s6,6,answer_synthesis,0.7382,0.7668,0.2756,0,0.6127,0.7778,clean,0
jiis_trace_0574,jiis_trace_0574_s7,7,query_decomposition,0.7761,0.8315,0.5157,3,0.8066,0.6019,clean,0
jiis_trace_0574,jiis_trace_0574_s8,8,entity_binding,0.8122,0.8764,0.211,2,0.6872,0.59,clean,0
jiis_trace_0574,jiis_trace_0574_s9,9,evidence_retrieval,0.848,0.8769,0.3143,3,0.5701,0.5479,clean,0
jiis_trace_0574,jiis_trace_0574_s10,10,relation_check,0.7819,0.6943,0.5171,2,0.6779,0.4636,clean,0
jiis_trace_0575,jiis_trace_0575_s1,1,query_decomposition,0.8312,0.8008,0.617,3,0.8858,0.312,clean,0
jiis_trace_0575,jiis_trace_0575_s2,2,entity_binding,0.3383,0.6619,0.2092,0,0.6645,0.3378,entity_binding_error,1
jiis_trace_0575,jiis_trace_0575_s3,3,evidence_retrieval,0.7249,0.8087,0.1292,2,0.758,0.3003,clean,0
jiis_trace_0575,jiis_trace_0575_s4,4,relation_check,0.7888,0.7864,0.2626,0,0.6811,0.5414,clean,0
jiis_trace_0575,jiis_trace_0575_s5,5,conflict_check,0.7403,0.8191,0.1072,3,0.5965,0.3161,clean,0
jiis_trace_0575,jiis_trace_0575_s6,6,answer_synthesis,0.8222,0.8968,0.5262,1,0.6351,0.4578,clean,0
jiis_trace_0576,jiis_trace_0576_s1,1,query_decomposition,0.7244,0.865,0.195,1,0.5738,0.8269,clean,0
jiis_trace_0576,jiis_trace_0576_s2,2,entity_binding,0.8258,0.7152,0.129,3,0.6686,0.2267,clean,0
jiis_trace_0576,jiis_trace_0576_s3,3,evidence_retrieval,0.7553,0.3197,0.2258,1,0.8032,0.7355,missing_evidence,1
jiis_trace_0576,jiis_trace_0576_s4,4,relation_check,0.881,0.6623,0.2715,3,0.882,0.8783,clean,0
jiis_trace_0576,jiis_trace_0576_s5,5,conflict_check,0.8985,0.6742,0.5869,2,0.7473,0.4336,clean,0
jiis_trace_0576,jiis_trace_0576_s6,6,answer_synthesis,0.7268,0.8581,0.1362,0,0.5814,0.7302,clean,0
jiis_trace_0576,jiis_trace_0576_s7,7,query_decomposition,0.8599,0.8343,0.1364,2,0.7851,0.5393,clean,0
jiis_trace_0577,jiis_trace_0577_s1,1,query_decomposition,0.8712,0.8902,0.3316,3,0.5837,0.8338,clean,0
jiis_trace_0577,jiis_trace_0577_s2,2,entity_binding,0.7835,0.7726,0.5981,2,0.8877,0.3039,clean,0
jiis_trace_0577,jiis_trace_0577_s3,3,evidence_retrieval,0.9003,0.7433,0.848,3,0.5746,0.2621,duplicate_support,1
jiis_trace_0577,jiis_trace_0577_s4,4,relation_check,0.9184,0.7772,0.8215,3,0.7629,0.3509,duplicate_support,1
jiis_trace_0577,jiis_trace_0577_s5,5,conflict_check,0.7768,0.8863,0.8361,2,0.6582,0.89,duplicate_support,1
jiis_trace_0577,jiis_trace_0577_s6,6,answer_synthesis,0.898,0.782,0.1661,3,0.647,0.5631,clean,0
jiis_trace_0577,jiis_trace_0577_s7,7,query_decomposition,0.8834,0.6386,0.5864,2,0.7774,0.7872,clean,0
jiis_trace_0577,jiis_trace_0577_s8,8,entity_binding,0.8601,0.7999,0.2465,2,0.8437,0.2906,clean,0
jiis_trace_0578,jiis_trace_0578_s1,1,query_decomposition,0.8014,0.8089,0.5828,1,0.7739,0.4292,clean,0
jiis_trace_0578,jiis_trace_0578_s2,2,entity_binding,0.8105,0.8,0.3064,3,0.8021,0.5367,dependency_bottleneck,1
jiis_trace_0578,jiis_trace_0578_s3,3,evidence_retrieval,0.7817,0.8,0.5584,3,0.7003,0.6795,dependency_bottleneck,1
jiis_trace_0578,jiis_trace_0578_s4,4,relation_check,0.8883,0.6748,0.0993,0,0.8112,0.7286,clean,0
jiis_trace_0578,jiis_trace_0578_s5,5,conflict_check,0.8334,0.7026,0.3226,0,0.8836,0.4846,clean,0
jiis_trace_0578,jiis_trace_0578_s6,6,answer_synthesis,0.7711,0.8787,0.4225,0,0.6811,0.682,clean,0
jiis_trace_0578,jiis_trace_0578_s7,7,query_decomposition,0.7876,0.8539,0.2782,2,0.6458,0.6218,clean,0
jiis_trace_0578,jiis_trace_0578_s8,8,entity_binding,0.8298,0.6269,0.1812,3,0.7426,0.5765,clean,0
jiis_trace_0578,jiis_trace_0578_s9,9,evidence_retrieval,0.8735,0.6989,0.479,1,0.7764,0.3658,clean,0
jiis_trace_0579,jiis_trace_0579_s1,1,query_decomposition,0.7552,0.8406,0.5805,3,0.7061,0.294,clean,0
jiis_trace_0579,jiis_trace_0579_s2,2,entity_binding,0.8642,0.8077,0.1501,3,0.6687,0.4347,clean,0
jiis_trace_0579,jiis_trace_0579_s3,3,evidence_retrieval,0.8017,0.8239,0.1156,2,0.7296,0.7529,clean,0
jiis_trace_0579,jiis_trace_0579_s4,4,relation_check,0.9065,0.6976,0.1304,2,0.8971,0.3361,clean,0
jiis_trace_0579,jiis_trace_0579_s5,5,conflict_check,0.8913,0.8089,0.3793,1,0.2304,0.5986,temporal_conflict,1
jiis_trace_0579,jiis_trace_0579_s6,6,answer_synthesis,0.8513,0.7632,0.356,1,0.6678,0.6287,clean,0
jiis_trace_0579,jiis_trace_0579_s7,7,query_decomposition,0.9074,0.8337,0.5437,1,0.827,0.864,clean,0
jiis_trace_0579,jiis_trace_0579_s8,8,entity_binding,0.7497,0.8204,0.5111,0,0.8024,0.3339,clean,0
jiis_trace_0579,jiis_trace_0579_s9,9,evidence_retrieval,0.7655,0.7176,0.2836,2,0.6721,0.5002,clean,0
jiis_trace_0579,jiis_trace_0579_s10,10,relation_check,0.8764,0.758,0.4525,3,0.8511,0.881,clean,0
jiis_trace_0580,jiis_trace_0580_s1,1,query_decomposition,0.8345,0.6706,0.5301,3,0.7427,0.6541,clean,0
jiis_trace_0580,jiis_trace_0580_s2,2,entity_binding,0.2829,0.7966,0.2987,0,0.7546,0.6234,entity_binding_error,1
jiis_trace_0580,jiis_trace_0580_s3,3,evidence_retrieval,0.9068,0.7861,0.1739,3,0.7674,0.8646,clean,0
jiis_trace_0580,jiis_trace_0580_s4,4,relation_check,0.7504,0.8888,0.5582,3,0.7475,0.674,clean,0
jiis_trace_0580,jiis_trace_0580_s5,5,conflict_check,0.7251,0.6711,0.5597,2,0.8931,0.5319,clean,0
jiis_trace_0580,jiis_trace_0580_s6,6,answer_synthesis,0.7945,0.8999,0.2375,2,0.5935,0.5302,clean,0
jiis_trace_0581,jiis_trace_0581_s1,1,query_decomposition,0.7884,0.6546,0.1771,2,0.779,0.7592,clean,0
jiis_trace_0581,jiis_trace_0581_s2,2,entity_binding,0.7905,0.7509,0.4651,1,0.6245,0.5995,clean,0
jiis_trace_0581,jiis_trace_0581_s3,3,evidence_retrieval,0.7502,0.3326,0.6142,1,0.8671,0.5669,missing_evidence,1
jiis_trace_0581,jiis_trace_0581_s4,4,relation_check,0.7325,0.7717,0.2266,1,0.794,0.6318,clean,0
jiis_trace_0581,jiis_trace_0581_s5,5,conflict_check,0.8991,0.7216,0.4071,1,0.8755,0.5443,clean,0
jiis_trace_0581,jiis_trace_0581_s6,6,answer_synthesis,0.7201,0.8341,0.2255,0,0.8513,0.3307,clean,0
jiis_trace_0581,jiis_trace_0581_s7,7,query_decomposition,0.839,0.7868,0.4936,2,0.749,0.6174,clean,0
jiis_trace_0582,jiis_trace_0582_s1,1,query_decomposition,0.8352,0.7344,0.1585,1,0.7195,0.5142,clean,0
jiis_trace_0582,jiis_trace_0582_s2,2,entity_binding,0.8676,0.6683,0.1274,0,0.7198,0.4044,clean,0
jiis_trace_0582,jiis_trace_0582_s3,3,evidence_retrieval,0.8202,0.7801,0.8454,2,0.8617,0.283,duplicate_support,1
jiis_trace_0582,jiis_trace_0582_s4,4,relation_check,0.8203,0.8301,0.8594,2,0.6788,0.2234,duplicate_support,1
jiis_trace_0582,jiis_trace_0582_s5,5,conflict_check,0.8206,0.6403,0.8594,0,0.5563,0.8593,duplicate_support,1
jiis_trace_0582,jiis_trace_0582_s6,6,answer_synthesis,0.835,0.6908,0.1036,1,0.7988,0.8119,clean,0
jiis_trace_0582,jiis_trace_0582_s7,7,query_decomposition,0.7692,0.8454,0.4495,2,0.7026,0.6282,clean,0
jiis_trace_0582,jiis_trace_0582_s8,8,entity_binding,0.7227,0.6615,0.1909,0,0.8995,0.5668,clean,0
jiis_trace_0583,jiis_trace_0583_s1,1,query_decomposition,0.7563,0.7885,0.4062,2,0.5718,0.7942,clean,0
jiis_trace_0583,jiis_trace_0583_s2,2,entity_binding,0.9091,0.8,0.3032,3,0.812,0.6589,dependency_bottleneck,1
jiis_trace_0583,jiis_trace_0583_s3,3,evidence_retrieval,0.7939,0.8,0.2712,3,0.7267,0.8693,dependency_bottleneck,1
jiis_trace_0583,jiis_trace_0583_s4,4,relation_check,0.8935,0.7194,0.2329,1,0.7386,0.2278,clean,0
jiis_trace_0583,jiis_trace_0583_s5,5,conflict_check,0.8357,0.7788,0.1269,2,0.7718,0.6981,clean,0
jiis_trace_0583,jiis_trace_0583_s6,6,answer_synthesis,0.8596,0.7281,0.5644,0,0.7848,0.8016,clean,0
jiis_trace_0583,jiis_trace_0583_s7,7,query_decomposition,0.915,0.8095,0.2865,3,0.8987,0.8417,clean,0
jiis_trace_0583,jiis_trace_0583_s8,8,entity_binding,0.8436,0.7625,0.3984,1,0.8193,0.8323,clean,0
jiis_trace_0583,jiis_trace_0583_s9,9,evidence_retrieval,0.8597,0.7956,0.4418,2,0.7985,0.6329,clean,0
jiis_trace_0584,jiis_trace_0584_s1,1,query_decomposition,0.7711,0.6729,0.2954,3,0.6082,0.8342,clean,0
jiis_trace_0584,jiis_trace_0584_s2,2,entity_binding,0.7659,0.7019,0.373,3,0.6602,0.2292,clean,0
jiis_trace_0584,jiis_trace_0584_s3,3,evidence_retrieval,0.8983,0.7015,0.4638,0,0.8692,0.4001,clean,0
jiis_trace_0584,jiis_trace_0584_s4,4,relation_check,0.7526,0.893,0.4618,0,0.8403,0.6254,clean,0
jiis_trace_0584,jiis_trace_0584_s5,5,conflict_check,0.8651,0.6871,0.5178,3,0.276,0.5074,temporal_conflict,1
jiis_trace_0584,jiis_trace_0584_s6,6,answer_synthesis,0.7489,0.6381,0.5417,2,0.8578,0.8683,clean,0
jiis_trace_0584,jiis_trace_0584_s7,7,query_decomposition,0.8279,0.6569,0.3988,0,0.8675,0.8379,clean,0
jiis_trace_0584,jiis_trace_0584_s8,8,entity_binding,0.913,0.8371,0.2039,3,0.6333,0.2829,clean,0
jiis_trace_0584,jiis_trace_0584_s9,9,evidence_retrieval,0.7223,0.7966,0.6009,3,0.6514,0.7683,clean,0
jiis_trace_0584,jiis_trace_0584_s10,10,relation_check,0.8995,0.7607,0.1552,3,0.6651,0.8624,clean,0
jiis_trace_0585,jiis_trace_0585_s1,1,query_decomposition,0.7658,0.7895,0.3476,0,0.7432,0.8275,clean,0
jiis_trace_0585,jiis_trace_0585_s2,2,entity_binding,0.3301,0.6915,0.5794,2,0.6571,0.7613,entity_binding_error,1
jiis_trace_0585,jiis_trace_0585_s3,3,evidence_retrieval,0.911,0.6402,0.2538,1,0.7802,0.5498,clean,0
jiis_trace_0585,jiis_trace_0585_s4,4,relation_check,0.7737,0.8634,0.5039,3,0.6882,0.6443,clean,0
jiis_trace_0585,jiis_trace_0585_s5,5,conflict_check,0.788,0.6776,0.3214,0,0.8488,0.5035,clean,0
jiis_trace_0585,jiis_trace_0585_s6,6,answer_synthesis,0.7303,0.6245,0.22,2,0.6622,0.3874,clean,0
jiis_trace_0586,jiis_trace_0586_s1,1,query_decomposition,0.8814,0.7162,0.6282,0,0.579,0.8389,clean,0
jiis_trace_0586,jiis_trace_0586_s2,2,entity_binding,0.8226,0.7353,0.4762,3,0.8231,0.3941,clean,0
jiis_trace_0586,jiis_trace_0586_s3,3,evidence_retrieval,0.8339,0.3582,0.1758,1,0.5611,0.711,missing_evidence,1
jiis_trace_0586,jiis_trace_0586_s4,4,relation_check,0.846,0.6227,0.2814,3,0.7899,0.3574,clean,0
jiis_trace_0586,jiis_trace_0586_s5,5,conflict_check,0.7785,0.8485,0.1681,2,0.5742,0.4519,clean,0
jiis_trace_0586,jiis_trace_0586_s6,6,answer_synthesis,0.8442,0.6472,0.1162,3,0.6427,0.3497,clean,0
jiis_trace_0586,jiis_trace_0586_s7,7,query_decomposition,0.7285,0.7936,0.1799,1,0.8911,0.5808,clean,0
jiis_trace_0587,jiis_trace_0587_s1,1,query_decomposition,0.7427,0.6983,0.3357,1,0.8218,0.59,clean,0
jiis_trace_0587,jiis_trace_0587_s2,2,entity_binding,0.7853,0.6208,0.1673,1,0.646,0.4947,clean,0
jiis_trace_0587,jiis_trace_0587_s3,3,evidence_retrieval,0.9116,0.7689,0.8382,0,0.698,0.8413,duplicate_support,1
jiis_trace_0587,jiis_trace_0587_s4,4,relation_check,0.7871,0.8016,0.8376,2,0.5734,0.6102,duplicate_support,1
jiis_trace_0587,jiis_trace_0587_s5,5,conflict_check,0.7356,0.7388,0.8483,3,0.8737,0.4841,duplicate_support,1
jiis_trace_0587,jiis_trace_0587_s6,6,answer_synthesis,0.7248,0.8488,0.1052,3,0.8202,0.578,clean,0
jiis_trace_0587,jiis_trace_0587_s7,7,query_decomposition,0.8663,0.727,0.4369,3,0.7672,0.3301,clean,0
jiis_trace_0587,jiis_trace_0587_s8,8,entity_binding,0.7202,0.8259,0.267,0,0.6531,0.6083,clean,0
jiis_trace_0588,jiis_trace_0588_s1,1,query_decomposition,0.8721,0.8866,0.5114,3,0.8905,0.2312,clean,0
jiis_trace_0588,jiis_trace_0588_s2,2,entity_binding,0.7383,0.8578,0.5301,3,0.5521,0.5273,dependency_bottleneck,1
jiis_trace_0588,jiis_trace_0588_s3,3,evidence_retrieval,0.7969,0.8543,0.3593,3,0.5901,0.7228,dependency_bottleneck,1
jiis_trace_0588,jiis_trace_0588_s4,4,relation_check,0.8512,0.7328,0.2667,2,0.8781,0.7829,clean,0
jiis_trace_0588,jiis_trace_0588_s5,5,conflict_check,0.8342,0.8735,0.517,2,0.7872,0.7392,clean,0
jiis_trace_0588,jiis_trace_0588_s6,6,answer_synthesis,0.782,0.7839,0.1853,0,0.6602,0.4294,clean,0
jiis_trace_0588,jiis_trace_0588_s7,7,query_decomposition,0.7565,0.8949,0.5113,3,0.7902,0.6917,clean,0
jiis_trace_0588,jiis_trace_0588_s8,8,entity_binding,0.798,0.8334,0.4162,0,0.6013,0.5753,clean,0
jiis_trace_0588,jiis_trace_0588_s9,9,evidence_retrieval,0.738,0.7231,0.0914,1,0.7053,0.3612,clean,0
jiis_trace_0589,jiis_trace_0589_s1,1,query_decomposition,0.8354,0.8929,0.2576,1,0.7224,0.6738,clean,0
jiis_trace_0589,jiis_trace_0589_s2,2,entity_binding,0.8972,0.8171,0.603,0,0.8625,0.2517,clean,0
jiis_trace_0589,jiis_trace_0589_s3,3,evidence_retrieval,0.79,0.8249,0.5277,2,0.7052,0.5108,clean,0
jiis_trace_0589,jiis_trace_0589_s4,4,relation_check,0.9006,0.883,0.4107,0,0.6984,0.6115,clean,0
jiis_trace_0589,jiis_trace_0589_s5,5,conflict_check,0.8562,0.8998,0.1477,1,0.2497,0.5694,temporal_conflict,1
jiis_trace_0589,jiis_trace_0589_s6,6,answer_synthesis,0.7944,0.6568,0.5099,2,0.8491,0.6703,clean,0
jiis_trace_0589,jiis_trace_0589_s7,7,query_decomposition,0.736,0.7172,0.125,1,0.6421,0.5085,clean,0
jiis_trace_0589,jiis_trace_0589_s8,8,entity_binding,0.7383,0.7511,0.0927,0,0.7683,0.5085,clean,0
jiis_trace_0589,jiis_trace_0589_s9,9,evidence_retrieval,0.7412,0.684,0.3734,1,0.8411,0.6115,clean,0
jiis_trace_0589,jiis_trace_0589_s10,10,relation_check,0.8124,0.7937,0.4371,3,0.6173,0.4543,clean,0
jiis_trace_0590,jiis_trace_0590_s1,1,query_decomposition,0.732,0.7211,0.2738,3,0.7418,0.569,clean,0
jiis_trace_0590,jiis_trace_0590_s2,2,entity_binding,0.2894,0.6715,0.2083,0,0.83,0.4042,entity_binding_error,1
jiis_trace_0590,jiis_trace_0590_s3,3,evidence_retrieval,0.7642,0.6261,0.3308,3,0.6927,0.5566,clean,0
jiis_trace_0590,jiis_trace_0590_s4,4,relation_check,0.8497,0.8806,0.1072,0,0.6882,0.6139,clean,0
jiis_trace_0590,jiis_trace_0590_s5,5,conflict_check,0.83,0.7854,0.1558,3,0.8845,0.4102,clean,0
jiis_trace_0590,jiis_trace_0590_s6,6,answer_synthesis,0.8853,0.7672,0.4979,0,0.6053,0.2343,clean,0
jiis_trace_0591,jiis_trace_0591_s1,1,query_decomposition,0.8554,0.8009,0.3782,0,0.6963,0.2536,clean,0
jiis_trace_0591,jiis_trace_0591_s2,2,entity_binding,0.8065,0.8908,0.5461,0,0.8981,0.3521,clean,0
jiis_trace_0591,jiis_trace_0591_s3,3,evidence_retrieval,0.8465,0.3461,0.3599,3,0.8042,0.5666,missing_evidence,1
jiis_trace_0591,jiis_trace_0591_s4,4,relation_check,0.7484,0.7012,0.1106,3,0.7051,0.5874,clean,0
jiis_trace_0591,jiis_trace_0591_s5,5,conflict_check,0.774,0.7779,0.1056,0,0.747,0.8148,clean,0
jiis_trace_0591,jiis_trace_0591_s6,6,answer_synthesis,0.7488,0.7412,0.2166,1,0.8871,0.6464,clean,0
jiis_trace_0591,jiis_trace_0591_s7,7,query_decomposition,0.7347,0.7374,0.6271,1,0.7467,0.3753,clean,0
jiis_trace_0592,jiis_trace_0592_s1,1,query_decomposition,0.7311,0.7839,0.398,3,0.8916,0.3026,clean,0
jiis_trace_0592,jiis_trace_0592_s2,2,entity_binding,0.8832,0.8115,0.5832,1,0.5956,0.2811,clean,0
jiis_trace_0592,jiis_trace_0592_s3,3,evidence_retrieval,0.749,0.7261,0.8279,0,0.8704,0.6153,duplicate_support,1
jiis_trace_0592,jiis_trace_0592_s4,4,relation_check,0.7745,0.7306,0.8273,3,0.5634,0.464,duplicate_support,1
jiis_trace_0592,jiis_trace_0592_s5,5,conflict_check,0.815,0.8515,0.8378,1,0.8788,0.7848,duplicate_support,1
jiis_trace_0592,jiis_trace_0592_s6,6,answer_synthesis,0.8441,0.8987,0.3099,0,0.6934,0.8511,clean,0
jiis_trace_0592,jiis_trace_0592_s7,7,query_decomposition,0.8094,0.6663,0.3073,3,0.8875,0.5196,clean,0
jiis_trace_0592,jiis_trace_0592_s8,8,entity_binding,0.7707,0.8134,0.1618,3,0.5773,0.3325,clean,0
jiis_trace_0593,jiis_trace_0593_s1,1,query_decomposition,0.9047,0.8096,0.4935,1,0.7284,0.8805,clean,0
jiis_trace_0593,jiis_trace_0593_s2,2,entity_binding,0.8266,0.8,0.4516,3,0.8988,0.5499,dependency_bottleneck,1
jiis_trace_0593,jiis_trace_0593_s3,3,evidence_retrieval,0.8578,0.8728,0.4709,3,0.7254,0.2048,dependency_bottleneck,1
jiis_trace_0593,jiis_trace_0593_s4,4,relation_check,0.8713,0.6977,0.1794,0,0.7791,0.3984,clean,0
jiis_trace_0593,jiis_trace_0593_s5,5,conflict_check,0.7767,0.8622,0.4224,0,0.7592,0.4891,clean,0
jiis_trace_0593,jiis_trace_0593_s6,6,answer_synthesis,0.7238,0.8655,0.3976,2,0.6361,0.2907,clean,0
jiis_trace_0593,jiis_trace_0593_s7,7,query_decomposition,0.7972,0.878,0.1677,3,0.578,0.8665,clean,0
jiis_trace_0593,jiis_trace_0593_s8,8,entity_binding,0.7584,0.8732,0.4611,1,0.7228,0.8983,clean,0
jiis_trace_0593,jiis_trace_0593_s9,9,evidence_retrieval,0.75,0.8539,0.3215,2,0.848,0.8804,clean,0
jiis_trace_0594,jiis_trace_0594_s1,1,query_decomposition,0.7815,0.7855,0.5542,1,0.7653,0.641,clean,0
jiis_trace_0594,jiis_trace_0594_s2,2,entity_binding,0.8565,0.7904,0.2788,0,0.5511,0.357,clean,0
jiis_trace_0594,jiis_trace_0594_s3,3,evidence_retrieval,0.9106,0.8751,0.1138,2,0.8234,0.5914,clean,0
jiis_trace_0594,jiis_trace_0594_s4,4,relation_check,0.9095,0.7811,0.3605,2,0.8255,0.5745,clean,0
jiis_trace_0594,jiis_trace_0594_s5,5,conflict_check,0.8248,0.6616,0.388,0,0.2363,0.6243,temporal_conflict,1
jiis_trace_0594,jiis_trace_0594_s6,6,answer_synthesis,0.8288,0.8413,0.2834,3,0.7208,0.5657,clean,0
jiis_trace_0594,jiis_trace_0594_s7,7,query_decomposition,0.8936,0.6403,0.2978,2,0.5823,0.322,clean,0
jiis_trace_0594,jiis_trace_0594_s8,8,entity_binding,0.7933,0.6685,0.1371,3,0.5571,0.4128,clean,0
jiis_trace_0594,jiis_trace_0594_s9,9,evidence_retrieval,0.8084,0.6913,0.3878,3,0.8351,0.4358,clean,0
jiis_trace_0594,jiis_trace_0594_s10,10,relation_check,0.7886,0.8496,0.3084,1,0.7598,0.7259,clean,0
jiis_trace_0595,jiis_trace_0595_s1,1,query_decomposition,0.8799,0.6327,0.1249,3,0.8891,0.398,clean,0
jiis_trace_0595,jiis_trace_0595_s2,2,entity_binding,0.3076,0.7022,0.1589,0,0.6933,0.7285,entity_binding_error,1
jiis_trace_0595,jiis_trace_0595_s3,3,evidence_retrieval,0.742,0.8237,0.1435,0,0.568,0.5592,clean,0
jiis_trace_0595,jiis_trace_0595_s4,4,relation_check,0.7317,0.8341,0.3737,3,0.5877,0.6985,clean,0
jiis_trace_0595,jiis_trace_0595_s5,5,conflict_check,0.8792,0.7044,0.0994,0,0.7589,0.5394,clean,0
jiis_trace_0595,jiis_trace_0595_s6,6,answer_synthesis,0.7496,0.7705,0.3664,0,0.6343,0.3531,clean,0
jiis_trace_0596,jiis_trace_0596_s1,1,query_decomposition,0.9129,0.7367,0.2466,3,0.6637,0.2145,clean,0
jiis_trace_0596,jiis_trace_0596_s2,2,entity_binding,0.8335,0.7309,0.6101,2,0.8484,0.2773,clean,0
jiis_trace_0596,jiis_trace_0596_s3,3,evidence_retrieval,0.7709,0.3001,0.1535,3,0.7362,0.4739,missing_evidence,1
jiis_trace_0596,jiis_trace_0596_s4,4,relation_check,0.9167,0.6509,0.5316,2,0.6513,0.7794,clean,0
jiis_trace_0596,jiis_trace_0596_s5,5,conflict_check,0.9099,0.8545,0.0804,0,0.5967,0.4718,clean,0
jiis_trace_0596,jiis_trace_0596_s6,6,answer_synthesis,0.7973,0.8836,0.4989,2,0.8152,0.4606,clean,0
jiis_trace_0596,jiis_trace_0596_s7,7,query_decomposition,0.7498,0.7355,0.1978,3,0.7363,0.53,clean,0
jiis_trace_0597,jiis_trace_0597_s1,1,query_decomposition,0.7851,0.816,0.1238,2,0.6011,0.6563,clean,0
jiis_trace_0597,jiis_trace_0597_s2,2,entity_binding,0.8581,0.627,0.1388,2,0.7979,0.543,clean,0
jiis_trace_0597,jiis_trace_0597_s3,3,evidence_retrieval,0.8236,0.6643,0.8469,0,0.7705,0.4184,duplicate_support,1
jiis_trace_0597,jiis_trace_0597_s4,4,relation_check,0.8283,0.7819,0.8383,3,0.6783,0.2757,duplicate_support,1
jiis_trace_0597,jiis_trace_0597_s5,5,conflict_check,0.7696,0.7257,0.8355,1,0.552,0.2365,duplicate_support,1
jiis_trace_0597,jiis_trace_0597_s6,6,answer_synthesis,0.846,0.7222,0.4573,3,0.5908,0.7498,clean,0
jiis_trace_0597,jiis_trace_0597_s7,7,query_decomposition,0.8286,0.8127,0.1583,0,0.5661,0.5533,clean,0
jiis_trace_0597,jiis_trace_0597_s8,8,entity_binding,0.7488,0.6818,0.1479,2,0.7005,0.8365,clean,0
jiis_trace_0598,jiis_trace_0598_s1,1,query_decomposition,0.8917,0.8937,0.1635,2,0.7857,0.3006,clean,0
jiis_trace_0598,jiis_trace_0598_s2,2,entity_binding,0.7565,0.8,0.3475,3,0.7995,0.6629,dependency_bottleneck,1
jiis_trace_0598,jiis_trace_0598_s3,3,evidence_retrieval,0.8216,0.8091,0.2109,3,0.8516,0.6115,dependency_bottleneck,1
jiis_trace_0598,jiis_trace_0598_s4,4,relation_check,0.7665,0.6604,0.6013,3,0.7272,0.5644,clean,0
jiis_trace_0598,jiis_trace_0598_s5,5,conflict_check,0.7647,0.7124,0.3553,1,0.8409,0.7499,clean,0
jiis_trace_0598,jiis_trace_0598_s6,6,answer_synthesis,0.8786,0.7216,0.2207,3,0.6408,0.7611,clean,0
jiis_trace_0598,jiis_trace_0598_s7,7,query_decomposition,0.8287,0.7283,0.1843,2,0.7979,0.7946,clean,0
jiis_trace_0598,jiis_trace_0598_s8,8,entity_binding,0.8648,0.7319,0.4174,3,0.7683,0.462,clean,0
jiis_trace_0598,jiis_trace_0598_s9,9,evidence_retrieval,0.7909,0.805,0.1133,1,0.8372,0.7498,clean,0
jiis_trace_0599,jiis_trace_0599_s1,1,query_decomposition,0.7617,0.6243,0.5636,3,0.672,0.5064,clean,0
jiis_trace_0599,jiis_trace_0599_s2,2,entity_binding,0.8355,0.7154,0.6286,3,0.8164,0.5444,clean,0
jiis_trace_0599,jiis_trace_0599_s3,3,evidence_retrieval,0.8174,0.6959,0.1085,1,0.6628,0.5925,clean,0
jiis_trace_0599,jiis_trace_0599_s4,4,relation_check,0.8621,0.8714,0.3587,0,0.868,0.6935,clean,0
jiis_trace_0599,jiis_trace_0599_s5,5,conflict_check,0.8532,0.8501,0.1164,0,0.2735,0.8151,temporal_conflict,1
jiis_trace_0599,jiis_trace_0599_s6,6,answer_synthesis,0.7358,0.755,0.6259,2,0.831,0.307,clean,0
jiis_trace_0599,jiis_trace_0599_s7,7,query_decomposition,0.8704,0.7488,0.3109,0,0.6595,0.619,clean,0
jiis_trace_0599,jiis_trace_0599_s8,8,entity_binding,0.8266,0.6999,0.3994,1,0.7539,0.5013,clean,0
jiis_trace_0599,jiis_trace_0599_s9,9,evidence_retrieval,0.8765,0.8315,0.1679,1,0.568,0.6332,clean,0
jiis_trace_0599,jiis_trace_0599_s10,10,relation_check,0.7733,0.6724,0.4302,2,0.6935,0.7665,clean,0
